Date,High,Low,Open,Close,Volume,Adj Close
1999-03-10,51.15625,50.28125,51.125,51.0625,5232000.0,44.60090637207031
1999-03-11,51.734375,50.3125,51.4375,51.3125,9688600.0,44.81925964355469
1999-03-12,51.15625,49.65625,51.125,50.0625,8743600.0,43.72743606567383
1999-03-15,51.5625,49.90625,50.4375,51.5,6369000.0,44.9830322265625
1999-03-16,52.15625,51.15625,51.71875,51.9375,4905800.0,45.365169525146484
1999-03-17,52.0,51.40625,51.9375,51.5625,3965000.0,45.03763198852539
1999-03-18,52.59375,51.484375,51.5,52.5625,4848400.0,45.91107940673828
1999-03-19,53.25,51.1875,53.25,51.21875,7160400.0,44.73736572265625
1999-03-22,51.5625,50.5,51.4375,50.59375,5024800.0,44.191463470458984
1999-03-23,50.5,48.71875,50.3125,48.8125,10962400.0,42.6356201171875
1999-03-24,50.5,48.5,49.25,50.46875,8447000.0,44.08229446411133
1999-03-25,52.3125,50.9140625,51.25,52.3125,8133800.0,45.69272232055664
1999-03-26,52.46875,51.53125,51.875,51.75,8256200.0,45.20138931274414
1999-03-29,53.65625,52.0625,52.375,53.625,5113800.0,46.83912658691406
1999-03-30,54.0,53.03125,53.5625,53.25,4940600.0,46.511573791503906
1999-03-31,54.1875,52.3125,54.125,52.46875,8256600.0,45.82919692993164
1999-04-01,54.0625,52.6875,54.0,53.5625,8715800.0,46.784549713134766
1999-04-05,55.578125,54.09375,54.4296875,55.5,5697200.0,48.47684097290039
1999-04-06,56.21875,54.96875,55.4375,55.609375,7522400.0,48.57238006591797
1999-04-07,56.25,53.84375,56.125,55.03125,11923600.0,48.06743240356445
1999-04-08,55.734375,53.8125,54.9375,55.46875,7952400.0,48.449562072753906
1999-04-09,55.9375,55.21875,55.375,55.8125,4946800.0,48.74980926513672
1999-04-12,55.8125,54.4375,54.5,55.4375,10934000.0,48.422279357910156
1999-04-13,55.90625,54.25,55.78125,54.6875,9962200.0,47.76716995239258
1999-04-14,55.4375,52.5078125,55.375,52.8125,21253800.0,46.12946319580078
1999-04-15,53.6171875,51.125,53.0,53.53125,17650600.0,46.75725555419922
1999-04-16,53.40625,51.6875,53.40625,51.96875,17274000.0,45.3924674987793
1999-04-19,52.75,49.0078125,52.3125,49.53125,19460600.0,43.263423919677734
1999-04-20,51.0625,48.84375,49.3125,50.65625,17413600.0,44.24604415893555
1999-04-21,53.1875,50.4375,51.125,53.15625,10940400.0,46.42970657348633
1999-04-22,54.75,53.3046875,53.65625,54.59375,13630600.0,47.685279846191406
1999-04-23,55.71875,53.75,54.3125,55.3125,7064400.0,48.31309509277344
1999-04-26,57.0,55.5078125,55.6875,56.5859375,5421000.0,49.425392150878906
1999-04-27,57.28125,55.0078125,57.0,55.71875,16482800.0,48.66792678833008
1999-04-28,55.4375,53.5703125,55.25,53.8125,7676800.0,47.002899169921875
1999-04-29,53.875,52.25,53.5625,53.375,19148200.0,46.62076950073242
1999-04-30,54.40625,51.8125,54.125,53.71875,15295200.0,46.92101287841797
1999-05-03,53.78125,52.5390625,53.5625,53.4375,11109800.0,46.67536163330078
1999-05-04,54.375,52.28125,53.53125,52.59375,15428400.0,45.93836975097656
1999-05-05,54.1875,51.03125,52.625,54.1875,12642600.0,47.33045196533203
1999-05-06,54.15625,51.71875,53.6875,52.21875,15173400.0,45.610843658447266
1999-05-07,53.125,51.5625,52.6875,52.96875,16430400.0,46.26591110229492
1999-05-10,53.859375,52.6875,53.3125,53.5,10604200.0,46.729942321777344
1999-05-11,54.625,53.625,53.9375,54.34375,8800800.0,47.46692657470703
1999-05-12,55.65625,53.0,54.59375,55.46875,12507400.0,48.449562072753906
1999-05-13,56.0,54.1875,55.90625,54.4375,9864000.0,47.54881286621094
1999-05-14,54.0,53.0,53.375,53.40625,12205400.0,46.64805603027344
1999-05-17,54.53125,52.4140625,52.9375,54.3671875,9906800.0,47.487403869628906
1999-05-18,54.625,53.5,54.3125,54.125,9267800.0,47.27585220336914
1999-05-19,54.90625,53.5,54.34375,54.875,7985600.0,47.93095397949219
1999-05-20,54.9921875,53.28125,54.9921875,53.3671875,5997200.0,46.61394119262695
1999-05-21,53.6875,52.59375,53.53125,52.875,10958600.0,46.184051513671875
1999-05-24,53.0625,51.1875,52.96875,51.53125,9569800.0,45.01032638549805
1999-05-25,52.21875,49.625,51.46875,49.84375,17771200.0,43.536376953125
1999-05-26,51.4375,48.9375,50.5,51.234375,26772000.0,44.75101852416992
1999-05-27,51.9296875,50.375,51.03125,51.1875,23334800.0,44.7100715637207
1999-05-28,52.3125,50.84375,51.5,52.03125,12969800.0,45.44706344604492
1999-06-01,52.1875,50.59375,51.9375,50.875,6960200.0,44.437110900878906
1999-06-02,52.0,49.5703125,50.84375,51.734375,11996600.0,45.1877555847168
1999-06-03,52.125,50.6875,52.125,51.0,11147800.0,44.54628372192383
1999-06-04,52.7421875,51.375,51.375,52.5625,12987200.0,45.91107940673828
1999-06-07,53.9921875,52.8125,52.9296875,53.65625,11491800.0,46.866424560546875
1999-06-08,54.03125,52.0390625,53.78125,52.3125,8134800.0,45.69272232055664
1999-06-09,53.3359375,52.46875,52.5,53.1875,8384400.0,46.456993103027344
1999-06-10,52.9375,51.9453125,52.625,52.578125,9392400.0,45.92472839355469
1999-06-11,52.9921875,51.3125,52.9375,51.78125,16567600.0,45.22868728637695
1999-06-14,51.96875,50.6875,51.96875,50.8046875,14136800.0,44.37570571899414
1999-06-15,51.8671875,50.78125,50.9296875,51.5625,9147800.0,45.03763198852539
1999-06-16,54.2109375,52.78125,52.84375,54.2109375,15060200.0,47.350921630859375
1999-06-17,55.0625,53.5,53.5,54.8125,16278200.0,47.87635803222656
1999-06-18,55.21875,54.21875,54.3125,55.0625,5392800.0,48.0947265625
1999-06-21,56.7421875,55.34375,55.4375,56.7109375,10565200.0,49.53456115722656
1999-06-22,57.09375,55.0,56.375,55.0,10862800.0,48.040130615234375
1999-06-23,56.0,54.65625,55.0078125,55.8671875,9607000.0,48.79759979248047
1999-06-24,55.875,54.5,55.84375,54.7578125,14988800.0,47.8286018371582
1999-06-25,55.5625,54.1875,55.125,54.6875,8635600.0,47.76716995239258
1999-06-28,56.0625,54.703125,55.15625,55.984375,7666200.0,48.899932861328125
1999-06-29,56.96875,55.65625,55.9375,56.75,9000400.0,49.56867980957031
1999-06-30,59.9375,56.1328125,56.8046875,57.625,19467600.0,50.332977294921875
1999-07-01,58.34375,56.8125,57.8125,58.015625,6822600.0,50.67413330078125
1999-07-02,58.8125,58.0,58.0,58.75,3302000.0,51.31560516357422
1999-07-06,59.65625,58.0625,59.0625,58.375,8794800.0,50.98805236816406
1999-07-07,58.71875,57.9375,58.34375,58.46875,10520000.0,51.06993865966797
1999-07-08,59.4921875,58.1875,58.46875,59.25,11225000.0,51.7523307800293
1999-07-09,59.90625,59.03125,59.46875,59.84375,4206800.0,52.27091598510742
1999-07-12,60.375,59.1875,60.0625,59.53125,7816200.0,51.99797821044922
1999-07-13,59.46875,58.78125,59.25,59.25,6230000.0,51.7523307800293
1999-07-14,60.375,59.0,59.84375,60.2578125,6909400.0,52.632598876953125
1999-07-15,60.8125,60.1328125,60.46875,60.8125,6539800.0,53.11710739135742
1999-07-16,61.71875,60.8203125,60.84375,61.375,4913800.0,53.608428955078125
1999-07-19,61.625,60.5078125,61.625,60.75,6833000.0,53.0625114440918
1999-07-20,60.09375,58.25,60.0078125,58.40625,14837400.0,51.015350341796875
1999-07-21,59.1953125,58.0625,58.53125,58.6875,10980400.0,51.260990142822266
1999-07-22,58.6875,57.03125,58.6875,57.1953125,15148400.0,49.95764923095703
1999-07-23,57.8671875,56.6875,57.625,57.28125,12115000.0,50.032711029052734
1999-07-26,57.125,55.78125,56.5,55.875,10720000.0,48.80442428588867
1999-07-27,57.875,56.515625,57.0,57.0,13732800.0,49.78704833984375
1999-07-28,58.4375,56.9453125,57.6875,58.1171875,10161800.0,50.76285934448242
1999-07-29,57.5,56.3125,57.03125,56.875,13033800.0,49.67786407470703
1999-07-30,57.75,56.5078125,57.125,56.59375,10947400.0,49.43220901489258
1999-08-02,57.8125,56.21875,56.6875,56.4375,9642400.0,49.29572296142578
1999-08-03,57.21875,55.25,57.2109375,56.0703125,13005000.0,48.97501754760742
1999-08-04,56.4921875,55.0078125,56.0703125,55.0546875,13227600.0,48.08790588378906
1999-08-05,55.9296875,53.75,55.0625,55.9296875,18695200.0,48.852176666259766
1999-08-06,56.5625,54.9375,55.53125,55.328125,12392200.0,48.326751708984375
1999-08-09,55.6875,54.5078125,55.53125,54.6171875,7983400.0,47.70576477050781
1999-08-10,54.8671875,52.9375,54.46875,54.125,16767200.0,47.27585220336914
1999-08-11,56.0,54.265625,55.09375,55.90625,13101400.0,48.83170700073242
1999-08-12,56.5,55.125,56.125,55.25,12715000.0,48.25849533081055
1999-08-13,57.71875,56.3125,56.40625,57.65625,14342600.0,50.36025619506836
1999-08-16,58.3125,57.25,57.625,58.1171875,11470600.0,50.76285934448242
1999-08-17,58.6875,57.34375,58.625,58.40625,11408400.0,51.015350341796875
1999-08-18,58.84375,57.53125,58.125,57.75,7035200.0,50.442138671875
1999-08-19,57.625,56.6953125,57.21875,57.0625,10157800.0,49.84163284301758
1999-08-20,57.96875,56.8125,57.125,57.96875,6920800.0,50.63321304321289
1999-08-23,59.8125,58.3671875,58.5,59.8125,9652000.0,52.243621826171875
1999-08-24,60.875,59.2578125,59.375,60.21875,13891400.0,52.59849166870117
1999-08-25,61.75,59.9375,60.59375,61.5,11352000.0,53.717620849609375
1999-08-26,61.71875,60.3828125,61.5,60.4765625,9753000.0,52.823673248291016
1999-08-27,60.9375,59.71875,60.9296875,59.875,9635400.0,52.2982177734375
1999-08-30,60.3125,58.875,60.125,59.03125,10141600.0,51.56125259399414
1999-08-31,60.0625,58.125,59.4375,59.6875,14590400.0,52.134464263916016
1999-09-01,60.625,59.6875,60.0625,60.1171875,10752000.0,52.509788513183594
1999-09-02,60.21875,58.875,59.0,59.90625,14583200.0,52.32553482055664
1999-09-03,62.6796875,61.40625,61.625,62.65625,14195400.0,54.7275390625
1999-09-07,63.15625,62.28125,62.53125,62.375,9009000.0,54.48188018798828
1999-09-08,62.625,61.03125,62.0,61.53125,14303400.0,53.74489974975586
1999-09-09,62.5625,61.25,61.5625,62.40625,12677600.0,54.50917053222656
1999-09-10,63.7421875,62.53125,63.25,63.125,10251000.0,55.136966705322266
1999-09-13,63.1875,62.03125,63.0625,62.3671875,7240800.0,54.47505187988281
1999-09-14,63.1484375,62.0,62.125,62.7109375,10022600.0,54.775299072265625
1999-09-15,63.4921875,61.4375,63.4921875,61.5,16096000.0,53.717620849609375
1999-09-16,62.03125,60.1953125,61.46875,61.46875,15371000.0,53.69031524658203
1999-09-17,63.4375,61.9375,62.03125,63.3125,14506400.0,55.30073928833008
1999-09-20,63.75,63.03125,63.5,63.4609375,6187200.0,55.43040084838867
1999-09-21,63.03125,61.7578125,62.90625,61.9375,12265800.0,54.0997428894043
1999-09-22,62.921875,61.28125,62.03125,62.59375,12441800.0,54.672950744628906
1999-09-23,63.375,59.6328125,63.25,60.0,19766000.0,52.40742111206055
1999-09-24,60.3125,58.625,59.625,60.078125,23570800.0,52.47566223144531
1999-09-27,61.375,60.3125,60.9375,60.5,12608800.0,52.844139099121094
1999-09-28,61.0,58.90625,60.1953125,60.78125,20622000.0,53.089786529541016
1999-09-29,61.21875,59.5625,60.78125,59.5625,15557000.0,52.0252799987793
1999-09-30,60.8125,59.375,60.125,60.1875,17604200.0,52.571189880371094
1999-10-01,60.2109375,58.75,59.375,60.2109375,19607400.0,52.591670989990234
1999-10-04,61.78125,60.1875,60.53125,61.5625,12434200.0,53.77219772338867
1999-10-05,62.75,60.6875,61.78125,62.0,19526400.0,54.15432357788086
1999-10-06,63.3359375,61.4296875,62.375,63.2421875,19098200.0,55.23933410644531
1999-10-07,63.8984375,62.625,63.59375,63.09375,22013600.0,55.10967254638672
1999-10-08,63.9375,62.0,62.84375,63.7578125,22523200.0,55.689720153808594
1999-10-11,64.6875,63.78125,63.9375,64.65625,13016000.0,56.47444534301758
1999-10-12,64.953125,63.0,64.4375,63.1875,20182800.0,55.19156265258789
1999-10-13,63.21875,61.0625,62.46875,61.3125,22570600.0,53.55384826660156
1999-10-14,62.125,60.53125,61.53125,61.6953125,22130400.0,53.88821029663086
1999-10-15,61.0,59.5078125,60.125,59.875,33703000.0,52.2982177734375
1999-10-18,60.15625,57.4140625,59.9375,59.1171875,24714800.0,51.636322021484375
1999-10-19,60.0625,58.4375,59.7578125,59.4375,26657200.0,51.91609191894531
1999-10-20,61.7421875,59.75,60.34375,61.25,22486400.0,53.49923324584961
1999-10-21,62.25,59.8125,60.25,62.25,22454800.0,54.37270736694336
1999-10-22,63.25,61.75,62.6171875,61.96875,16589400.0,54.12704086303711
1999-10-25,62.6796875,61.4375,61.6875,62.0,13855400.0,54.15432357788086
1999-10-26,63.09375,61.375,62.75,61.5,13542400.0,53.717620849609375
1999-10-27,61.625,60.4453125,61.34375,61.40625,15225200.0,53.635719299316406
1999-10-28,63.75,61.8125,62.375,63.53125,14103800.0,55.491817474365234
1999-10-29,66.25,64.78125,65.0,65.75,19000000.0,57.42979049682617
1999-11-01,66.53125,65.3203125,65.75,65.40625,9681800.0,57.129547119140625
1999-11-02,66.5625,65.1953125,65.75,65.4453125,12834800.0,57.16366958618164
1999-11-03,67.125,66.1875,66.375,66.75,18752600.0,58.303253173828125
1999-11-04,67.8125,66.78125,67.6796875,67.5,20048600.0,58.95835494995117
1999-11-05,69.21875,68.1875,68.875,68.1875,15134600.0,59.558860778808594
1999-11-08,69.8046875,68.21875,68.4375,69.5625,10890800.0,60.759830474853516
1999-11-09,70.25,68.5,70.125,69.09375,14629800.0,60.350399017333984
1999-11-10,70.59375,68.8125,69.125,70.0,16561000.0,61.14198303222656
1999-11-11,71.34375,70.125,70.75,71.25,18501400.0,62.23381042480469
1999-11-12,72.25,69.375,71.625,72.1875,28646600.0,63.05265426635742
1999-11-15,72.5,71.6875,72.25,72.046875,10909400.0,62.929832458496094
1999-11-16,74.21875,72.0,72.3125,73.875,19126400.0,64.5266342163086
1999-11-17,74.1953125,72.5,73.875,72.875,21683600.0,63.6532096862793
1999-11-18,75.109375,72.9375,73.375,75.109375,17738400.0,65.60478973388672
1999-11-19,75.90625,74.5,74.78125,75.78125,17939400.0,66.19164276123047
1999-11-22,77.5,74.625,75.9375,74.625,18841800.0,65.1817398071289
1999-11-23,76.5,74.25,76.4375,74.96875,24047600.0,65.48197174072266
1999-11-24,77.7421875,74.40625,75.1875,77.4375,18617800.0,67.63832092285156
1999-11-26,78.78125,77.375,78.40625,77.6875,8045200.0,67.85665893554688
1999-11-29,78.1875,76.3125,77.53125,76.40625,20485200.0,66.73758697509766
1999-11-30,76.6875,73.5,76.5625,73.5,23702400.0,64.19908142089844
1999-12-01,75.46875,73.75,74.3125,75.09375,23205800.0,65.5911636352539
1999-12-02,77.625,75.328125,75.375,77.4765625,17229200.0,67.67243957519531
1999-12-03,80.1875,78.90625,79.3125,79.125,21444600.0,69.11228942871094
1999-12-06,80.5,78.6875,79.4296875,79.84375,16018400.0,69.74008178710938
1999-12-07,80.40625,78.8359375,80.09375,79.84375,23397000.0,69.74008178710938
1999-12-08,80.4921875,78.6875,79.8671875,78.875,19563000.0,68.8938980102539
1999-12-09,80.4375,77.25,80.0,79.25,28445400.0,69.2214584350586
1999-12-10,80.1875,78.125,79.90625,79.90625,20428400.0,69.79466247558594
1999-12-13,81.3359375,79.28125,79.6328125,80.9921875,16209200.0,70.74320983886719
1999-12-14,81.21875,79.0,80.75,79.53125,27760200.0,69.46711730957031
1999-12-15,81.0625,77.9375,78.625,81.0625,31797200.0,70.80464172363281
1999-12-16,83.25,81.75,82.125,83.0625,27219600.0,72.55149841308594
1999-12-17,84.875,83.4296875,84.5,83.78125,23892400.0,73.17931365966797
1999-12-20,85.25,83.6875,84.40625,84.875,15392000.0,74.1346435546875
1999-12-21,89.4375,84.640625,85.125,89.4375,26003800.0,78.11982727050781
1999-12-22,89.3125,87.4375,89.1875,89.15625,22313600.0,77.87413024902344
1999-12-23,90.75,89.0,89.8671875,90.21875,17543600.0,78.80218505859375
1999-12-27,90.34375,87.90625,90.3125,89.6875,19281800.0,78.33814239501953
1999-12-28,90.5,88.5625,89.75,89.125,15346400.0,77.84684753417969
1999-12-29,92.5,89.875,90.0,92.5,16512600.0,80.79476165771484
1999-12-30,93.75,91.5,93.625,91.5,21887000.0,79.92132568359375
1999-12-31,93.1875,91.375,92.625,91.375,14464400.0,79.8121337890625
2000-01-03,96.1875,90.75,96.1875,94.75,36345200.0,82.76007843017578
2000-01-04,93.5,87.9375,92.0,88.25,33786600.0,77.08258819580078
2000-01-05,89.625,84.25,87.5,86.0,42496600.0,75.11731719970703
2000-01-06,88.0,79.75,86.875,80.09375,37134800.0,69.95842742919922
2000-01-07,90.0,82.5,82.9375,90.0,28138200.0,78.61112213134766
2000-01-10,93.9375,89.9375,91.0,92.5,29675600.0,80.79476165771484
2000-01-11,92.875,87.0,91.75,88.0,32546600.0,76.8642349243164
2000-01-12,89.2421875,86.0,89.0,86.0625,29050000.0,75.17191314697266
2000-01-13,91.5,87.078125,88.5,91.25,25165200.0,79.70295715332031
2000-01-14,93.625,92.0,93.0,93.375,21898600.0,81.55903625488281
2000-01-18,94.4375,91.4375,92.0625,93.875,16752400.0,81.99579620361328
2000-01-19,96.0,92.4296875,93.4921875,96.0,19006000.0,83.85185241699219
2000-01-20,96.875,94.0078125,95.5,95.0625,25958000.0,83.03301239013672
2000-01-21,96.5625,95.0625,96.5,96.25,18698200.0,84.07022094726562
2000-01-24,97.625,90.96875,97.4375,91.625,28340400.0,80.03050231933594
2000-01-25,94.1171875,89.40625,91.875,93.0,33276200.0,81.23149871826172
2000-01-26,93.3125,89.0,93.25,89.25,23095600.0,77.95604705810547
2000-01-27,92.5,87.625,91.75,90.5625,30739200.0,79.1024398803711
2000-01-28,90.46875,84.75,90.0,86.0,35313800.0,75.11731719970703
2000-01-31,90.0,83.5,85.875,89.6875,36014600.0,78.33814239501953
2000-02-01,92.5,88.4375,89.53125,92.09375,26417600.0,80.43994140625
2000-02-02,94.71875,92.09375,92.25,92.875,26169200.0,81.12230682373047
2000-02-03,96.625,92.28125,94.3125,96.5,30579800.0,84.2885971069336
2000-02-04,98.2421875,96.21875,97.0,97.15625,26640000.0,84.86183166503906
2000-02-07,98.625,96.25,97.25,98.5,17761000.0,86.03551483154297
2000-02-08,102.875,99.375,99.375,102.625,21999400.0,89.63851928710938
2000-02-09,102.1953125,98.75,102.0625,99.0,27258200.0,86.47222900390625
2000-02-10,102.25,98.5546875,99.8125,102.25,26341600.0,89.31097412109375
2000-02-11,102.0625,98.0,102.0625,99.875,24876000.0,87.23652648925781
2000-02-14,100.0,97.75,99.9921875,99.75,22814600.0,87.12732696533203
2000-02-15,100.625,95.875,98.9375,100.46875,30572800.0,87.755126953125
2000-02-16,101.6875,99.3125,99.90625,100.0,25310600.0,87.34571838378906
2000-02-17,103.25,99.625,101.1875,102.125,30080200.0,89.20181274414062
2000-02-18,103.0,98.4375,102.625,98.4375,25271200.0,85.9809341430664
2000-02-22,99.9375,96.25,99.0,98.75,37226200.0,86.25386810302734
2000-02-23,105.0,99.15625,99.6796875,104.25,32170800.0,91.05789184570312
2000-02-24,106.8046875,102.0,104.875,106.5,48868200.0,93.02314758300781
2000-02-25,107.5,103.875,106.1875,104.0625,32617600.0,90.89412689208984
2000-02-28,105.6875,100.5,103.25,104.0,38216200.0,90.83953857421875
2000-02-29,107.09375,104.9375,105.75,106.75,23978600.0,93.24153900146484
2000-03-01,108.5625,106.5,107.25,107.625,24468400.0,94.00579833984375
2000-03-02,108.1875,104.75,108.0625,105.1328125,32739200.0,91.8290023803711
2000-03-03,111.125,107.0,108.0,111.0625,32017200.0,97.00833129882812
2000-03-06,113.21875,110.25,111.75,111.9375,23268400.0,97.7726058959961
2000-03-07,113.875,108.75,113.8125,110.25,39471000.0,96.29864501953125
2000-03-08,112.0,106.28125,111.0,111.25,43512600.0,97.1720962524414
2000-03-09,115.5,109.09375,111.21875,115.0,30101400.0,100.4475326538086
2000-03-10,116.4375,113.5078125,114.875,114.5,29750600.0,100.01082611083984
2000-03-13,114.125,109.53125,110.0,111.5,37544200.0,97.39044952392578
2000-03-14,113.375,105.0,112.75,107.375,39106800.0,93.7874526977539
2000-03-15,107.0,101.875,106.5,102.875,51202600.0,89.85684967041016
2000-03-16,109.25,101.0,105.375,108.75,55282200.0,94.9884262084961
2000-03-17,111.0625,107.9375,108.0,110.8125,31422400.0,96.78995513916016
2000-03-20,111.5,106.25,111.0,107.6875,21167200.0,94.06041717529297
2000-03-21,111.9375,103.5625,106.125,111.75,33435100.0,97.60884857177734
2000-03-22,115.96875,111.125,113.5,114.0,24370200.0,99.5740966796875
2000-03-23,117.75,113.5625,114.484375,116.0,19227400.0,101.32101440429688
2000-03-24,120.5,115.015625,117.484375,117.5625,22063000.0,102.68577575683594
2000-03-27,119.5,117.125,118.0,117.75,11752600.0,102.84954833984375
2000-03-28,117.8125,113.125,116.984375,114.75,18336300.0,100.22918701171875
2000-03-29,115.4375,110.0,115.375,110.0,27189500.0,96.08026123046875
2000-03-30,112.75,103.5,107.25,107.25,42328700.0,93.67825317382812
2000-03-31,110.625,104.0,108.140625,109.5,31349900.0,95.64356994628906
2000-04-03,109.125,100.75,107.765625,102.9375,31551300.0,89.91146850585938
2000-04-04,103.9375,88.3125,103.625,101.9375,66213000.0,89.03799438476562
2000-04-05,103.9375,96.25,97.5,100.125,37631500.0,87.45487213134766
2000-04-06,103.875,99.75,102.375,102.5,30499900.0,89.52932739257812
2000-04-07,107.375,102.625,104.125,106.625,20645500.0,93.1323471069336
2000-04-10,107.6875,99.25,107.625,100.125,26988200.0,87.45487213134766
2000-04-11,101.5,95.0625,97.125,97.75,34497100.0,85.38040924072266
2000-04-12,98.75,90.25,97.625,92.0,34824400.0,80.35801696777344
2000-04-13,96.0,88.0,92.8125,88.0,46330500.0,76.8642349243164
2000-04-14,88.5,78.0,86.0625,80.375,60851300.0,70.2040786743164
2000-04-17,90.0,78.0,78.015625,89.625,55398500.0,78.28357696533203
2000-04-18,93.0,87.375,89.484375,92.0,36260900.0,80.35801696777344
2000-04-19,93.625,89.0625,92.5,89.1875,28082500.0,77.90142059326172
2000-04-20,90.96875,86.0625,90.375,87.25,21255600.0,76.20912170410156
2000-04-24,85.25,79.875,83.4375,84.75,31190900.0,74.02550506591797
2000-04-25,90.5,86.0,86.5,90.46875,28663200.0,79.02056121826172
2000-04-26,92.421875,87.125,90.625,87.375,25688300.0,76.31831359863281
2000-04-27,92.484375,82.25,84.0,91.25,37010400.0,79.70295715332031
2000-04-28,94.75,92.125,93.5625,94.75,24828400.0,82.76007843017578
2000-05-01,96.875,94.25,95.75,95.625,23205700.0,83.5243148803711
2000-05-02,95.625,89.75,94.875,90.125,20307900.0,78.72032165527344
2000-05-03,90.25,85.515625,89.5,89.125,26589700.0,77.84684753417969
2000-05-04,90.75,87.625,89.0,89.3125,17750700.0,78.01062774658203
2000-05-05,92.3125,88.03125,88.125,91.4375,20571200.0,79.86675262451172
2000-05-08,90.75,87.75,90.5,87.875,13903000.0,76.75505828857422
2000-05-09,89.125,84.3125,88.5,86.0,19825800.0,75.11731719970703
2000-05-10,84.984375,79.5,84.375,79.75,34847500.0,69.658203125
2000-05-11,85.25,80.875,82.75,84.625,24709700.0,73.91629028320312
2000-05-12,87.5625,84.0,85.375,84.625,17832000.0,73.91629028320312
2000-05-15,88.625,82.625,84.8125,88.3125,17950800.0,77.13716888427734
2000-05-16,91.5,88.0625,90.0,90.8125,23758800.0,79.32080078125
2000-05-17,90.5,87.75,89.25,88.9375,20339400.0,77.6830825805664
2000-05-18,89.359375,85.375,89.0,85.75,19063000.0,74.89891815185547
2000-05-19,85.0,81.3125,83.75,81.6875,28178100.0,71.3504867553711
2000-05-22,82.25,75.578125,81.625,81.625,43879800.0,71.29593658447266
2000-05-23,82.625,74.25,81.375,74.8125,31898500.0,65.3454818725586
2000-05-24,79.875,72.25,75.0,79.5,49476000.0,69.43985748291016
2000-05-25,82.25,76.5,80.25,77.75,29632700.0,67.9112777709961
2000-05-26,79.25,75.75,77.75,77.75,18203200.0,67.9112777709961
2000-05-30,85.9375,80.0,80.0,85.5625,31590400.0,74.73517608642578
2000-05-31,86.671875,82.75,84.46875,83.125,29675400.0,72.60608673095703
2000-06-01,88.375,84.0,85.1875,87.375,28993500.0,76.31831359863281
2000-06-02,93.9375,82.5,92.625,93.625,31677200.0,81.77738189697266
2000-06-05,95.3125,91.875,92.25,93.859375,23784300.0,81.98209381103516
2000-06-06,95.0,90.875,93.1875,91.25,23200500.0,79.70295715332031
2000-06-07,94.0,89.5625,91.5625,93.6875,22524400.0,81.83197784423828
2000-06-08,94.875,91.625,94.625,93.25,19313800.0,81.44987487792969
2000-06-09,94.75,93.0,94.75,93.75,17014600.0,81.88658905029297
2000-06-12,94.3125,90.0,94.3125,90.75,16484700.0,79.2662353515625
2000-06-13,94.625,89.359375,90.5,94.25,25187900.0,82.32329559326172
2000-06-14,94.875,91.5,94.875,92.125,20274500.0,80.46723175048828
2000-06-15,93.875,90.875,91.875,93.75,18807800.0,81.88658905029297
2000-06-16,95.3125,93.0625,94.75,94.25,21203400.0,82.32329559326172
2000-06-19,98.25,92.6875,94.015625,98.0,20042500.0,85.59878540039062
2000-06-20,99.6875,97.1875,98.25,97.625,20988300.0,85.271240234375
2000-06-21,99.71875,96.6875,96.8125,98.875,20880600.0,86.36309814453125
2000-06-22,99.0,94.5,98.625,95.25,21526700.0,83.19679260253906
2000-06-23,95.5,91.375,95.0,91.5,24888100.0,79.92132568359375
2000-06-26,94.421875,92.0,93.0625,94.0,22169200.0,82.10494232177734
2000-06-27,95.0625,92.375,93.765625,92.875,14786000.0,81.12230682373047
2000-06-28,95.5,92.5,92.984375,94.0,19259800.0,82.10494232177734
2000-06-29,93.375,90.625,92.9375,91.640625,21355800.0,80.04415130615234
2000-06-30,93.953125,91.3125,91.8125,93.4375,15153100.0,81.6136245727539
2000-07-03,95.25,93.25,93.5,95.25,5212000.0,83.19679260253906
2000-07-05,93.96875,90.875,93.625,91.5625,16489000.0,79.97589111328125
2000-07-06,94.75,90.0625,91.5625,94.0,23594700.0,82.10494232177734
2000-07-07,97.0,94.4375,95.0,95.9375,16603200.0,83.79729461669922
2000-07-10,95.875,94.0,94.6875,94.484375,12659400.0,82.52803802490234
2000-07-11,95.75,92.8125,94.0625,95.0,14374600.0,82.9783935546875
2000-07-12,97.75,94.625,95.4375,97.25,18252600.0,84.94367980957031
2000-07-13,99.75,97.125,97.9375,98.5,19566700.0,86.03551483154297
2000-07-14,101.125,98.8125,100.25,100.625,17219400.0,87.89159393310547
2000-07-17,102.0625,99.875,100.9375,101.75,13140500.0,88.87422180175781
2000-07-18,100.78125,98.359375,100.375,99.5,20684000.0,86.90896606445312
2000-07-19,98.9375,95.65625,98.3125,97.25,21828500.0,84.94367980957031
2000-07-20,100.5,97.265625,97.875,100.375,19521200.0,87.67325592041016
2000-07-21,99.515625,97.0,98.4375,97.0,14411400.0,84.72532653808594
2000-07-24,99.0,94.25,97.9375,95.0,18579200.0,82.9783935546875
2000-07-25,97.0,93.8125,95.625,95.75,19065700.0,83.63351440429688
2000-07-26,96.125,93.25,95.5,95.625,20318700.0,83.5243148803711
2000-07-27,95.0625,91.5625,93.9375,91.875,26141800.0,80.24884033203125
2000-07-28,92.875,86.0,92.1875,86.875,36485600.0,75.88154602050781
2000-07-31,90.125,85.71875,87.625,89.4375,27609900.0,78.11982727050781
2000-08-01,89.984375,87.6875,89.8125,88.25,15751800.0,77.08258819580078
2000-08-02,90.390625,86.5,87.875,86.6875,23578200.0,75.71783447265625
2000-08-03,91.25,83.3125,84.25,90.4375,35874700.0,78.9932632446289
2000-08-04,92.765625,89.125,92.0,90.125,22283400.0,78.72032165527344
2000-08-07,93.03125,90.25,90.875,92.25,15103300.0,80.57640838623047
2000-08-08,94.25,91.5,92.0625,94.125,14832300.0,82.21412658691406
2000-08-09,94.4375,91.375,93.6875,91.625,18649800.0,80.03050231933594
2000-08-10,92.234375,89.5,91.8125,89.8125,15336200.0,78.44734954833984
2000-08-11,91.109375,87.875,89.25,91.0625,21050600.0,79.53914642333984
2000-08-14,93.0,90.203125,91.375,93.0,12539300.0,81.23149871826172
2000-08-15,93.984375,92.0,92.75,93.0,14090300.0,81.23149871826172
2000-08-16,94.6875,92.0,93.4375,93.9375,15245300.0,82.05036926269531
2000-08-17,95.875,92.875,92.9375,95.75,14492400.0,83.63351440429688
2000-08-18,96.625,94.6875,95.9375,95.25,14706700.0,83.19679260253906
2000-08-21,96.859375,94.375,96.0,95.5,13560100.0,83.41513061523438
2000-08-22,97.359375,95.265625,96.0,95.5,14878200.0,83.41513061523438
2000-08-23,97.4375,93.828125,94.6875,97.0625,21396400.0,84.77991485595703
2000-08-24,98.6875,96.0625,97.4375,98.5625,13567700.0,86.09010314941406
2000-08-25,99.953125,97.0,98.484375,98.03125,11764700.0,85.62606048583984
2000-08-28,99.84375,97.9375,98.25,98.5,12314200.0,86.03551483154297
2000-08-29,99.171875,97.859375,98.625,99.0,11162800.0,86.47222900390625
2000-08-30,99.5,97.765625,98.3125,98.875,10545300.0,86.36309814453125
2000-08-31,102.0,98.875,99.625,101.625,15588700.0,88.76506805419922
2000-09-01,103.515625,101.1875,103.0,102.625,14071900.0,89.63851928710938
2000-09-05,101.75,99.421875,101.625,99.5,16348300.0,86.90896606445312
2000-09-06,99.484375,95.5,99.25,96.0,20964900.0,83.85185241699219
2000-09-07,99.421875,96.5625,96.8125,98.125,16669700.0,85.70799255371094
2000-09-08,98.0,94.765625,97.765625,95.125,23475200.0,83.08759307861328
2000-09-11,96.125,92.0,94.5,92.8125,27262100.0,81.06778717041016
2000-09-12,94.6875,90.84375,93.5,91.375,24256000.0,79.8121337890625
2000-09-13,93.875,90.0,90.25,93.5,34093100.0,81.66822814941406
2000-09-14,95.9375,92.640625,95.25,93.0,28615300.0,81.23149871826172
2000-09-15,93.625,90.6875,93.125,91.3125,24994600.0,79.75755310058594
2000-09-18,93.0,88.0,91.8125,89.875,29218500.0,78.50193786621094
2000-09-19,93.78125,89.875,90.75,93.1875,27568700.0,81.39522552490234
2000-09-20,95.234375,91.3125,93.375,94.625,33123200.0,82.65087890625
2000-09-21,94.484375,87.0,93.75,87.75,25031400.0,76.64586639404297
2000-09-22,93.25,87.5,87.625,92.9375,33710100.0,81.17693328857422
2000-09-25,94.25,90.0,93.625,90.46875,20560800.0,79.02056121826172
2000-09-26,92.5,88.921875,90.765625,89.4375,26011200.0,78.11982727050781
2000-09-27,91.1875,88.0,90.625,89.5625,28482900.0,78.22901153564453
2000-09-28,93.0,88.71875,88.71875,91.5625,29050000.0,79.97589111328125
2000-09-29,92.453125,88.6875,92.0,88.75,27198800.0,77.51933288574219
2000-10-02,90.25,86.0,90.25,86.75,24968200.0,75.77237701416016
2000-10-03,88.8125,83.265625,88.0625,84.0,35731200.0,73.37036895751953
2000-10-04,86.859375,82.125,83.5,85.625,37672100.0,74.78976440429688
2000-10-05,87.1875,84.5625,85.25,85.875,23443100.0,75.00811004638672
2000-10-06,86.5625,81.25,85.5625,83.0,36335800.0,72.49691009521484
2000-10-09,83.8125,79.375,82.5625,82.625,28834600.0,72.16939544677734
2000-10-10,83.3125,77.875,81.8125,78.3125,35283200.0,68.402587890625
2000-10-11,80.453125,76.0625,76.875,77.0625,48462600.0,67.310791015625
2000-10-12,79.5625,74.40625,79.25,75.125,53223600.0,65.6184310913086
2000-10-13,81.625,74.625,74.6875,81.25,42410200.0,70.96837615966797
2000-10-16,82.3125,79.75,81.125,82.0,27644900.0,71.62351989746094
2000-10-17,83.171875,78.0,83.125,78.25,52101400.0,68.34801483154297
2000-10-18,81.1875,74.5625,76.75,78.0,64354400.0,68.12964630126953
2000-10-19,85.109375,81.4375,82.390625,85.0625,44278900.0,74.29842376708984
2000-10-20,87.875,84.390625,84.5,86.3125,40692200.0,75.39026641845703
2000-10-23,87.5,84.125,86.1875,86.1875,28989200.0,75.28105926513672
2000-10-24,87.0,82.375,86.4375,82.5,31466200.0,72.06021118164062
2000-10-25,82.0,76.890625,81.25,77.875,48635400.0,68.02041625976562
2000-10-26,80.0,73.625,78.1875,79.875,69991300.0,69.76738739013672
2000-10-27,81.859375,77.484375,80.859375,79.71875,51046400.0,69.63091278076172
2000-10-30,79.875,75.703125,78.1875,76.765625,35496700.0,67.05146789550781
2000-10-31,82.5625,77.875,78.0,81.703125,43863800.0,71.3641586303711
2000-11-01,82.8125,79.1875,80.3125,81.0,45186400.0,70.75000762939453
2000-11-02,83.25,81.0625,82.1875,82.0,26594300.0,71.62351989746094
2000-11-03,83.9375,81.640625,82.875,83.0625,29837100.0,72.55149841308594
2000-11-06,84.125,82.0,83.625,82.4375,23485800.0,72.00562286376953
2000-11-07,82.46875,80.25,81.4375,82.125,24334400.0,71.73269653320312
2000-11-08,82.25,75.625,82.125,75.703125,40338200.0,66.1234130859375
2000-11-09,76.9375,73.0,74.75,75.6875,64955900.0,66.10978698730469
2000-11-10,75.6875,71.75,74.25,71.75,49235500.0,62.670536041259766
2000-11-13,74.1875,68.265625,70.953125,71.859375,75023400.0,62.76605224609375
2000-11-14,76.0,72.75,73.0,75.84375,44829500.0,66.24625396728516
2000-11-15,78.0625,74.796875,75.5625,77.375,37760900.0,67.58373260498047
2000-11-16,77.0,72.875,75.375,72.875,33898700.0,63.6532096862793
2000-11-17,75.1875,71.0,73.1875,72.828125,49913800.0,63.6121826171875
2000-11-20,72.0625,69.25,70.9375,69.859375,46862300.0,61.019142150878906
2000-11-21,71.125,68.4375,70.1875,69.75,42128600.0,60.92361831665039
2000-11-22,70.125,66.5,68.4375,66.625,56623700.0,58.194091796875
2000-11-24,70.625,68.171875,68.375,70.4375,19987900.0,61.52412414550781
2000-11-27,72.9375,68.75,72.5625,69.5625,35416600.0,60.759830474853516
2000-11-28,69.9375,65.3125,68.9375,65.453125,48812700.0,57.17047119140625
2000-11-29,66.75,62.5,65.8125,62.9375,66189300.0,54.973201751708984
2000-11-30,64.25,60.5,61.75,62.984375,74792600.0,55.01413345336914
2000-12-01,66.765625,62.125,64.0625,64.0,57112500.0,55.90123748779297
2000-12-04,65.359375,61.75,64.125,65.0,49106300.0,56.77469253540039
2000-12-05,71.0,65.5,66.0625,70.6875,76531800.0,61.74249267578125
2000-12-06,72.296875,67.75,70.59375,68.0,63352100.0,59.39506530761719
2000-12-07,68.984375,65.5,67.0,66.5,41481100.0,58.08488845825195
2000-12-08,73.5,67.625,71.09375,68.0,65856900.0,59.39506530761719
2000-12-11,74.78125,70.953125,72.0625,74.375,51829800.0,64.9633560180664
2000-12-12,73.875,71.3125,73.5,71.65625,31054500.0,62.58864974975586
2000-12-13,73.5,68.3125,73.4375,68.734375,51661600.0,60.03653335571289
2000-12-14,69.6875,65.25,68.515625,65.375,41562700.0,57.10224533081055
2000-12-15,65.625,62.5625,64.25,63.875,59026100.0,55.79206085205078
2000-12-18,65.96875,62.5625,65.15625,64.0,42950000.0,55.90123748779297
2000-12-19,65.859375,58.75,63.453125,59.125,80489200.0,51.64313888549805
2000-12-20,58.375,54.75,57.3125,55.734375,81432100.0,48.681575775146484
2000-12-21,58.75,54.25,55.015625,56.0625,85875600.0,48.968162536621094
2000-12-22,60.75,57.5,57.625,60.5,57240000.0,52.844139099121094
2000-12-26,61.921875,58.0,60.59375,60.875,37082800.0,53.171695709228516
2000-12-27,62.1875,58.9375,59.6875,61.5625,33955500.0,53.77219772338867
2000-12-28,62.484375,60.25,60.78125,61.4375,30996900.0,53.663021087646484
2000-12-29,62.234375,58.0,61.5625,58.375,49191000.0,50.98805236816406
2001-01-02,58.6875,52.4375,58.5625,53.4375,62514100.0,46.67536163330078
2001-01-03,65.25,52.15625,52.1875,62.4375,118175700.0,54.53647232055664
2001-01-04,63.625,60.234375,61.625,61.3125,58465400.0,53.55384826660156
2001-01-05,61.3125,56.0,61.3125,56.625,68782000.0,49.45950698852539
2001-01-08,57.5,53.515625,56.3125,57.25,55576500.0,50.00541305541992
2001-01-09,59.125,56.625,57.75,57.25,53318900.0,50.00541305541992
2001-01-10,60.375,55.75,56.125,60.1875,74258300.0,52.571189880371094
2001-01-11,63.6875,59.1875,59.265625,61.9375,65451700.0,54.0997428894043
2001-01-12,64.625,61.5,62.75,62.734375,60793900.0,54.79579162597656
2001-01-16,62.921875,60.5625,62.5625,61.984375,32203300.0,54.14069366455078
2001-01-17,65.609375,63.140625,64.5,63.875,61388800.0,55.79206085205078
2001-01-18,66.75,62.6875,64.125,66.5625,54934700.0,58.13949966430664
2001-01-19,68.3125,65.5625,68.140625,66.3125,56292500.0,57.921112060546875
2001-01-22,67.0,64.75,65.875,66.375,35777100.0,57.975711822509766
2001-01-23,68.40625,65.3125,65.90625,67.765625,49859500.0,59.19034957885742
2001-01-24,69.125,66.75,68.0625,67.125,53905400.0,58.630802154541016
2001-01-25,67.671875,64.390625,66.875,64.5,57151900.0,56.33797073364258
2001-01-26,65.9375,63.0,63.5625,65.546875,45681400.0,57.25236129760742
2001-01-29,67.25,64.25,64.75,67.0,31514100.0,58.521610260009766
2001-01-30,67.73999786376953,66.0,67.1500015258789,66.75,42439300.0,58.303253173828125
2001-01-31,67.98999786376953,64.30000305175781,67.25,64.30000305175781,59322200.0,56.163291931152344
2001-02-01,65.61000061035156,63.599998474121094,64.55000305175781,65.1500015258789,45142600.0,56.90571975708008
2001-02-02,65.30000305175781,60.0,64.94000244140625,61.54999923706055,47471000.0,53.761268615722656
2001-02-05,61.900001525878906,60.119998931884766,61.189998626708984,61.5,36016300.0,53.717620849609375
2001-02-06,63.119998931884766,61.15999984741211,61.4900016784668,61.599998474121094,42417700.0,53.804935455322266
2001-02-07,61.20000076293945,58.58000183105469,60.5099983215332,60.599998474121094,61972200.0,52.931488037109375
2001-02-08,61.5,58.58000183105469,60.900001525878906,58.790000915527344,48269500.0,51.35053253173828
2001-02-09,58.599998474121094,56.0,58.25,56.400001525878906,55385200.0,49.26298141479492
2001-02-12,57.939998626708984,55.619998931884766,56.25,57.08000183105469,50540400.0,49.8569221496582
2001-02-13,59.18000030517578,54.97999954223633,57.650001525878906,55.25,58914000.0,48.25849533081055
2001-02-14,57.75,54.119998931884766,55.400001525878906,57.45000076293945,63048200.0,50.18009948730469
2001-02-15,60.4900016784668,58.29999923706055,58.79999923706055,58.400001525878906,67801300.0,51.0098991394043
2001-02-16,56.869998931884766,54.529998779296875,55.959999084472656,55.130001068115234,66779700.0,48.15367889404297
2001-02-20,55.84000015258789,52.29999923706055,55.7400016784668,52.9900016784668,55298400.0,46.28449630737305
2001-02-21,54.06999969482422,50.91999816894531,51.54999923706055,51.5,72349000.0,44.9830322265625
2001-02-22,52.15999984741211,48.88999938964844,51.45000076293945,51.0,103855500.0,44.54628372192383
2001-02-23,51.599998474121094,48.22999954223633,50.09000015258789,51.18000030517578,93337900.0,44.703529357910156
2001-02-26,52.599998474121094,50.25,52.08000183105469,52.150001525878906,78342700.0,45.55078887939453
2001-02-27,52.08000183105469,48.900001525878906,51.540000915527344,49.0,66741700.0,42.79939270019531
2001-02-28,50.209999084472656,46.86000061035156,49.45000076293945,47.45000076293945,102187900.0,41.4455451965332
2001-03-01,49.20000076293945,45.75,46.970001220703125,48.79999923706055,101773000.0,42.62469482421875
2001-03-02,49.630001068115234,45.650001525878906,47.20000076293945,46.70000076293945,95927100.0,40.790443420410156
2001-03-05,48.36000061035156,47.09000015258789,47.5,47.54999923706055,43888400.0,41.53288650512695
2001-03-06,50.65999984741211,49.099998474121094,49.29999923706055,49.400001525878906,60828600.0,43.14878463745117
2001-03-07,50.43000030517578,48.970001220703125,50.400001525878906,49.41999816894531,55215500.0,43.166236877441406
2001-03-08,49.810001373291016,48.099998474121094,49.349998474121094,48.5,48965200.0,42.36266326904297
2001-03-09,47.369998931884766,44.95000076293945,47.25,45.099998474121094,79990900.0,39.39289855957031
2001-03-12,44.95000076293945,41.79999923706055,44.0,42.29999923706055,80674000.0,36.94723892211914
2001-03-13,44.7400016784668,42.130001068115234,42.779998779296875,44.45000076293945,80024400.0,38.82516860961914
2001-03-14,45.189998626708984,42.310001373291016,42.70000076293945,43.75,97190000.0,38.21373748779297
2001-03-15,45.310001373291016,42.04999923706055,45.20000076293945,42.150001525878906,74135500.0,36.81623458862305
2001-03-16,42.79999923706055,40.560001373291016,41.880001068115234,41.20000076293945,77784500.0,35.98643112182617
2001-03-19,43.2599983215332,40.75,41.439998626708984,43.2599983215332,53248200.0,37.78575897216797
2001-03-20,43.810001373291016,40.20000076293945,43.439998626708984,40.349998474121094,104796200.0,35.243988037109375
2001-03-21,41.79999923706055,39.709999084472656,40.52000045776367,40.349998474121094,96200700.0,35.243988037109375
2001-03-22,42.79999923706055,39.4900016784668,40.599998474121094,42.79999923706055,130208100.0,37.38395690917969
2001-03-23,43.83000183105469,41.5,43.54999923706055,42.79999923706055,95277500.0,37.38395690917969
2001-03-26,43.5,41.54999923706055,43.470001220703125,41.810001373291016,57666200.0,36.519229888916016
2001-03-27,43.720001220703125,41.41999816894531,41.79999923706055,43.25,69945300.0,37.77700424194336
2001-03-28,42.20000076293945,39.68000030517578,41.900001525878906,39.70000076293945,77863500.0,34.676239013671875
2001-03-29,40.61000061035156,38.400001525878906,39.380001068115234,38.95000076293945,79654700.0,34.021148681640625
2001-03-30,39.97999954223633,38.0,39.29999923706055,39.150001525878906,63661300.0,34.19586181640625
2001-04-02,39.849998474121094,37.29999923706055,39.16999816894531,37.400001525878906,69713600.0,32.66728973388672
2001-04-03,37.75,34.619998931884766,37.20000076293945,34.65999984741211,89015700.0,30.27401351928711
2001-04-04,35.810001373291016,33.599998474121094,34.709999084472656,34.04999923706055,76473900.0,29.741207122802734
2001-04-05,37.959999084472656,35.709999084472656,36.0,37.310001373291016,87035800.0,32.588680267333984
2001-04-06,37.099998474121094,35.5,36.900001525878906,35.95000076293945,86123600.0,31.40077781677246
2001-04-09,37.38999938964844,35.849998474121094,36.790000915527344,37.04999923706055,51638700.0,32.36158752441406
2001-04-10,40.459999084472656,37.779998779296875,37.900001525878906,39.79999923706055,94265100.0,34.76357650756836
2001-04-11,42.5,40.45000076293945,42.15999984741211,41.0,92829500.0,35.81175994873047
2001-04-12,42.79999923706055,40.0,40.29999923706055,42.79999923706055,79531500.0,37.38395690917969
2001-04-16,42.43000030517578,40.060001373291016,41.939998626708984,40.25,65229800.0,35.156646728515625
2001-04-17,42.70000076293945,39.900001525878906,39.95000076293945,41.25,94694300.0,36.03010559082031
2001-04-18,48.0,43.20000076293945,43.720001220703125,45.54999923706055,128891400.0,39.785972595214844
2001-04-19,48.75,45.58000183105469,46.099998474121094,48.29999923706055,110467600.0,42.187957763671875
2001-04-20,49.439998626708984,43.04999923706055,48.18000030517578,48.400001525878906,80598100.0,42.27531051635742
2001-04-23,47.720001220703125,44.88999938964844,46.9900016784668,45.150001525878906,79317600.0,39.43659210205078
2001-04-24,46.41999816894531,43.75,45.099998474121094,44.29999923706055,88888300.0,38.69413757324219
2001-04-25,45.58000183105469,43.099998474121094,43.900001525878906,45.099998474121094,68418400.0,39.39289855957031
2001-04-26,46.25,43.869998931884766,45.900001525878906,43.95000076293945,71110200.0,38.388427734375
2001-04-27,45.470001220703125,44.2400016784668,45.150001525878906,45.150001525878906,55580000.0,39.43659210205078
2001-04-30,47.56999969482422,45.29999923706055,46.25,46.150001525878906,73859100.0,40.31004333496094
2001-05-01,48.08000183105469,45.400001525878906,46.20000076293945,48.04999923706055,54498300.0,41.96961212158203
2001-05-02,49.400001525878906,47.5,48.79999923706055,48.97999954223633,77566500.0,42.781917572021484
2001-05-03,47.900001525878906,46.20000076293945,47.900001525878906,46.79999923706055,67124900.0,40.877777099609375
2001-05-04,48.20000076293945,45.11000061035156,45.29999923706055,48.20000076293945,72673400.0,42.10062026977539
2001-05-07,48.599998474121094,47.099998474121094,48.0,47.20000076293945,45561600.0,41.22716522216797
2001-05-08,48.349998474121094,46.9900016784668,48.29999923706055,48.20000076293945,56970700.0,42.10062026977539
2001-05-09,47.95000076293945,46.439998626708984,47.04999923706055,46.54999923706055,60984600.0,40.6594123840332
2001-05-10,48.04999923706055,45.720001220703125,47.91999816894531,45.77000045776367,61130300.0,39.97812271118164
2001-05-11,46.41999816894531,45.09000015258789,45.84000015258789,45.54999923706055,48760400.0,39.785972595214844
2001-05-14,45.36000061035156,43.349998474121094,45.29999923706055,44.81999969482422,43108000.0,39.148345947265625
2001-05-15,46.29999923706055,44.58000183105469,44.900001525878906,45.150001525878906,69007600.0,39.43659210205078
2001-05-16,47.52000045776367,44.060001373291016,44.310001373291016,47.150001525878906,80110500.0,41.183494567871094
2001-05-17,48.790000915527344,47.2599983215332,47.45000076293945,47.900001525878906,73810700.0,41.83857727050781
2001-05-18,48.380001068115234,47.09000015258789,47.63999938964844,48.040000915527344,41095100.0,41.96086502075195
2001-05-21,51.150001525878906,47.650001525878906,48.16999816894531,51.04999923706055,85426900.0,44.58998107910156
2001-05-22,51.95000076293945,50.18000030517578,51.310001373291016,50.900001525878906,77233900.0,44.45895004272461
2001-05-23,50.45000076293945,48.63999938964844,50.439998626708984,48.650001525878906,65618000.0,42.493682861328125
2001-05-24,49.9900016784668,48.27000045776367,48.970001220703125,49.900001525878906,61792500.0,43.585506439208984
2001-05-25,50.02000045776367,48.02000045776367,49.959999084472656,48.9900016784668,36191100.0,42.79065704345703
2001-05-29,48.5,46.099998474121094,48.5,46.119998931884766,66609600.0,40.283843994140625
2001-05-30,45.849998474121094,44.08000183105469,45.43000030517578,44.43000030517578,81397400.0,38.807701110839844
2001-05-31,45.849998474121094,44.29999923706055,44.540000915527344,44.72999954223633,68018300.0,39.069725036621094
2001-06-01,46.22999954223633,44.33000183105469,45.540000915527344,46.04999923706055,61874300.0,40.222686767578125
2001-06-04,46.65999984741211,45.290000915527344,46.33000183105469,45.83000183105469,41696000.0,40.03052520751953
2001-06-05,48.36000061035156,46.20000076293945,46.29999923706055,47.849998474121094,68146400.0,41.794918060302734
2001-06-06,48.88999938964844,47.06999969482422,48.08000183105469,47.47999954223633,61169500.0,41.47172927856445
2001-06-07,49.4900016784668,47.06999969482422,47.130001068115234,48.70000076293945,65400200.0,42.537349700927734
2001-06-08,48.77000045776367,46.95000076293945,48.720001220703125,47.349998474121094,56391400.0,41.35819625854492
2001-06-11,47.0,45.4900016784668,46.900001525878906,46.04999923706055,48809400.0,40.222686767578125
2001-06-12,46.79999923706055,44.22999954223633,44.869998931884766,45.79999923706055,78450500.0,40.00434875488281
2001-06-13,46.75,44.52000045776367,46.27000045776367,44.54999923706055,68535400.0,38.912506103515625
2001-06-14,44.400001525878906,42.0,44.02000045776367,42.25,91050300.0,36.90355682373047
2001-06-15,43.06999969482422,41.279998779296875,41.79999923706055,42.599998474121094,84589400.0,37.20927429199219
2001-06-18,43.16999816894531,41.400001525878906,42.63999938964844,42.029998779296875,63539100.0,36.71139144897461
2001-06-19,43.560001373291016,41.2599983215332,43.31999969482422,41.81999969482422,73386900.0,36.52797317504883
2001-06-20,42.970001220703125,41.279998779296875,41.29999923706055,42.77000045776367,83588600.0,37.35774612426758
2001-06-21,44.22999954223633,42.29999923706055,42.66999816894531,43.349998474121094,67212600.0,37.86434555053711
2001-06-22,44.20000076293945,42.59000015258789,43.619998931884766,43.25,51870400.0,37.77700424194336
2001-06-25,43.79999923706055,42.650001525878906,43.61000061035156,43.36000061035156,39212100.0,37.87309646606445
2001-06-26,43.88999938964844,42.47999954223633,42.540000915527344,43.5099983215332,55155100.0,38.00410842895508
2001-06-27,44.150001525878906,43.0,43.68000030517578,43.790000915527344,53289400.0,38.248687744140625
2001-06-28,46.36000061035156,44.349998474121094,44.400001525878906,44.349998474121094,89963700.0,38.737815856933594
2001-06-29,46.52000045776367,44.70000076293945,45.09000015258789,45.70000076293945,59719600.0,39.91697311401367
2001-07-02,46.47999954223633,45.189998626708984,45.650001525878906,45.45000076293945,50884300.0,39.698612213134766
2001-07-03,45.689998626708984,44.79999923706055,45.25,45.63999938964844,24758400.0,39.864566802978516
2001-07-05,45.18000030517578,43.45000076293945,44.869998931884766,43.45000076293945,44409800.0,37.95169448852539
2001-07-06,43.11000061035156,41.4900016784668,43.0099983215332,41.650001525878906,53434800.0,36.37948226928711
2001-07-09,42.689998626708984,41.5,41.88999938964844,42.0099983215332,45547500.0,36.69392776489258
2001-07-10,42.880001068115234,40.400001525878906,42.7599983215332,40.5,58620000.0,35.375003814697266
2001-07-11,41.099998474121094,39.869998931884766,40.41999816894531,41.0,77840200.0,35.81175994873047
2001-07-12,43.83000183105469,42.29999923706055,42.630001068115234,43.599998474121094,70363300.0,38.08271408081055
2001-07-13,44.43000030517578,42.900001525878906,43.380001068115234,43.150001525878906,62474200.0,37.689659118652344
2001-07-16,43.86000061035156,41.900001525878906,43.369998931884766,42.349998474121094,53390800.0,36.99089050292969
2001-07-17,43.400001525878906,41.540000915527344,41.81999969482422,43.29999923706055,59813000.0,37.82069396972656
2001-07-18,42.849998474121094,41.13999938964844,42.27000045776367,41.650001525878906,64797200.0,36.37948226928711
2001-07-19,43.349998474121094,41.75,42.459999084472656,42.63999938964844,76590200.0,37.24421310424805
2001-07-20,42.13999938964844,41.36000061035156,41.4900016784668,41.650001525878906,49012800.0,36.37948226928711
2001-07-23,42.400001525878906,40.54999923706055,42.2400016784668,40.61000061035156,55329400.0,35.471099853515625
2001-07-24,40.900001525878906,39.310001373291016,40.380001068115234,40.150001525878906,70422900.0,35.06929016113281
2001-07-25,40.720001220703125,39.400001525878906,40.13999938964844,40.5,68859600.0,35.375003814697266
2001-07-26,41.88999938964844,39.97999954223633,40.45000076293945,41.099998474121094,69199300.0,35.89909362792969
2001-07-27,42.2599983215332,41.29999923706055,41.63999938964844,41.95000076293945,47452900.0,36.64152145385742
2001-07-30,42.29999923706055,41.400001525878906,42.130001068115234,41.70000076293945,39459400.0,36.42316818237305
2001-07-31,42.779998779296875,41.5,41.84000015258789,41.7599983215332,55732500.0,36.475555419921875
2001-08-01,43.5,42.40999984741211,42.630001068115234,43.099998474121094,53864800.0,37.64598846435547
2001-08-02,44.0,42.81999969482422,43.790000915527344,43.90999984741211,53187300.0,38.35349655151367
2001-08-03,43.529998779296875,42.560001373291016,43.529998779296875,43.18000030517578,51513700.0,37.71589279174805
2001-08-06,42.849998474121094,42.349998474121094,42.529998779296875,42.5,31105700.0,37.12193298339844
2001-08-07,42.81999969482422,41.939998626708984,42.099998474121094,42.279998779296875,38407500.0,36.92976379394531
2001-08-08,42.650001525878906,40.29999923706055,41.849998474121094,40.5,76045200.0,35.375003814697266
2001-08-09,40.880001068115234,39.97999954223633,40.40999984741211,40.66999816894531,66861400.0,35.523494720458984
2001-08-10,40.75,39.22999954223633,40.41999816894531,40.279998779296875,68491900.0,35.1828498840332
2001-08-13,41.34000015258789,40.20000076293945,40.59000015258789,41.099998474121094,48425700.0,35.89909362792969
2001-08-14,41.70000076293945,40.540000915527344,41.4900016784668,40.599998474121094,51267600.0,35.462337493896484
2001-08-15,40.93000030517578,39.06999969482422,40.619998931884766,39.099998474121094,58935300.0,34.152156829833984
2001-08-16,39.59000015258789,38.040000915527344,38.63999938964844,39.560001373291016,68227300.0,34.553955078125
2001-08-17,38.79999923706055,37.709999084472656,38.439998626708984,37.7599983215332,56649300.0,32.98173141479492
2001-08-20,38.650001525878906,37.52000045776367,37.849998474121094,38.279998779296875,49921300.0,33.4359245300293
2001-08-21,38.650001525878906,36.650001525878906,38.290000915527344,36.689998626708984,56445600.0,32.047142028808594
2001-08-22,37.84000015258789,36.540000915527344,37.45000076293945,37.689998626708984,65221400.0,32.92060470581055
2001-08-23,38.459999084472656,37.29999923706055,37.66999816894531,37.31999969482422,54711800.0,32.597415924072266
2001-08-24,39.38999938964844,37.75,37.86000061035156,39.29999923706055,58450600.0,34.32685470581055
2001-08-27,39.900001525878906,38.83000183105469,39.279998779296875,39.349998474121094,50927500.0,34.37053298950195
2001-08-28,39.439998626708984,38.0099983215332,39.31999969482422,38.119998931884766,65275500.0,33.296180725097656
2001-08-29,38.45000076293945,37.130001068115234,38.369998931884766,37.560001373291016,59060500.0,32.80705261230469
2001-08-30,37.310001373291016,35.75,36.79999923706055,36.16999816894531,76105800.0,31.592933654785156
2001-08-31,37.029998779296875,35.939998626708984,36.029998779296875,36.630001068115234,54309000.0,31.994728088378906
2001-09-04,37.5,35.349998474121094,36.5099983215332,35.470001220703125,74073600.0,30.981508255004883
2001-09-05,35.90999984741211,34.150001525878906,35.4900016784668,35.33000183105469,95461200.0,30.85923957824707
2001-09-06,35.52000045776367,33.779998779296875,34.7400016784668,33.900001525878906,88701800.0,29.610193252563477
2001-09-07,35.099998474121094,33.349998474121094,33.619998931884766,33.70000076293945,95528800.0,29.435504913330078
2001-09-10,34.31999969482422,33.34000015258789,33.4900016784668,34.099998474121094,80371300.0,29.78488540649414
2001-09-17,32.79999923706055,31.09000015258789,31.25,31.200000762939453,97700900.0,27.251859664916992
2001-09-18,32.5,30.3700008392334,31.530000686645508,30.5,66285300.0,26.64043426513672
2001-09-19,31.0,28.260000228881836,30.639999389648438,29.969999313354492,116632800.0,26.177513122558594
2001-09-20,30.09000015258789,28.799999237060547,29.299999237060547,28.969999313354492,90840200.0,25.304048538208008
2001-09-21,28.969999313354492,27.200000762939453,27.40999984741211,28.190000534057617,112341900.0,24.622756958007812
2001-09-24,30.0,28.59000015258789,29.079999923706055,29.610000610351562,85696500.0,25.863067626953125
2001-09-25,30.43000030517578,28.950000762939453,29.709999084472656,29.700000762939453,83860600.0,25.941673278808594
2001-09-26,30.0,28.40999984741211,29.950000762939453,28.670000076293945,59759800.0,25.042009353637695
2001-09-27,28.790000915527344,27.420000076293945,28.399999618530273,28.479999542236328,70050700.0,24.876052856445312
2001-09-28,29.920000076293945,28.309999465942383,28.84000015258789,28.979999542236328,84810800.0,25.31278419494629
2001-10-01,28.979999542236328,27.850000381469727,28.850000381469727,28.729999542236328,53460800.0,25.094411849975586
2001-10-02,29.40999984741211,28.399999618530273,28.649999618530273,28.81999969482422,74133400.0,25.17302894592285
2001-10-03,31.610000610351562,28.329999923706055,28.420000076293945,31.0,136198600.0,27.07716178894043
2001-10-04,33.20000076293945,30.940000534057617,31.649999618530273,31.299999237060547,127371500.0,27.339204788208008
2001-10-05,31.899999618530273,30.260000228881836,31.0,31.760000228881836,96443400.0,27.74098777770996
2001-10-08,32.349998474121094,30.959999084472656,31.1299991607666,31.860000610351562,67789600.0,27.82834815979004
2001-10-09,32.02000045776367,30.8700008392334,31.860000610351562,31.09000015258789,57564800.0,27.155776977539062
2001-10-10,32.540000915527344,30.75,30.8700008392334,32.5,73840600.0,28.387346267700195
2001-10-11,35.25,33.13999938964844,33.189998626708984,34.70000076293945,117232200.0,30.3089542388916
2001-10-12,34.79999923706055,33.13999938964844,34.33000183105469,34.54999923706055,111901600.0,30.17793846130371
2001-10-15,34.54999923706055,33.65999984741211,34.119998931884766,34.400001525878906,78322000.0,30.046924591064453
2001-10-16,35.099998474121094,34.06999969482422,34.65999984741211,34.959999084472656,81346800.0,30.53603744506836
2001-10-17,36.0,32.29999923706055,35.869998931884766,32.45000076293945,141530300.0,28.34368324279785
2001-10-18,33.540000915527344,32.400001525878906,32.70000076293945,33.33000183105469,94448200.0,29.11232566833496
2001-10-19,33.75,32.0,32.86000061035156,33.54999923706055,73434200.0,29.304492950439453
2001-10-22,34.5,33.220001220703125,33.439998626708984,34.45000076293945,74104900.0,30.090595245361328
2001-10-23,35.400001525878906,34.0,34.81999969482422,34.630001068115234,104062200.0,30.247804641723633
2001-10-24,35.68000030517578,34.31999969482422,34.599998474121094,35.380001068115234,90171400.0,30.902908325195312
2001-10-25,36.81999969482422,34.22999954223633,34.70000076293945,36.79999923706055,118551900.0,32.143226623535156
2001-10-26,37.060001373291016,36.0099983215332,36.5,36.0099983215332,93823900.0,31.45318031311035
2001-10-29,36.150001525878906,34.040000915527344,36.0,34.040000915527344,92146800.0,29.73247718811035
2001-10-30,34.09000015258789,32.84000015258789,33.709999084472656,33.380001068115234,96092200.0,29.15599250793457
2001-10-31,34.959999084472656,33.68000030517578,34.040000915527344,33.900001525878906,106175500.0,29.610193252563477
2001-11-01,35.560001373291016,33.779998779296875,34.439998626708984,35.34000015258789,92716000.0,30.867971420288086
2001-11-02,35.849998474121094,34.88999938964844,35.27000045776367,35.599998474121094,64917700.0,31.095069885253906
2001-11-05,37.15999984741211,36.15999984741211,36.2599983215332,36.7599983215332,64473000.0,32.10828399658203
2001-11-06,38.20000076293945,36.38999938964844,36.599998474121094,38.189998626708984,107214900.0,33.35732650756836
2001-11-07,38.84000015258789,37.5,37.61000061035156,38.13999938964844,92562100.0,33.313655853271484
2001-11-08,39.400001525878906,37.25,38.54999923706055,37.75,105916300.0,32.97299575805664
2001-11-09,38.08000183105469,37.119998931884766,37.59000015258789,37.72999954223633,74121900.0,32.95553207397461
2001-11-12,38.349998474121094,36.29999923706055,37.0,38.0,112994400.0,33.191375732421875
2001-11-13,39.5,38.630001068115234,39.029998779296875,39.36000061035156,97931800.0,34.379276275634766
2001-11-14,40.2400016784668,38.7400016784668,39.959999084472656,39.63999938964844,88660100.0,34.62382888793945
2001-11-15,40.11000061035156,38.95000076293945,39.15999984741211,39.47999954223633,86349700.0,34.48408889770508
2001-11-16,39.68000030517578,38.91999816894531,39.47999954223633,39.369998931884766,64035500.0,34.38800048828125
2001-11-19,40.4900016784668,39.4900016784668,39.790000915527344,40.4900016784668,69196300.0,35.36628723144531
2001-11-20,40.22999954223633,38.47999954223633,40.08000183105469,38.619998931884766,85176500.0,33.73291778564453
2001-11-21,38.95000076293945,37.97999954223633,38.470001220703125,38.41999816894531,60867900.0,33.55821990966797
2001-11-23,39.43000030517578,38.56999969482422,38.7599983215332,39.279998779296875,27046000.0,34.30937957763672
2001-11-26,40.36000061035156,39.0099983215332,39.58000183105469,40.25,75267500.0,35.156646728515625
2001-11-27,40.970001220703125,39.20000076293945,40.04999923706055,40.20000076293945,100289700.0,35.11298751831055
2001-11-28,40.369998931884766,38.689998626708984,39.72999954223633,38.75,101568200.0,33.84645462036133
2001-11-29,40.0,38.790000915527344,39.029998779296875,39.95000076293945,83774700.0,34.89460372924805
2001-11-30,40.040000915527344,39.36000061035156,39.72999954223633,39.650001525878906,66018200.0,34.63257598876953
2001-12-03,39.599998474121094,38.869998931884766,39.290000915527344,38.970001220703125,60449800.0,34.038612365722656
2001-12-04,40.84000015258789,38.439998626708984,39.34000015258789,40.83000183105469,79378700.0,35.66325759887695
2001-12-05,43.150001525878906,41.119998931884766,41.20000076293945,42.849998474121094,115773700.0,37.427642822265625
2001-12-06,43.2400016784668,42.36000061035156,42.70000076293945,42.90999984741211,77702100.0,37.48003387451172
2001-12-07,42.599998474121094,41.13999938964844,42.47999954223633,41.72999954223633,81632600.0,36.4493522644043
2001-12-10,42.22999954223633,40.880001068115234,41.31999969482422,41.0,69088000.0,35.81175994873047
2001-12-11,42.2599983215332,41.130001068115234,41.459999084472656,41.22999954223633,66056500.0,36.01261901855469
2001-12-12,41.939998626708984,40.599998474121094,41.5,41.560001373291016,76093400.0,36.300872802734375
2001-12-13,41.0,39.7599983215332,40.709999084472656,39.7599983215332,79582600.0,34.72863006591797
2001-12-14,40.459999084472656,39.56999969482422,39.869998931884766,40.11000061035156,70006300.0,35.03435134887695
2001-12-17,41.2400016784668,40.02000045776367,40.02000045776367,40.79999923706055,62295500.0,35.63703536987305
2001-12-18,41.5,40.15999984741211,41.15999984741211,41.2599983215332,50850400.0,36.038818359375
2001-12-19,41.31999969482422,40.31999969482422,40.560001373291016,40.5099983215332,79596200.0,35.38373565673828
2001-12-20,40.29999923706055,38.68000030517578,40.099998474121094,38.790000915527344,83048800.0,33.88139724731445
2001-12-21,39.709999084472656,39.150001525878906,39.41999816894531,39.47999954223633,56205000.0,34.48408889770508
2001-12-24,39.630001068115234,39.150001525878906,39.540000915527344,39.31999969482422,13660400.0,34.34432601928711
2001-12-26,40.29999923706055,39.15999984741211,39.369998931884766,39.689998626708984,37672900.0,34.667510986328125
2001-12-27,40.20000076293945,39.599998474121094,39.849998474121094,40.0099983215332,34255200.0,34.9470100402832
2001-12-28,40.79999923706055,40.22999954223633,40.290000915527344,40.33000183105469,38240400.0,35.226524353027344
2001-12-31,40.45000076293945,38.90999984741211,40.310001373291016,38.90999984741211,46176900.0,33.98622131347656
2002-01-02,40.150001525878906,38.93000030517578,39.56999969482422,40.11000061035156,61708800.0,35.03435134887695
2002-01-03,41.54999923706055,40.2599983215332,40.310001373291016,41.5,85769100.0,36.24845504760742
2002-01-04,42.290000915527344,40.93000030517578,41.95000076293945,41.66999816894531,86876900.0,36.39693832397461
2002-01-07,42.220001220703125,40.11000061035156,42.11000061035156,41.209999084472656,75166200.0,35.99517059326172
2002-01-08,41.77000045776367,40.84000015258789,41.099998474121094,41.4900016784668,66956800.0,36.23973083496094
2002-01-09,42.599998474121094,40.900001525878906,42.040000915527344,41.11000061035156,85123000.0,35.90781784057617
2002-01-10,41.540000915527344,40.68000030517578,41.16999816894531,41.380001068115234,75548000.0,36.143638610839844
2002-01-11,41.599998474121094,40.470001220703125,41.349998474121094,40.849998474121094,60832900.0,35.680721282958984
2002-01-14,40.68000030517578,39.70000076293945,40.4900016784668,39.959999084472656,71310700.0,34.90334701538086
2002-01-15,40.75,39.560001373291016,40.029998779296875,40.34000015258789,66916100.0,35.23525619506836
2002-01-16,39.939998626708984,38.77000045776367,39.529998779296875,38.779998779296875,90942000.0,33.872650146484375
2002-01-17,39.970001220703125,39.0099983215332,39.47999954223633,39.650001525878906,75285900.0,34.63257598876953
2002-01-18,39.45000076293945,38.220001220703125,38.83000183105469,38.59000015258789,81985600.0,33.70671463012695
2002-01-22,39.02000045776367,37.33000183105469,39.0,37.400001525878906,81773800.0,32.66728973388672
2002-01-23,38.689998626708984,37.349998474121094,37.650001525878906,38.43000030517578,74968800.0,33.566959381103516
2002-01-24,39.5099983215332,38.77000045776367,38.939998626708984,38.939998626708984,77251200.0,34.01240158081055
2002-01-25,39.150001525878906,38.36000061035156,38.470001220703125,38.83000183105469,58832100.0,33.91633605957031
2002-01-28,39.38999938964844,38.41999816894531,39.150001525878906,39.04999923706055,47795900.0,34.108489990234375
2002-01-29,39.400001525878906,37.5099983215332,39.130001068115234,37.97999954223633,83339800.0,33.173885345458984
2002-01-30,38.849998474121094,36.849998474121094,38.0,38.27000045776367,101385500.0,33.427181243896484
2002-01-31,38.75,38.02000045776367,38.56999969482422,38.5099983215332,69655500.0,33.6368293762207
2002-02-01,38.880001068115234,37.70000076293945,38.400001525878906,38.13999938964844,61207100.0,33.313655853271484
2002-02-04,38.06999969482422,36.61000061035156,37.959999084472656,36.91999816894531,82763300.0,32.24801254272461
2002-02-05,37.33000183105469,36.189998626708984,36.59000015258789,36.310001373291016,86853800.0,31.71523094177246
2002-02-06,36.88999938964844,35.70000076293945,36.84000015258789,36.060001373291016,98507600.0,31.496849060058594
2002-02-07,36.54999923706055,35.0,35.9900016784668,35.189998626708984,97725900.0,30.736949920654297
2002-02-08,36.2400016784668,34.970001220703125,35.459999084472656,36.16999816894531,80483100.0,31.592933654785156
2002-02-11,36.79999923706055,35.97999954223633,36.13999938964844,36.630001068115234,57641200.0,31.994728088378906
2002-02-12,36.97999954223633,36.040000915527344,36.310001373291016,36.33000183105469,51477700.0,31.732694625854492
2002-02-13,37.150001525878906,36.61000061035156,36.720001220703125,36.95000076293945,60984700.0,32.274234771728516
2002-02-14,37.56999969482422,36.0,37.150001525878906,36.880001068115234,77482300.0,32.213077545166016
2002-02-15,36.90999984741211,35.63999938964844,36.83000183105469,35.779998779296875,79719900.0,31.25228500366211
2002-02-19,35.459999084472656,34.31999969482422,35.369998931884766,34.68000030517578,72437200.0,30.291484832763672
2002-02-20,35.16999816894531,33.93000030517578,34.900001525878906,35.150001525878906,106552700.0,30.702011108398438
2002-02-21,34.95000076293945,33.47999954223633,34.790000915527344,33.47999954223633,109307800.0,29.243337631225586
2002-02-22,34.20000076293945,33.09000015258789,33.61000061035156,33.650001525878906,99824200.0,29.391826629638672
2002-02-25,35.25,33.95000076293945,34.0,35.0099983215332,88994700.0,30.579721450805664
2002-02-26,35.43000030517578,34.369998931884766,35.22999954223633,34.880001068115234,94683300.0,30.466184616088867
2002-02-27,35.5099983215332,34.060001373291016,35.38999938964844,34.400001525878906,95159300.0,30.046924591064453
2002-02-28,34.970001220703125,33.75,34.5099983215332,33.779998779296875,95711200.0,29.5053768157959
2002-03-01,35.75,34.09000015258789,34.150001525878906,35.7400016784668,86081600.0,31.217344284057617
2002-03-04,37.22999954223633,35.400001525878906,35.70000076293945,37.150001525878906,105734600.0,32.44893264770508
2002-03-05,37.869998931884766,36.810001373291016,36.93000030517578,37.41999816894531,91452600.0,32.684776306152344
2002-03-06,37.95000076293945,36.599998474121094,37.08000183105469,37.599998474121094,86943400.0,32.841976165771484
2002-03-07,38.33000183105469,37.0099983215332,38.119998931884766,37.68000030517578,85496000.0,32.91185760498047
2002-03-08,39.029998779296875,38.130001068115234,38.22999954223633,38.66999816894531,84443700.0,33.776573181152344
2002-03-11,39.189998626708984,38.060001373291016,38.349998474121094,38.529998779296875,71035200.0,33.654293060302734
2002-03-12,38.0,37.31999969482422,37.56999969482422,38.0,82652100.0,33.191375732421875
2002-03-13,37.65999984741211,36.869998931884766,37.40999984741211,37.08000183105469,71376200.0,32.387779235839844
2002-03-14,37.400001525878906,36.72999954223633,37.060001373291016,36.86000061035156,70700500.0,32.19562530517578
2002-03-15,37.33000183105469,36.59000015258789,36.88999938964844,37.22999954223633,63966500.0,32.51880645751953
2002-03-18,37.939998626708984,37.04999923706055,37.630001068115234,37.439998626708984,78938300.0,32.70222091674805
2002-03-19,37.880001068115234,37.220001220703125,37.599998474121094,37.380001068115234,58947600.0,32.649818420410156
2002-03-20,37.08000183105469,36.040000915527344,36.869998931884766,36.060001373291016,61816500.0,31.496849060058594
2002-03-21,37.13999938964844,35.900001525878906,36.150001525878906,37.02000045776367,89198800.0,32.335384368896484
2002-03-22,37.13999938964844,36.470001220703125,36.939998626708984,36.68000030517578,58930100.0,32.03840255737305
2002-03-25,36.900001525878906,35.52000045776367,36.689998626708984,35.560001373291016,87421900.0,31.060115814208984
2002-03-26,36.41999816894531,35.400001525878906,35.41999816894531,35.88999938964844,92457500.0,31.348365783691406
2002-03-27,36.0,35.400001525878906,35.630001068115234,35.61000061035156,64531800.0,31.103811264038086
2002-03-28,36.369998931884766,35.900001525878906,36.02000045776367,36.060001373291016,59539400.0,31.496849060058594
2002-04-01,36.900001525878906,35.29999923706055,35.79999923706055,36.75,70730500.0,32.09954071044922
2002-04-02,36.150001525878906,35.0,35.97999954223633,35.09000015258789,77759800.0,30.649608612060547
2002-04-03,35.45000076293945,34.29999923706055,35.29999923706055,35.029998779296875,85766400.0,30.597198486328125
2002-04-04,35.15999984741211,34.279998779296875,34.5,34.7599983215332,90521500.0,30.361364364624023
2002-04-05,35.16999816894531,34.18000030517578,35.0099983215332,34.369998931884766,68426000.0,30.020715713500977
2002-04-08,34.79999923706055,33.41999816894531,33.470001220703125,34.79999923706055,74950700.0,30.396305084228516
2002-04-09,34.97999954223633,33.4900016784668,34.779998779296875,33.59000015258789,80910200.0,29.33942222595215
2002-04-10,34.25,33.130001068115234,33.7599983215332,33.84000015258789,85748700.0,29.557788848876953
2002-04-11,33.849998474121094,32.880001068115234,33.65999984741211,33.0,90665600.0,28.82407569885254
2002-04-12,33.79999923706055,32.95000076293945,33.31999969482422,33.52000045776367,78360100.0,29.278270721435547
2002-04-15,33.959999084472656,33.20000076293945,33.79999923706055,33.790000915527344,69306800.0,29.514114379882812
2002-04-16,35.220001220703125,34.40999984741211,34.43000030517578,35.20000076293945,72064700.0,30.74567985534668
2002-04-17,35.5,34.650001525878906,35.400001525878906,35.02000045776367,69130100.0,30.588459014892578
2002-04-18,35.150001525878906,34.0,34.779998779296875,34.349998474121094,91086100.0,30.00324821472168
2002-04-19,35.060001373291016,34.380001068115234,35.04999923706055,34.459999084472656,62286800.0,30.099323272705078
2002-04-22,34.0099983215332,33.25,34.0099983215332,33.59000015258789,64625600.0,29.33942222595215
2002-04-23,33.939998626708984,32.70000076293945,33.59000015258789,33.0099983215332,73070300.0,28.832813262939453
2002-04-24,33.310001373291016,32.20000076293945,33.209999084472656,32.5,68953900.0,28.387346267700195
2002-04-25,32.72999954223633,32.0,32.29999923706055,32.41999816894531,103073700.0,28.317474365234375
2002-04-26,32.779998779296875,31.010000228881836,32.65999984741211,31.040000915527344,100193400.0,27.112106323242188
2002-04-29,31.549999237060547,30.559999465942383,31.239999771118164,31.1200008392334,85326800.0,27.181987762451172
2002-04-30,32.189998626708984,30.940000534057617,31.030000686645508,31.729999542236328,95357900.0,27.714786529541016
2002-05-01,31.84000015258789,30.579999923706055,31.670000076293945,31.559999465942383,109975700.0,27.566307067871094
2002-05-02,31.989999771118164,30.459999084472656,31.389999389648438,30.510000228881836,85852200.0,26.649173736572266
2002-05-03,30.510000228881836,29.479999542236328,30.469999313354492,29.739999771118164,92103200.0,25.97661018371582
2002-05-06,29.979999542236328,28.850000381469727,29.6299991607666,28.969999313354492,96491200.0,25.304048538208008
2002-05-07,29.350000381469727,28.420000076293945,29.270000457763672,28.700000762939453,101954400.0,25.06821632385254
2002-05-08,31.8799991607666,30.0,30.1299991607666,31.770000457763672,129741500.0,27.749723434448242
2002-05-09,31.889999389648438,30.799999237060547,31.56999969482422,30.950000762939453,106477200.0,27.033493041992188
2002-05-10,31.09000015258789,29.5,31.010000228881836,29.559999465942383,112282800.0,25.819385528564453
2002-05-13,30.979999542236328,29.670000076293945,29.8700008392334,30.760000228881836,93971200.0,26.867538452148438
2002-05-14,32.650001525878906,31.8700008392334,32.04999923706055,32.56999969482422,107284700.0,28.448488235473633
2002-05-15,33.630001068115234,31.850000381469727,32.08000183105469,32.810001373291016,150522100.0,28.658126831054688
2002-05-16,33.04999923706055,32.220001220703125,32.540000915527344,32.86000061035156,89916300.0,28.70179557800293
2002-05-17,33.40999984741211,32.470001220703125,33.290000915527344,32.93000030517578,82695000.0,28.762948989868164
2002-05-20,32.70000076293945,31.940000534057617,32.599998474121094,32.209999084472656,78144200.0,28.13404655456543
2002-05-21,32.59000015258789,31.0,32.36000061035156,31.329999923706055,104180000.0,27.365402221679688
2002-05-22,31.59000015258789,30.40999984741211,30.969999313354492,31.399999618530273,89543100.0,27.426549911499023
2002-05-23,32.099998474121094,30.799999237060547,31.6299991607666,32.029998779296875,94445800.0,27.976823806762695
2002-05-24,31.690000534057617,31.010000228881836,31.59000015258789,31.239999771118164,55874600.0,27.28679656982422
2002-05-28,31.520000457763672,30.489999771118164,31.469999313354492,31.100000381469727,68829400.0,27.164512634277344
2002-05-29,30.899999618530273,30.239999771118164,30.65999984741211,30.280000686645508,73470200.0,26.44828224182129
2002-05-30,30.719999313354492,29.899999618530273,30.010000228881836,30.540000915527344,92080500.0,26.67538070678711
2002-05-31,31.040000915527344,30.0,30.760000228881836,30.040000915527344,79907400.0,26.2386531829834
2002-06-03,30.25,28.790000915527344,30.0,28.979999542236328,77043700.0,25.31278419494629
2002-06-04,29.68000030517578,28.610000610351562,28.75,29.360000610351562,98366200.0,25.644691467285156
2002-06-05,29.799999237060547,28.969999313354492,29.420000076293945,29.65999984741211,95347100.0,25.90673065185547
2002-06-06,29.510000228881836,27.899999618530273,29.510000228881836,28.8799991607666,91129700.0,25.225435256958008
2002-06-07,28.790000915527344,27.520000457763672,27.6299991607666,28.299999237060547,106049200.0,24.718828201293945
2002-06-10,28.75,28.139999389648438,28.360000610351562,28.25,73142900.0,24.675159454345703
2002-06-11,28.690000534057617,27.360000610351562,28.600000381469727,27.459999084472656,84609500.0,23.985132217407227
2002-06-12,27.959999084472656,26.829999923706055,27.239999771118164,27.860000610351562,152974400.0,24.334505081176758
2002-06-13,28.209999084472656,27.350000381469727,27.760000228881836,27.68000030517578,97556300.0,24.177295684814453
2002-06-14,27.719999313354492,26.200000762939453,26.860000610351562,27.6200008392334,122106800.0,24.12488555908203
2002-06-17,28.75,27.90999984741211,28.0,28.559999465942383,87618100.0,24.94593048095703
2002-06-18,29.149999618530273,28.280000686645508,28.309999465942383,29.020000457763672,100513400.0,25.34771728515625
2002-06-19,28.31999969482422,27.25,28.100000381469727,27.34000015258789,93507600.0,23.880313873291016
2002-06-20,27.450000762939453,25.670000076293945,27.270000457763672,26.459999084472656,99913200.0,23.11166763305664
2002-06-21,26.780000686645508,25.649999618530273,26.360000610351562,25.81999969482422,168755100.0,22.55266571044922
2002-06-24,26.799999237060547,25.209999084472656,25.450000762939453,26.329999923706055,219672100.0,22.99812126159668
2002-06-25,26.719999313354492,25.299999237060547,26.579999923706055,25.459999084472656,136336400.0,22.238218307495117
2002-06-26,25.780000686645508,24.389999389648438,24.43000030517578,25.649999618530273,149080300.0,22.4041690826416
2002-06-27,26.25,25.020000457763672,26.0,26.209999084472656,121371100.0,22.893306732177734
2002-06-28,26.75,25.850000381469727,26.049999237060547,26.100000381469727,87842000.0,22.79723358154297
2002-07-01,26.139999389648438,24.780000686645508,25.969999313354492,24.850000381469727,64753900.0,21.705406188964844
2002-07-02,24.75,23.09000015258789,24.600000381469727,23.950000762939453,111629600.0,20.919288635253906
2002-07-03,24.75,23.6200008392334,23.850000381469727,24.75,101067000.0,21.618057250976562
2002-07-05,26.389999389648438,25.049999237060547,25.260000228881836,26.34000015258789,56768300.0,23.006851196289062
2002-07-08,26.549999237060547,25.079999923706055,26.200000762939453,25.3799991607666,97288500.0,22.1683349609375
2002-07-09,25.479999542236328,24.59000015258789,25.25,24.65999984741211,91039600.0,21.539451599121094
2002-07-10,25.030000686645508,23.829999923706055,24.989999771118164,23.899999618530273,115365200.0,20.875627517700195
2002-07-11,24.889999389648438,23.530000686645508,23.760000228881836,24.799999237060547,170271200.0,21.66172981262207
2002-07-12,25.520000457763672,24.549999237060547,25.25,24.799999237060547,130027800.0,21.66172981262207
2002-07-15,25.639999389648438,23.75,24.68000030517578,25.56999969482422,140207200.0,22.33429718017578
2002-07-16,26.020000457763672,24.899999618530273,25.25,25.190000534057617,148281700.0,22.00237274169922
2002-07-17,26.440000534057617,24.889999389648438,26.06999969482422,25.649999618530273,157954700.0,22.4041690826416
2002-07-18,25.56999969482422,24.520000457763672,25.3799991607666,24.729999542236328,114052300.0,21.60059356689453
2002-07-19,24.709999084472656,23.799999237060547,24.329999923706055,23.989999771118164,124116400.0,20.95423126220703
2002-07-22,24.5,23.09000015258789,23.850000381469727,23.399999618530273,150034800.0,20.438888549804688
2002-07-23,23.75,22.280000686645508,23.450000762939453,22.399999618530273,150786800.0,19.565427780151367
2002-07-24,23.65999984741211,21.639999389648438,21.809999465942383,23.6200008392334,186493600.0,20.631053924560547
2002-07-25,23.399999618530273,21.799999237060547,23.25,22.25,153915500.0,19.434423446655273
2002-07-26,22.84000015258789,22.010000228881836,22.559999465942383,22.670000076293945,96034200.0,19.80126953125
2002-07-29,24.1200008392334,23.079999923706055,23.270000457763672,23.829999923706055,96735200.0,20.814481735229492
2002-07-30,24.690000534057617,23.59000015258789,23.729999542236328,24.309999465942383,117394300.0,21.233741760253906
2002-07-31,24.190000534057617,23.360000610351562,24.0,23.850000381469727,93831300.0,20.831945419311523
2002-08-01,23.899999618530273,22.65999984741211,23.739999771118164,22.729999542236328,85149700.0,19.85367774963379
2002-08-02,22.84000015258789,21.81999969482422,22.780000686645508,22.25,86706000.0,19.434423446655273
2002-08-05,22.31999969482422,21.299999237060547,22.110000610351562,21.440000534057617,84897800.0,18.726913452148438
2002-08-06,23.010000228881836,21.790000915527344,21.799999237060547,22.5,115364600.0,19.652780532836914
2002-08-07,23.3700008392334,21.959999084472656,23.200000762939453,22.799999237060547,125677100.0,19.91482162475586
2002-08-08,23.600000381469727,22.299999237060547,22.75,23.56999969482422,111697900.0,20.587379455566406
2002-08-09,23.709999084472656,22.8799991607666,23.200000762939453,23.329999923706055,93576900.0,20.377744674682617
2002-08-12,23.479999542236328,22.899999618530273,23.049999237060547,23.399999618530273,62870900.0,20.438888549804688
2002-08-13,23.8700008392334,22.549999237060547,23.229999542236328,22.600000381469727,88434400.0,19.74012565612793
2002-08-14,24.200000762939453,22.469999313354492,22.670000076293945,24.040000915527344,102613500.0,20.997905731201172
2002-08-15,24.549999237060547,23.719999313354492,24.239999771118164,24.530000686645508,120307800.0,21.425891876220703
2002-08-16,25.0,23.729999542236328,24.1299991607666,24.700000762939453,95853000.0,21.574392318725586
2002-08-19,25.59000015258789,24.68000030517578,24.770000457763672,25.299999237060547,76015900.0,22.098459243774414
2002-08-20,25.43000030517578,24.850000381469727,25.18000030517578,25.190000534057617,89981300.0,22.00237274169922
2002-08-21,25.850000381469727,25.0,25.389999389648438,25.75,101365500.0,22.49151611328125
2002-08-22,26.209999084472656,25.420000076293945,25.739999771118164,26.15999984741211,80345500.0,22.84963607788086
2002-08-23,25.809999465942383,24.950000762939453,25.799999237060547,25.149999618530273,75211200.0,21.967445373535156
2002-08-26,25.389999389648438,24.610000610351562,25.299999237060547,25.25,83335400.0,22.054790496826172
2002-08-27,25.510000228881836,24.149999618530273,25.43000030517578,24.3700008392334,92340400.0,21.28614616394043
2002-08-28,24.09000015258789,23.389999389648438,24.020000457763672,23.479999542236328,115562300.0,20.50876808166504
2002-08-29,24.219999313354492,23.020000457763672,23.200000762939453,23.790000915527344,97028200.0,20.779531478881836
2002-08-30,24.0,23.3799991607666,23.6200008392334,23.489999771118164,59474900.0,20.517498016357422
2002-09-03,23.43000030517578,22.34000015258789,23.059999465942383,22.639999389648438,81828100.0,19.775066375732422
2002-09-04,23.020000457763672,22.239999771118164,22.5,22.729999542236328,82717600.0,19.85367774963379
2002-09-05,22.5,21.93000030517578,22.399999618530273,22.170000076293945,91576600.0,19.364547729492188
2002-09-06,23.219999313354492,22.600000381469727,22.65999984741211,22.850000381469727,86008800.0,19.958486557006836
2002-09-09,23.3700008392334,22.389999389648438,22.670000076293945,23.079999923706055,72679500.0,20.159399032592773
2002-09-10,23.670000076293945,23.030000686645508,23.229999542236328,23.649999618530273,74615800.0,20.657257080078125
2002-09-11,24.350000381469727,23.420000076293945,24.1200008392334,23.450000762939453,73902800.0,20.48257064819336
2002-09-12,23.260000228881836,22.709999084472656,23.229999542236328,22.809999465942383,70763500.0,19.92355728149414
2002-09-13,23.079999923706055,22.520000457763672,22.600000381469727,22.989999771118164,79716100.0,20.080780029296875
2002-09-16,23.0,22.3700008392334,22.860000610351562,22.65999984741211,58853600.0,19.792537689208984
2002-09-17,23.209999084472656,22.18000030517578,23.049999237060547,22.18000030517578,89139700.0,19.373271942138672
2002-09-18,22.549999237060547,21.780000686645508,22.010000228881836,21.93000030517578,92358300.0,19.154911041259766
2002-09-19,22.1299991607666,21.549999237060547,21.700000762939453,21.579999923706055,86247700.0,18.849206924438477
2002-09-20,21.899999618530273,21.479999542236328,21.829999923706055,21.670000076293945,78116900.0,18.927810668945312
2002-09-23,21.520000457763672,20.809999465942383,21.450000762939453,21.020000457763672,72757500.0,18.360065460205078
2002-09-24,21.450000762939453,20.649999618530273,20.68000030517578,21.030000686645508,91507300.0,18.368803024291992
2002-09-25,22.040000915527344,21.100000381469727,21.350000381469727,21.8700008392334,98051900.0,19.102508544921875
2002-09-26,22.329999923706055,21.3700008392334,22.15999984741211,21.600000381469727,104453500.0,18.86666488647461
2002-09-27,22.209999084472656,21.309999465942383,21.549999237060547,21.309999465942383,92249700.0,18.613367080688477
2002-09-30,21.239999771118164,20.489999771118164,21.06999969482422,20.719999313354492,91502500.0,18.0980281829834
2002-10-01,21.989999771118164,20.469999313354492,20.90999984741211,21.979999542236328,102096000.0,19.198591232299805
2002-10-02,21.969999313354492,20.969999313354492,21.510000228881836,21.25,94829700.0,18.56096649169922
2002-10-03,21.399999618530273,20.68000030517578,21.059999465942383,20.739999771118164,74354800.0,18.115503311157227
2002-10-04,21.020000457763672,20.110000610351562,20.940000534057617,20.350000381469727,81837100.0,17.774850845336914
2002-10-07,20.59000015258789,19.850000381469727,20.260000228881836,20.15999984741211,79861800.0,17.6088924407959
2002-10-08,20.610000610351562,19.760000228881836,20.280000686645508,20.200000762939453,94103100.0,17.64383316040039
2002-10-09,20.530000686645508,19.84000015258789,19.940000534057617,20.059999465942383,103301000.0,17.521547317504883
2002-10-10,21.209999084472656,19.90999984741211,20.100000381469727,21.079999923706055,109610500.0,18.412473678588867
2002-10-11,22.3799991607666,21.420000076293945,21.549999237060547,22.219999313354492,124777400.0,19.408214569091797
2002-10-14,22.5,21.780000686645508,21.8700008392334,22.479999542236328,78890300.0,19.635311126708984
2002-10-15,23.6299991607666,23.18000030517578,23.440000534057617,23.559999465942383,118176000.0,20.578655242919922
2002-10-16,23.15999984741211,22.06999969482422,22.709999084472656,22.780000686645508,97441900.0,19.897340774536133
2002-10-17,23.809999465942383,22.579999923706055,23.600000381469727,23.549999237060547,95754500.0,20.569910049438477
2002-10-18,23.850000381469727,22.93000030517578,23.280000686645508,23.809999465942383,84941900.0,20.797012329101562
2002-10-21,24.450000762939453,23.299999237060547,23.520000457763672,24.290000915527344,85311500.0,21.21626853942871
2002-10-22,24.34000015258789,23.649999618530273,23.729999542236328,24.139999389648438,89947000.0,21.085247039794922
2002-10-23,24.6299991607666,23.670000076293945,23.850000381469727,24.600000381469727,88093500.0,21.487045288085938
2002-10-24,24.860000610351562,23.920000076293945,24.68000030517578,23.979999542236328,88674800.0,20.94550132751465
2002-10-25,24.75,23.989999771118164,23.989999771118164,24.700000762939453,71557300.0,21.574392318725586
2002-10-28,25.040000915527344,24.170000076293945,25.0,24.489999771118164,90272000.0,21.390958786010742
2002-10-29,24.469999313354492,23.3700008392334,24.309999465942383,23.920000076293945,90293800.0,20.893083572387695
2002-10-30,24.790000915527344,23.850000381469727,24.059999465942383,24.559999465942383,103531100.0,21.452110290527344
2002-10-31,25.040000915527344,24.360000610351562,24.65999984741211,24.549999237060547,81493100.0,21.443363189697266
2002-11-01,25.399999618530273,24.139999389648438,24.3700008392334,25.25,86658400.0,22.054790496826172
2002-11-04,26.81999969482422,25.799999237060547,26.049999237060547,25.899999618530273,110562400.0,22.622533798217773
2002-11-05,26.170000076293945,25.559999465942383,25.709999084472656,26.100000381469727,79603300.0,22.79723358154297
2002-11-06,26.610000610351562,25.639999389648438,26.290000915527344,26.469999313354492,116251700.0,23.120410919189453
2002-11-07,26.100000381469727,25.309999465942383,25.989999771118164,25.540000915527344,82711600.0,22.308086395263672
2002-11-08,25.8700008392334,24.959999084472656,25.489999771118164,25.06999969482422,76937600.0,21.897565841674805
2002-11-11,25.020000457763672,24.149999618530273,24.950000762939453,24.309999465942383,74384300.0,21.233741760253906
2002-11-12,25.399999618530273,24.399999618530273,24.399999618530273,24.93000030517578,88748800.0,21.775278091430664
2002-11-13,25.700000762939453,24.489999771118164,24.700000762939453,25.229999542236328,119341800.0,22.037328720092773
2002-11-14,26.420000076293945,25.520000457763672,25.579999923706055,26.100000381469727,85720100.0,22.79723358154297
2002-11-15,26.450000762939453,25.75,25.899999618530273,26.440000534057617,69291300.0,23.094205856323242
2002-11-18,26.770000457763672,25.989999771118164,26.709999084472656,26.049999237060547,76238000.0,22.753549575805664
2002-11-19,26.049999237060547,25.299999237060547,25.799999237060547,25.649999618530273,88139200.0,22.4041690826416
2002-11-20,26.75,25.540000915527344,25.559999465942383,26.739999771118164,75104700.0,23.356231689453125
2002-11-21,27.84000015258789,26.75,26.93000030517578,27.729999542236328,105472900.0,24.22096061706543
2002-11-22,27.940000534057617,27.31999969482422,27.3700008392334,27.719999313354492,73808600.0,24.21222686767578
2002-11-25,28.200000762939453,27.540000915527344,27.760000228881836,27.989999771118164,72666100.0,24.448055267333984
2002-11-26,27.8700008392334,26.899999618530273,27.780000686645508,27.049999237060547,80017900.0,23.62700653076172
2002-11-27,28.200000762939453,27.479999542236328,27.530000686645508,27.90999984741211,73643900.0,24.37818145751953
2002-11-29,28.290000915527344,27.219999313354492,28.209999084472656,27.719999313354492,34652100.0,24.21222686767578
2002-12-02,28.790000915527344,27.56999969482422,28.420000076293945,28.0,85136000.0,24.456804275512695
2002-12-03,27.579999923706055,26.93000030517578,27.549999237060547,27.170000076293945,76595500.0,23.731826782226562
2002-12-04,26.950000762939453,26.209999084472656,26.559999465942383,26.56999969482422,130115900.0,23.207752227783203
2002-12-05,27.0,26.1299991607666,26.950000762939453,26.200000762939453,84933200.0,22.884578704833984
2002-12-06,26.719999313354492,25.739999771118164,25.809999465942383,26.469999313354492,81727900.0,23.120410919189453
2002-12-09,26.549999237060547,25.200000762939453,26.219999313354492,25.219999313354492,75855200.0,22.028581619262695
2002-12-10,25.950000762939453,25.350000381469727,25.420000076293945,25.600000381469727,69578300.0,22.360504150390625
2002-12-11,26.06999969482422,25.31999969482422,25.440000534057617,25.719999313354492,64237600.0,22.465312957763672
2002-12-12,26.690000534057617,25.559999465942383,26.0,25.860000610351562,62296400.0,22.58759307861328
2002-12-13,25.56999969482422,25.010000228881836,25.520000457763672,25.040000915527344,72647800.0,21.87136459350586
2002-12-16,25.959999084472656,25.06999969482422,25.219999313354492,25.850000381469727,60278500.0,22.578866958618164
2002-12-17,26.200000762939453,25.65999984741211,25.809999465942383,25.93000030517578,62562700.0,22.64875030517578
2002-12-18,25.600000381469727,25.049999237060547,25.549999237060547,25.3799991607666,67130700.0,22.1683349609375
2002-12-19,25.780000686645508,24.809999465942383,25.170000076293945,25.059999465942383,95969700.0,21.888835906982422
2002-12-20,25.450000762939453,25.06999969482422,25.329999923706055,25.31999969482422,65578600.0,22.115922927856445
2002-12-23,25.760000228881836,25.1299991607666,25.18000030517578,25.670000076293945,45941700.0,22.421634674072266
2002-12-24,25.729999542236328,25.31999969482422,25.5,25.350000381469727,16772700.0,22.142133712768555
2002-12-26,25.90999984741211,25.170000076293945,25.530000686645508,25.280000686645508,33795400.0,22.08099365234375
2002-12-27,25.850000381469727,24.75,25.18000030517578,24.81999969482422,42490200.0,21.679195404052734
2002-12-30,24.969999313354492,24.360000610351562,24.84000015258789,24.6299991607666,57396400.0,21.513246536254883
2002-12-31,24.709999084472656,24.280000686645508,24.540000915527344,24.3700008392334,46015400.0,21.28614616394043
2003-01-02,25.549999237060547,24.450000762939453,24.719999313354492,25.399999618530273,65903200.0,22.185806274414062
2003-01-03,25.709999084472656,25.280000686645508,25.459999084472656,25.68000030517578,39059500.0,22.430374145507812
2003-01-06,26.59000015258789,25.200000762939453,25.709999084472656,26.31999969482422,67223400.0,22.98938751220703
2003-01-07,26.93000030517578,26.25,26.40999984741211,26.649999618530273,88726100.0,23.27762222290039
2003-01-08,26.969999313354492,25.84000015258789,26.389999389648438,25.899999618530273,74989900.0,22.622533798217773
2003-01-09,26.979999542236328,26.219999313354492,26.239999771118164,26.700000762939453,75391100.0,23.32130241394043
2003-01-10,27.260000228881836,26.219999313354492,26.350000381469727,27.100000381469727,82594300.0,23.670684814453125
2003-01-13,27.469999313354492,26.729999542236328,27.329999923706055,26.940000534057617,72870300.0,23.530933380126953
2003-01-14,27.31999969482422,26.850000381469727,26.90999984741211,27.079999923706055,46993800.0,23.653213500976562
2003-01-15,27.350000381469727,26.579999923706055,27.239999771118164,26.739999771118164,55131000.0,23.356231689453125
2003-01-16,26.979999542236328,26.25,26.790000915527344,26.440000534057617,68740300.0,23.094205856323242
2003-01-17,25.940000534057617,25.270000457763672,25.899999618530273,25.309999465942383,77289400.0,22.10719108581543
2003-01-21,25.549999237060547,25.020000457763672,25.40999984741211,25.030000686645508,67729600.0,21.86263084411621
2003-01-22,25.530000686645508,24.8700008392334,24.959999084472656,24.93000030517578,80020200.0,21.775278091430664
2003-01-23,25.84000015258789,25.110000610351562,25.399999618530273,25.510000228881836,78471100.0,22.281888961791992
2003-01-24,25.530000686645508,24.639999389648438,25.530000686645508,24.81999969482422,74519700.0,21.679195404052734
2003-01-27,25.030000686645508,24.3700008392334,24.450000762939453,24.530000686645508,76561000.0,21.425891876220703
2003-01-28,25.049999237060547,24.420000076293945,24.770000457763672,24.780000686645508,65217200.0,21.64426040649414
2003-01-29,25.450000762939453,24.34000015258789,24.760000228881836,25.149999618530273,95717500.0,21.967445373535156
2003-01-30,25.420000076293945,24.489999771118164,25.31999969482422,24.5,70333800.0,21.399696350097656
2003-01-31,24.760000228881836,24.010000228881836,24.059999465942383,24.440000534057617,90505600.0,21.3472900390625
2003-02-03,24.790000915527344,24.3799991607666,24.520000457763672,24.489999771118164,53158800.0,21.390958786010742
2003-02-04,24.299999237060547,23.81999969482422,24.18000030517578,24.190000534057617,68235700.0,21.12891960144043
2003-02-05,24.860000610351562,24.010000228881836,24.329999923706055,24.079999923706055,80107700.0,21.032835006713867
2003-02-06,24.350000381469727,23.860000610351562,24.040000915527344,24.209999084472656,103552000.0,21.14638900756836
2003-02-07,24.450000762939453,23.649999618530273,24.360000610351562,23.809999465942383,72312400.0,20.797012329101562
2003-02-10,24.25,23.6200008392334,23.889999389648438,24.020000457763672,67572600.0,20.980432510375977
2003-02-11,24.610000610351562,23.920000076293945,24.25,24.149999618530273,77823300.0,21.093978881835938
2003-02-12,24.329999923706055,23.780000686645508,24.06999969482422,23.81999969482422,51753000.0,20.80574607849121
2003-02-13,23.979999542236328,23.31999969482422,23.850000381469727,23.940000534057617,77387400.0,20.910566329956055
2003-02-14,24.5,23.6200008392334,23.829999923706055,24.489999771118164,67510400.0,21.390958786010742
2003-02-18,25.34000015258789,24.68000030517578,24.700000762939453,25.25,73976800.0,22.054790496826172
2003-02-19,25.239999771118164,24.709999084472656,25.200000762939453,25.079999923706055,45541400.0,21.906299591064453
2003-02-20,25.270000457763672,24.84000015258789,25.149999618530273,24.979999542236328,59759800.0,21.81895637512207
2003-02-21,25.3700008392334,24.510000228881836,24.93000030517578,25.170000076293945,70228500.0,21.984909057617188
2003-02-24,25.209999084472656,24.709999084472656,25.1299991607666,24.739999771118164,56646600.0,21.60931968688965
2003-02-25,24.950000762939453,24.079999923706055,24.450000762939453,24.770000457763672,74440700.0,21.635526657104492
2003-02-26,24.940000534057617,24.200000762939453,24.68000030517578,24.219999313354492,60005600.0,21.15513038635254
2003-02-27,24.920000076293945,24.270000457763672,24.420000076293945,24.770000457763672,66424000.0,21.635526657104492
2003-02-28,25.219999313354492,24.719999313354492,24.809999465942383,25.15999984741211,50185800.0,21.97617530822754
2003-03-03,25.479999542236328,24.559999465942383,25.270000457763672,24.649999618530273,60414400.0,21.530715942382812
2003-03-04,24.770000457763672,24.420000076293945,24.65999984741211,24.5,56043500.0,21.399696350097656
2003-03-05,24.780000686645508,24.31999969482422,24.399999618530273,24.549999237060547,69096500.0,21.443363189697266
2003-03-06,24.68000030517578,24.229999542236328,24.43000030517578,24.489999771118164,59108600.0,21.390958786010742
2003-03-07,24.690000534057617,23.959999084472656,24.079999923706055,24.540000915527344,73291000.0,21.434642791748047
2003-03-10,24.450000762939453,23.90999984741211,24.329999923706055,24.010000228881836,55948000.0,20.971702575683594
2003-03-11,24.239999771118164,23.780000686645508,24.059999465942383,23.799999237060547,54934200.0,20.788280487060547
2003-03-12,24.239999771118164,23.540000915527344,23.760000228881836,24.229999542236328,77859800.0,21.16386604309082
2003-03-13,25.649999618530273,24.399999618530273,24.639999389648438,25.6200008392334,128537600.0,22.37796974182129
2003-03-14,25.979999542236328,25.360000610351562,25.729999542236328,25.719999313354492,89794400.0,22.465312957763672
2003-03-17,26.799999237060547,25.350000381469727,25.43000030517578,26.600000381469727,141040800.0,23.23396110534668
2003-03-18,26.969999313354492,26.420000076293945,26.799999237060547,26.93000030517578,96548700.0,23.52219581604004
2003-03-19,26.950000762939453,26.329999923706055,26.850000381469727,26.700000762939453,91315100.0,23.32130241394043
2003-03-20,27.139999389648438,26.170000076293945,26.540000915527344,26.799999237060547,92789700.0,23.408649444580078
2003-03-21,27.3799991607666,26.200000762939453,27.209999084472656,27.170000076293945,93304600.0,23.731826782226562
2003-03-24,26.600000381469727,25.969999313354492,26.469999313354492,26.040000915527344,85244500.0,22.744821548461914
2003-03-25,26.760000228881836,26.010000228881836,26.149999618530273,26.40999984741211,78731500.0,23.067995071411133
2003-03-26,26.770000457763672,26.360000610351562,26.5,26.559999465942383,67880200.0,23.199020385742188
2003-03-27,26.649999618530273,26.100000381469727,26.270000457763672,26.3700008392334,64113100.0,23.033061981201172
2003-03-28,26.43000030517578,25.950000762939453,26.139999389648438,26.079999923706055,45374700.0,22.77975845336914
2003-03-31,25.729999542236328,25.209999084472656,25.600000381469727,25.25,89345300.0,22.054790496826172
2003-04-01,25.670000076293945,25.25,25.440000534057617,25.450000762939453,73159500.0,22.229475021362305
2003-04-02,26.559999465942383,26.030000686645508,26.059999465942383,26.149999618530273,75843800.0,22.840900421142578
2003-04-03,26.850000381469727,26.309999465942383,26.639999389648438,26.479999542236328,70138200.0,23.129138946533203
2003-04-04,26.600000381469727,25.969999313354492,26.56999969482422,26.049999237060547,65665700.0,22.753549575805664
2003-04-07,27.200000762939453,26.06999969482422,27.110000610351562,26.09000015258789,83842700.0,22.788497924804688
2003-04-08,26.290000915527344,25.8799991607666,26.149999618530273,26.059999465942383,54250600.0,22.762283325195312
2003-04-09,26.280000686645508,25.40999984741211,26.100000381469727,25.459999084472656,76457100.0,22.238218307495117
2003-04-10,25.770000457763672,25.299999237060547,25.459999084472656,25.770000457763672,57017500.0,22.50898551940918
2003-04-11,26.15999984741211,25.360000610351562,26.020000457763672,25.510000228881836,67974500.0,22.281888961791992
2003-04-14,26.139999389648438,25.489999771118164,25.600000381469727,26.030000686645508,52476200.0,22.736087799072266
2003-04-15,26.459999084472656,25.850000381469727,25.969999313354492,26.280000686645508,64655700.0,22.954448699951172
2003-04-16,26.829999923706055,26.1200008392334,26.649999618530273,26.219999313354492,70711600.0,22.902042388916016
2003-04-17,26.979999542236328,26.149999618530273,26.15999984741211,26.81999969482422,70179900.0,23.426118850708008
2003-04-21,27.100000381469727,26.6200008392334,26.940000534057617,26.920000076293945,52729600.0,23.513458251953125
2003-04-22,27.459999084472656,26.649999618530273,26.729999542236328,27.43000030517578,70757200.0,23.958927154541016
2003-04-23,27.75,27.260000228881836,27.5,27.6299991607666,70327100.0,24.133609771728516
2003-04-24,27.75,27.270000457763672,27.360000610351562,27.479999542236328,72383900.0,24.002593994140625
2003-04-25,27.420000076293945,26.860000610351562,27.31999969482422,26.950000762939453,63277900.0,23.5396728515625
2003-04-28,27.6299991607666,26.950000762939453,27.049999237060547,27.479999542236328,59666200.0,24.002593994140625
2003-04-29,28.059999465942383,27.40999984741211,27.639999389648438,27.729999542236328,79903800.0,24.22096061706543
2003-04-30,27.790000915527344,27.43000030517578,27.649999618530273,27.450000762939453,60202100.0,23.976390838623047
2003-05-01,27.8700008392334,27.190000534057617,27.440000534057617,27.690000534057617,66022600.0,24.186023712158203
2003-05-02,28.290000915527344,27.56999969482422,27.610000610351562,28.280000686645508,85004100.0,24.701358795166016
2003-05-05,28.709999084472656,28.170000076293945,28.329999923706055,28.25,80520300.0,24.675159454345703
2003-05-06,28.899999618530273,28.209999084472656,28.219999313354492,28.610000610351562,77338300.0,24.989614486694336
2003-05-07,28.690000534057617,28.1200008392334,28.40999984741211,28.290000915527344,70353200.0,24.71009635925293
2003-05-08,28.190000534057617,27.760000228881836,27.850000381469727,27.770000457763672,80249100.0,24.255903244018555
2003-05-09,28.479999542236328,28.0,28.040000915527344,28.40999984741211,58528200.0,24.814910888671875
2003-05-12,28.959999084472656,28.170000076293945,28.360000610351562,28.84000015258789,67487300.0,25.19049835205078
2003-05-13,28.989999771118164,28.540000915527344,28.6299991607666,28.65999984741211,64934300.0,25.033279418945312
2003-05-14,28.969999313354492,28.360000610351562,28.8700008392334,28.600000381469727,62181200.0,24.980871200561523
2003-05-15,28.979999542236328,28.559999465942383,28.75,28.920000076293945,62232100.0,25.260379791259766
2003-05-16,28.940000534057617,28.479999542236328,28.729999542236328,28.700000762939453,70590400.0,25.06821632385254
2003-05-19,28.68000030517578,27.610000610351562,28.520000457763672,27.690000534057617,91334800.0,24.186023712158203
2003-05-20,27.959999084472656,27.40999984741211,27.760000228881836,27.770000457763672,71817800.0,24.255903244018555
2003-05-21,27.75,27.440000534057617,27.649999618530273,27.690000534057617,63648500.0,24.186023712158203
2003-05-22,28.31999969482422,27.6200008392334,27.760000228881836,28.09000015258789,62401400.0,24.535409927368164
2003-05-23,28.25,27.950000762939453,28.040000915527344,28.100000381469727,37922500.0,24.54413414001465
2003-05-27,29.219999313354492,27.899999618530273,27.93000030517578,29.100000381469727,101422100.0,25.417600631713867
2003-05-28,29.399999618530273,28.959999084472656,29.15999984741211,29.190000534057617,76290400.0,25.496206283569336
2003-05-29,29.799999237060547,29.15999984741211,29.229999542236328,29.309999465942383,97336000.0,25.601030349731445
2003-05-30,29.8700008392334,29.450000762939453,29.530000686645508,29.790000915527344,78093700.0,26.020280838012695
2003-06-02,30.200000762939453,29.309999465942383,30.079999923706055,29.579999923706055,102937000.0,25.836854934692383
2003-06-03,29.8799991607666,29.329999923706055,29.440000534057617,29.860000610351562,81672600.0,26.081422805786133
2003-06-04,30.579999923706055,29.719999313354492,29.809999465942383,30.420000076293945,87046100.0,26.570560455322266
2003-06-05,30.68000030517578,29.969999313354492,30.1299991607666,30.639999389648438,88747900.0,26.762712478637695
2003-06-06,31.469999313354492,30.040000915527344,31.209999084472656,30.1299991607666,157178100.0,26.3172607421875
2003-06-09,30.219999313354492,29.530000686645508,30.0,29.729999542236328,94941800.0,25.967870712280273
2003-06-10,30.200000762939453,29.68000030517578,29.860000610351562,30.18000030517578,69660100.0,26.360931396484375
2003-06-11,30.639999389648438,29.799999237060547,30.06999969482422,30.520000457763672,87338200.0,26.657907485961914
2003-06-12,30.75,30.260000228881836,30.639999389648438,30.649999618530273,79450500.0,26.771455764770508
2003-06-13,30.729999542236328,29.860000610351562,30.65999984741211,29.959999084472656,83353600.0,26.168777465820312
2003-06-16,30.899999618530273,30.0,30.170000076293945,30.8799991607666,71211800.0,26.972354888916016
2003-06-17,31.110000610351562,30.559999465942383,31.020000457763672,30.760000228881836,67571200.0,26.867538452148438
2003-06-18,31.229999542236328,30.450000762939453,30.65999984741211,30.920000076293945,80215700.0,27.007291793823242
2003-06-19,31.239999771118164,30.3799991607666,30.979999542236328,30.420000076293945,79467200.0,26.570560455322266
2003-06-20,30.780000686645508,30.25,30.690000534057617,30.3799991607666,71512400.0,26.535627365112305
2003-06-23,30.3700008392334,29.559999465942383,30.329999923706055,29.90999984741211,86509400.0,26.125097274780273
2003-06-24,30.1299991607666,29.530000686645508,29.729999542236328,29.68000030517578,83004400.0,25.9242000579834
2003-06-25,30.18000030517578,29.469999313354492,29.670000076293945,29.520000457763672,94255300.0,25.784448623657227
2003-06-26,30.280000686645508,29.610000610351562,29.709999084472656,30.219999313354492,79187500.0,26.395870208740234
2003-06-27,30.56999969482422,29.770000457763672,30.25,29.829999923706055,82451900.0,26.05523109436035
2003-06-30,30.34000015258789,29.799999237060547,30.15999984741211,29.950000762939453,72043000.0,26.160037994384766
2003-07-01,30.3799991607666,29.260000228881836,29.700000762939453,30.350000381469727,105852500.0,26.509416580200195
2003-07-02,30.989999771118164,30.3799991607666,30.40999984741211,30.969999313354492,81972500.0,27.050966262817383
2003-07-03,31.100000381469727,30.469999313354492,30.700000762939453,30.579999923706055,50050400.0,26.710317611694336
2003-07-07,31.899999618530273,30.959999084472656,30.969999313354492,31.889999389648438,88554600.0,27.854537963867188
2003-07-08,32.310001373291016,31.6200008392334,31.780000686645508,32.279998779296875,81874500.0,28.195186614990234
2003-07-09,32.4900016784668,31.93000030517578,32.18000030517578,32.20000076293945,89588400.0,28.12531280517578
2003-07-10,31.989999771118164,31.329999923706055,31.850000381469727,31.600000381469727,102928700.0,27.601238250732422
2003-07-11,31.989999771118164,31.610000610351562,31.649999618530273,31.84000015258789,67728100.0,27.81087303161621
2003-07-14,32.75,32.06999969482422,32.34000015258789,32.220001220703125,84524600.0,28.14278221130371
2003-07-15,32.650001525878906,31.940000534057617,32.529998779296875,32.2599983215332,75059000.0,28.17771339416504
2003-07-16,32.5,31.729999542236328,32.459999084472656,32.15999984741211,80138700.0,28.090375900268555
2003-07-17,31.84000015258789,31.040000915527344,31.68000030517578,31.18000030517578,116260400.0,27.23438835144043
2003-07-18,31.549999237060547,30.920000076293945,31.399999618530273,31.280000686645508,80519000.0,27.321733474731445
2003-07-21,31.299999237060547,30.610000610351562,31.239999771118164,30.8799991607666,111325300.0,26.972354888916016
2003-07-22,31.5,30.860000610351562,31.110000610351562,31.34000015258789,91471500.0,27.374135971069336
2003-07-23,31.639999389648438,30.989999771118164,31.389999389648438,31.600000381469727,69050400.0,27.601238250732422
2003-07-24,32.02000045776367,31.079999923706055,31.850000381469727,31.18000030517578,82999700.0,27.23438835144043
2003-07-25,31.84000015258789,30.770000457763672,31.1299991607666,31.799999237060547,82709600.0,27.77593231201172
2003-07-28,31.989999771118164,31.600000381469727,31.860000610351562,31.889999389648438,56180800.0,27.854537963867188
2003-07-29,32.02000045776367,31.239999771118164,31.93000030517578,31.649999618530273,80560100.0,27.644916534423828
2003-07-30,31.739999771118164,31.329999923706055,31.709999084472656,31.420000076293945,56617300.0,27.444015502929688
2003-07-31,32.33000183105469,31.520000457763672,31.790000915527344,31.799999237060547,85544100.0,27.77593231201172
2003-08-01,31.790000915527344,31.299999237060547,31.690000534057617,31.459999084472656,73545400.0,27.478954315185547
2003-08-04,31.799999237060547,30.84000015258789,31.420000076293945,31.450000762939453,96344600.0,27.47022247314453
2003-08-05,31.479999542236328,30.100000381469727,31.40999984741211,30.209999084472656,111041800.0,26.387130737304688
2003-08-06,30.770000457763672,30.100000381469727,30.360000610351562,30.190000534057617,96816000.0,26.369667053222656
2003-08-07,30.510000228881836,30.020000457763672,30.219999313354492,30.309999465942383,67326600.0,26.474477767944336
2003-08-08,30.549999237060547,29.93000030517578,30.43000030517578,30.06999969482422,66677100.0,26.26484489440918
2003-08-11,30.600000381469727,30.030000686645508,30.079999923706055,30.399999618530273,63712200.0,26.5530948638916
2003-08-12,30.899999618530273,30.329999923706055,30.510000228881836,30.860000610351562,59676100.0,26.954883575439453
2003-08-13,31.06999969482422,30.649999618530273,30.979999542236328,30.8700008392334,57969700.0,26.963619232177734
2003-08-14,31.190000534057617,30.670000076293945,30.8799991607666,30.899999618530273,50271500.0,26.98981285095215
2003-08-15,31.290000915527344,30.93000030517578,31.0,31.170000076293945,28116300.0,27.225662231445312
2003-08-18,32.0099983215332,31.229999542236328,31.309999465942383,31.969999313354492,67224100.0,27.924421310424805
2003-08-19,32.380001068115234,31.850000381469727,32.11000061035156,32.369998931884766,68205000.0,28.27379608154297
2003-08-20,32.52000045776367,32.02000045776367,32.099998474121094,32.290000915527344,58233500.0,28.203927993774414
2003-08-21,32.81999969482422,32.27000045776367,32.59000015258789,32.63999938964844,77161400.0,28.50963592529297
2003-08-22,33.369998931884766,32.380001068115234,33.2599983215332,32.439998626708984,92989800.0,28.33494758605957
2003-08-25,32.540000915527344,32.209999084472656,32.36000061035156,32.5099983215332,43044700.0,28.396080017089844
2003-08-26,32.59000015258789,31.809999465942383,32.279998779296875,32.540000915527344,79838500.0,28.42229461669922
2003-08-27,32.83000183105469,32.369998931884766,32.4900016784668,32.79999923706055,47532100.0,28.649389266967773
2003-08-28,33.119998931884766,32.52000045776367,32.939998626708984,33.09000015258789,55311000.0,28.902692794799805
2003-08-29,33.459999084472656,32.97999954223633,33.040000915527344,33.38999938964844,53148800.0,29.16472625732422
2003-09-02,33.88999938964844,33.130001068115234,33.4900016784668,33.869998931884766,80303100.0,29.58399200439453
2003-09-03,34.20000076293945,33.650001525878906,34.099998474121094,33.849998474121094,85234800.0,29.566513061523438
2003-09-04,34.220001220703125,33.70000076293945,33.83000183105469,34.15999984741211,63736100.0,29.837289810180664
2003-09-05,34.34000015258789,33.66999816894531,33.970001220703125,33.939998626708984,91024100.0,29.645122528076172
2003-09-08,34.529998779296875,33.95000076293945,34.0,34.5,69296000.0,30.13427734375
2003-09-09,34.38999938964844,33.91999816894531,34.31999969482422,34.09000015258789,87817500.0,29.776159286499023
2003-09-10,33.88999938964844,33.11000061035156,33.75,33.27000045776367,111624500.0,29.05990982055664
2003-09-11,33.779998779296875,33.0099983215332,33.279998779296875,33.63999938964844,96914900.0,29.383089065551758
2003-09-12,33.84000015258789,33.04999923706055,33.34000015258789,33.81999969482422,104963000.0,29.540321350097656
2003-09-15,33.90999984741211,33.439998626708984,33.84000015258789,33.4900016784668,54594200.0,29.252077102661133
2003-09-16,34.43000030517578,33.52000045776367,33.52000045776367,34.400001525878906,87463800.0,30.046924591064453
2003-09-17,34.5,34.029998779296875,34.33000183105469,34.2599983215332,79794700.0,29.92462921142578
2003-09-18,34.86000061035156,34.0,34.16999816894531,34.779998779296875,91469900.0,30.378835678100586
2003-09-19,34.86000061035156,34.36000061035156,34.790000915527344,34.58000183105469,69796000.0,30.204164505004883
2003-09-22,34.20000076293945,33.77000045776367,34.130001068115234,33.91999816894531,97477500.0,29.627666473388672
2003-09-23,34.560001373291016,33.90999984741211,33.970001220703125,34.52000045776367,77826500.0,30.151742935180664
2003-09-24,34.52000045776367,33.16999816894531,34.5099983215332,33.220001220703125,115057400.0,29.016246795654297
2003-09-25,33.7400016784668,32.7599983215332,33.380001068115234,32.790000915527344,117604800.0,28.640657424926758
2003-09-26,33.16999816894531,32.52000045776367,32.88999938964844,32.58000183105469,106581000.0,28.457237243652344
2003-09-29,33.16999816894531,32.45000076293945,32.7599983215332,33.13999938964844,96862800.0,28.946359634399414
2003-09-30,32.959999084472656,32.36000061035156,32.91999816894531,32.41999816894531,119122500.0,28.317474365234375
2003-10-01,33.22999954223633,32.41999816894531,32.61000061035156,33.150001525878906,106653600.0,28.955097198486328
2003-10-02,33.43000030517578,32.93000030517578,33.099998474121094,33.2599983215332,83911100.0,29.05117416381836
2003-10-03,34.470001220703125,33.81999969482422,33.849998474121094,34.189998626708984,112862800.0,29.863489151000977
2003-10-06,34.45000076293945,34.060001373291016,34.279998779296875,34.439998626708984,49162900.0,30.081859588623047
2003-10-07,34.650001525878906,34.0099983215332,34.15999984741211,34.650001525878906,80104600.0,30.265287399291992
2003-10-08,34.84000015258789,34.220001220703125,34.810001373291016,34.43000030517578,71387400.0,30.0731201171875
2003-10-09,35.27000045776367,34.43000030517578,34.90999984741211,34.689998626708984,118216100.0,30.300212860107422
2003-10-10,35.029998779296875,34.63999938964844,34.77000045776367,35.0099983215332,68356200.0,30.579721450805664
2003-10-13,35.369998931884766,34.91999816894531,35.13999938964844,35.2400016784668,60919800.0,30.780624389648438
2003-10-14,35.43000030517578,34.959999084472656,35.099998474121094,35.33000183105469,62274900.0,30.85923957824707
2003-10-15,35.849998474121094,35.029998779296875,35.79999923706055,35.18000030517578,97045200.0,30.728225708007812
2003-10-16,35.529998779296875,35.060001373291016,35.099998474121094,35.459999084472656,73955000.0,30.972776412963867
2003-10-17,35.4900016784668,34.599998474121094,35.40999984741211,34.61000061035156,97794400.0,30.23035430908203
2003-10-20,35.08000183105469,34.5,34.650001525878906,35.040000915527344,75544300.0,30.605926513671875
2003-10-21,35.45000076293945,34.939998626708984,35.13999938964844,35.25,73455600.0,30.789356231689453
2003-10-22,34.93000030517578,34.439998626708984,34.88999938964844,34.56999969482422,88141400.0,30.195398330688477
2003-10-23,34.5099983215332,34.04999923706055,34.150001525878906,34.16999816894531,95409600.0,29.84603500366211
2003-10-24,34.22999954223633,33.4900016784668,33.790000915527344,34.20000076293945,101778600.0,29.872228622436523
2003-10-27,34.45000076293945,34.040000915527344,34.279998779296875,34.209999084472656,63604500.0,29.880956649780273
2003-10-28,35.40999984741211,34.369998931884766,34.43000030517578,35.36000061035156,107375700.0,30.885433197021484
2003-10-29,35.40999984741211,35.06999969482422,35.20000076293945,35.31999969482422,74075200.0,30.850496292114258
2003-10-30,36.0,35.13999938964844,35.810001373291016,35.38999938964844,95062600.0,30.91163444519043
2003-10-31,35.4900016784668,35.060001373291016,35.439998626708984,35.18000030517578,55473200.0,30.728225708007812
2003-11-03,35.97999954223633,35.36000061035156,35.43000030517578,35.7599983215332,71141200.0,31.234830856323242
2003-11-04,35.869998931884766,35.45000076293945,35.689998626708984,35.52000045776367,60033900.0,31.02518081665039
2003-11-05,35.88999938964844,35.150001525878906,35.52000045776367,35.84000015258789,67412700.0,31.30470085144043
2003-11-06,35.970001220703125,35.34000015258789,35.790000915527344,35.939998626708984,90567400.0,31.392038345336914
2003-11-07,36.18000030517578,35.599998474121094,36.08000183105469,35.630001068115234,63505200.0,31.12128257751465
2003-11-10,35.7400016784668,35.09000015258789,35.70000076293945,35.189998626708984,68896400.0,30.736949920654297
2003-11-11,35.29999923706055,34.849998474121094,35.150001525878906,35.060001373291016,75607100.0,30.62339973449707
2003-11-12,35.959999084472656,35.13999938964844,35.16999816894531,35.810001373291016,80364600.0,31.278505325317383
2003-11-13,35.900001525878906,35.54999923706055,35.709999084472656,35.77000045776367,64243000.0,31.243555068969727
2003-11-14,36.02000045776367,34.95000076293945,35.810001373291016,35.040000915527344,90932200.0,30.605926513671875
2003-11-17,34.90999984741211,34.2599983215332,34.84000015258789,34.68000030517578,108063100.0,30.291484832763672
2003-11-18,34.970001220703125,33.81999969482422,34.869998931884766,33.880001068115234,108588500.0,29.592721939086914
2003-11-19,34.400001525878906,33.880001068115234,34.0099983215332,34.209999084472656,86320300.0,29.880956649780273
2003-11-20,34.68000030517578,33.810001373291016,33.91999816894531,33.880001068115234,117324500.0,29.592721939086914
2003-11-21,34.2599983215332,33.72999954223633,34.08000183105469,34.22999954223633,81787500.0,29.898426055908203
2003-11-24,35.25,34.470001220703125,34.52000045776367,35.18000030517578,92057500.0,30.728225708007812
2003-11-25,35.45000076293945,35.09000015258789,35.290000915527344,35.18000030517578,72519800.0,30.728225708007812
2003-11-26,35.52000045776367,34.810001373291016,35.400001525878906,35.34000015258789,72842900.0,30.867971420288086
2003-11-28,35.5,35.209999084472656,35.2599983215332,35.380001068115234,24802600.0,30.902908325195312
2003-12-01,36.0099983215332,35.470001220703125,35.709999084472656,35.900001525878906,82767300.0,31.357107162475586
2003-12-02,36.04999923706055,35.58000183105469,35.81999969482422,35.70000076293945,62504500.0,31.182416915893555
2003-12-03,36.119998931884766,35.25,35.84000015258789,35.25,107568500.0,30.789356231689453
2003-12-04,35.709999084472656,35.08000183105469,35.380001068115234,35.630001068115234,102334800.0,31.12128257751465
2003-12-05,35.5,34.959999084472656,35.27000045776367,35.040000915527344,87490200.0,30.605926513671875
2003-12-08,35.33000183105469,34.779998779296875,35.02000045776367,35.2400016784668,86961200.0,30.780624389648438
2003-12-09,35.459999084472656,34.349998474121094,35.439998626708984,34.43000030517578,109949500.0,30.0731201171875
2003-12-10,34.70000076293945,34.130001068115234,34.5,34.560001373291016,103504200.0,30.186683654785156
2003-12-11,35.38999938964844,34.4900016784668,34.5,35.29999923706055,108374700.0,30.83303451538086
2003-12-12,35.34000015258789,34.900001525878906,35.310001373291016,35.2400016784668,72189400.0,30.780624389648438
2003-12-15,35.9900016784668,34.650001525878906,35.93000030517578,34.779998779296875,106091400.0,30.378835678100586
2003-12-16,35.02000045776367,34.41999816894531,34.790000915527344,34.849998474121094,89854700.0,30.439970016479492
2003-12-17,35.0,34.56999969482422,34.810001373291016,34.90999984741211,68539900.0,30.492382049560547
2003-12-18,35.63999938964844,34.95000076293945,34.95000076293945,35.560001373291016,89978100.0,31.060115814208984
2003-12-19,35.650001525878906,35.20000076293945,35.61000061035156,35.459999084472656,89762300.0,30.972776412963867
2003-12-22,35.68000030517578,35.290000915527344,35.349998474121094,35.56999969482422,63580000.0,31.068870544433594
2003-12-23,36.02000045776367,35.529998779296875,35.599998474121094,35.84000015258789,66999800.0,31.30470085144043
2003-12-24,36.02000045776367,35.79999923706055,35.84000015258789,35.900001525878906,44840300.0,31.369365692138672
2003-12-26,36.09000015258789,35.81999969482422,35.959999084472656,35.849998474121094,25497600.0,31.325664520263672
2003-12-29,36.529998779296875,36.02000045776367,36.029998779296875,36.439998626708984,63296200.0,31.841201782226562
2003-12-30,36.58000183105469,36.29999923706055,36.529998779296875,36.560001373291016,48249400.0,31.94608497619629
2003-12-31,36.63999938964844,36.25,36.619998931884766,36.459999084472656,60494600.0,31.858680725097656
2004-01-02,36.790000915527344,36.220001220703125,36.65999984741211,36.36000061035156,55234100.0,31.771310806274414
2004-01-05,37.15999984741211,36.560001373291016,36.58000183105469,37.09000015258789,69717900.0,32.409175872802734
2004-01-06,37.41999816894531,36.95000076293945,37.08000183105469,37.34000015258789,60033000.0,32.62763595581055
2004-01-07,37.68000030517578,37.06999969482422,37.279998779296875,37.68000030517578,71830000.0,32.92471694946289
2004-01-08,38.0,37.599998474121094,37.849998474121094,37.97999954223633,76800900.0,33.186851501464844
2004-01-09,38.349998474121094,37.59000015258789,37.709999084472656,37.72999954223633,94296500.0,32.968406677246094
2004-01-12,38.349998474121094,37.68000030517578,37.849998474121094,38.33000183105469,77668400.0,33.492698669433594
2004-01-13,38.36000061035156,37.599998474121094,38.27000045776367,37.95000076293945,92973900.0,33.16065216064453
2004-01-14,38.25,37.75,38.08000183105469,38.08000183105469,68122400.0,33.27423858642578
2004-01-15,38.459999084472656,37.630001068115234,37.93000030517578,38.18000030517578,104427700.0,33.36160659790039
2004-01-16,38.630001068115234,38.16999816894531,38.380001068115234,38.56999969482422,77324100.0,33.7024040222168
2004-01-20,39.0,38.310001373291016,38.72999954223633,38.540000915527344,81998100.0,33.67620086669922
2004-01-21,38.65999984741211,38.0,38.38999938964844,38.380001068115234,112180300.0,33.5363883972168
2004-01-22,38.689998626708984,38.060001373291016,38.54999923706055,38.150001525878906,90061900.0,33.335411071777344
2004-01-23,38.459999084472656,37.779998779296875,38.209999084472656,38.0099983215332,88751300.0,33.21307373046875
2004-01-26,38.650001525878906,37.84000015258789,37.97999954223633,38.59000015258789,84538000.0,33.71987533569336
2004-01-27,38.630001068115234,37.689998626708984,38.5099983215332,37.7400016784668,97191600.0,32.977149963378906
2004-01-28,38.060001373291016,37.0,37.939998626708984,37.099998474121094,127959700.0,32.41792678833008
2004-01-29,37.310001373291016,36.65999984741211,37.2400016784668,37.2400016784668,143925900.0,32.54025650024414
2004-01-30,37.439998626708984,36.970001220703125,37.20000076293945,37.06999969482422,84264700.0,32.391700744628906
2004-02-02,37.47999954223633,36.81999969482422,37.20000076293945,36.970001220703125,94507900.0,32.3043212890625
2004-02-03,37.2400016784668,36.84000015258789,36.90999984741211,36.93000030517578,73488700.0,32.26936340332031
2004-02-04,36.86000061035156,36.33000183105469,36.619998931884766,36.33000183105469,109933000.0,31.745092391967773
2004-02-05,36.709999084472656,36.33000183105469,36.5099983215332,36.470001220703125,96784500.0,31.867429733276367
2004-02-06,37.279998779296875,36.529998779296875,36.599998474121094,37.130001068115234,107174100.0,32.444129943847656
2004-02-09,37.380001068115234,37.04999923706055,37.34000015258789,37.119998931884766,58817700.0,32.43537521362305
2004-02-10,37.40999984741211,37.029998779296875,37.060001373291016,37.18000030517578,65042700.0,32.48781204223633
2004-02-11,37.66999816894531,37.06999969482422,37.2400016784668,37.58000183105469,92503000.0,32.83734893798828
2004-02-12,37.70000076293945,37.2400016784668,37.52000045776367,37.25,70556400.0,32.54899215698242
2004-02-13,37.970001220703125,36.7599983215332,37.38999938964844,36.939998626708984,90570400.0,32.27810287475586
2004-02-17,37.619998931884766,37.220001220703125,37.279998779296875,37.439998626708984,69678600.0,32.71501159667969
2004-02-18,37.66999816894531,37.31999969482422,37.5099983215332,37.54999923706055,70972100.0,32.811119079589844
2004-02-19,37.900001525878906,36.81999969482422,37.869998931884766,36.97999954223633,100843800.0,32.313079833984375
2004-02-20,37.13999938964844,36.54999923706055,37.0,36.86000061035156,132347600.0,32.208213806152344
2004-02-23,37.029998779296875,36.11000061035156,37.0,36.45000076293945,125199800.0,31.849950790405273
2004-02-24,36.650001525878906,36.099998474121094,36.29999923706055,36.36000061035156,124521900.0,31.771310806274414
2004-02-25,36.66999816894531,36.33000183105469,36.43000030517578,36.58000183105469,74457100.0,31.963546752929688
2004-02-26,36.84000015258789,36.310001373291016,36.470001220703125,36.66999816894531,71327600.0,32.04217529296875
2004-02-27,36.939998626708984,36.27000045776367,36.7599983215332,36.56999969482422,99383900.0,31.95479393005371
2004-03-01,37.06999969482422,36.470001220703125,36.68000030517578,37.04999923706055,79700700.0,32.37423324584961
2004-03-02,37.18000030517578,36.61000061035156,36.97999954223633,36.619998931884766,91536000.0,31.998493194580078
2004-03-03,36.630001068115234,36.209999084472656,36.5099983215332,36.41999816894531,83938300.0,31.823711395263672
2004-03-04,36.83000183105469,36.38999938964844,36.439998626708984,36.7599983215332,65905600.0,32.120826721191406
2004-03-05,37.150001525878906,36.36000061035156,36.41999816894531,36.630001068115234,118107100.0,32.007240295410156
2004-03-08,36.81999969482422,35.72999954223633,36.689998626708984,35.77000045776367,112599500.0,31.25576400756836
2004-03-09,35.97999954223633,35.52000045776367,35.810001373291016,35.65999984741211,126140400.0,31.159656524658203
2004-03-10,36.0,35.130001068115234,35.75,35.189998626708984,134226100.0,30.74896240234375
2004-03-11,35.529998779296875,34.79999923706055,35.06999969482422,34.869998931884766,152132000.0,30.469341278076172
2004-03-12,35.59000015258789,35.150001525878906,35.18000030517578,35.5099983215332,118369600.0,31.028573989868164
2004-03-15,35.400001525878906,34.810001373291016,35.36000061035156,34.88999938964844,115813600.0,30.486831665039062
2004-03-16,35.25,34.630001068115234,35.11000061035156,34.95000076293945,123265100.0,30.539243698120117
2004-03-17,35.619998931884766,35.18000030517578,35.209999084472656,35.5,91684700.0,31.01984405517578
2004-03-18,35.459999084472656,34.970001220703125,35.369998931884766,35.34000015258789,111249700.0,30.88003158569336
2004-03-19,35.459999084472656,34.720001220703125,35.279998779296875,34.75,99976700.0,30.364486694335938
2004-03-22,34.54999923706055,34.029998779296875,34.529998779296875,34.310001373291016,133870400.0,29.980022430419922
2004-03-23,34.650001525878906,34.0099983215332,34.59000015258789,34.029998779296875,125945800.0,29.735349655151367
2004-03-24,34.630001068115234,34.0099983215332,34.150001525878906,34.41999816894531,118876800.0,30.076128005981445
2004-03-25,35.459999084472656,34.619998931884766,34.650001525878906,35.34000015258789,142122000.0,30.88003158569336
2004-03-26,35.58000183105469,35.20000076293945,35.29999923706055,35.220001220703125,78430800.0,30.77518653869629
2004-03-29,35.959999084472656,35.4900016784668,35.5099983215332,35.790000915527344,103864000.0,31.273231506347656
2004-03-30,35.939998626708984,35.52000045776367,35.66999816894531,35.90999984741211,95716500.0,31.378110885620117
2004-03-31,36.0,35.61000061035156,35.91999816894531,35.84000015258789,85993900.0,31.31693458557129
2004-04-01,36.25,35.779998779296875,35.810001373291016,36.15999984741211,93048600.0,31.59654426574707
2004-04-02,37.15999984741211,36.52000045776367,36.88999938964844,37.099998474121094,145964000.0,32.41792678833008
2004-04-05,37.5,36.970001220703125,37.0099983215332,37.45000076293945,67351600.0,32.7237434387207
2004-04-06,37.25,36.91999816894531,37.15999984741211,36.97999954223633,98611400.0,32.313079833984375
2004-04-07,37.11000061035156,36.65999984741211,36.9900016784668,36.939998626708984,91004900.0,32.27810287475586
2004-04-08,37.38999938964844,36.7400016784668,37.349998474121094,36.939998626708984,77176300.0,32.27810287475586
2004-04-12,37.2400016784668,36.97999954223633,37.02000045776367,37.16999816894531,55285700.0,32.47906494140625
2004-04-13,37.36000061035156,36.459999084472656,37.34000015258789,36.630001068115234,100624400.0,32.007240295410156
2004-04-14,36.95000076293945,36.36000061035156,36.40999984741211,36.810001373291016,113663200.0,32.16452407836914
2004-04-15,36.86000061035156,36.02000045776367,36.75,36.150001525878906,123565500.0,31.587810516357422
2004-04-16,36.31999969482422,35.790000915527344,36.20000076293945,36.09000015258789,110736600.0,31.535367965698242
2004-04-19,36.59000015258789,35.97999954223633,36.0099983215332,36.529998779296875,85838700.0,31.91984748840332
2004-04-20,36.790000915527344,35.63999938964844,36.61000061035156,35.68000030517578,119545100.0,31.177114486694336
2004-04-21,36.11000061035156,35.650001525878906,35.900001525878906,35.9900016784668,117850500.0,31.44800567626953
2004-04-22,37.0099983215332,35.97999954223633,36.0,36.91999816894531,137623300.0,32.260616302490234
2004-04-23,37.2599983215332,36.900001525878906,37.08000183105469,37.209999084472656,91855600.0,32.514034271240234
2004-04-26,37.290000915527344,36.650001525878906,37.18000030517578,36.939998626708984,74392200.0,32.27810287475586
2004-04-27,37.189998626708984,36.689998626708984,36.95000076293945,36.869998931884766,87548500.0,32.21693801879883
2004-04-28,36.720001220703125,36.02000045776367,36.709999084472656,36.20000076293945,111740700.0,31.631492614746094
2004-04-29,36.34000015258789,35.29999923706055,36.09000015258789,35.63999938964844,156917100.0,31.142166137695312
2004-04-30,35.79999923706055,34.720001220703125,35.65999984741211,34.77000045776367,150829200.0,30.381975173950195
2004-05-03,35.52000045776367,34.88999938964844,35.0,35.099998474121094,117007200.0,30.670320510864258
2004-05-04,35.75,35.029998779296875,35.209999084472656,35.25,126176000.0,30.801382064819336
2004-05-05,35.70000076293945,35.20000076293945,35.41999816894531,35.529998779296875,97528500.0,31.046066284179688
2004-05-06,35.439998626708984,34.849998474121094,35.22999954223633,35.2599983215332,102733300.0,30.810121536254883
2004-05-07,35.63999938964844,34.90999984741211,35.09000015258789,34.970001220703125,137686000.0,30.556737899780273
2004-05-10,34.900001525878906,34.41999816894531,34.66999816894531,34.66999816894531,156951400.0,30.294586181640625
2004-05-11,35.380001068115234,34.91999816894531,34.970001220703125,35.189998626708984,120493600.0,30.74896240234375
2004-05-12,35.290000915527344,34.27000045776367,35.119998931884766,35.2599983215332,197765400.0,30.810121536254883
2004-05-13,35.45000076293945,34.91999816894531,35.060001373291016,35.0099983215332,137841700.0,30.591676712036133
2004-05-14,35.310001373291016,34.63999938964844,35.20000076293945,34.75,133689900.0,30.364486694335938
2004-05-17,34.65999984741211,34.11000061035156,34.380001068115234,34.41999816894531,150652400.0,30.076128005981445
2004-05-18,34.900001525878906,34.599998474121094,34.65999984741211,34.72999954223633,96686400.0,30.347015380859375
2004-05-19,35.5099983215332,34.630001068115234,35.15999984741211,34.689998626708984,141646900.0,30.312055587768555
2004-05-20,35.02000045776367,34.560001373291016,34.779998779296875,34.849998474121094,94938500.0,30.451866149902344
2004-05-21,35.16999816894531,34.7400016784668,35.0099983215332,35.02000045776367,111329200.0,30.600412368774414
2004-05-24,35.459999084472656,35.0,35.29999923706055,35.2599983215332,99861800.0,30.810121536254883
2004-05-25,36.08000183105469,34.95000076293945,35.150001525878906,35.959999084472656,146321400.0,31.42180061340332
2004-05-26,36.189998626708984,35.810001373291016,35.86000061035156,36.189998626708984,93789700.0,31.622760772705078
2004-05-27,36.5,36.060001373291016,36.290000915527344,36.41999816894531,110183400.0,31.823711395263672
2004-05-28,36.54999923706055,36.209999084472656,36.380001068115234,36.54999923706055,56379500.0,31.937332153320312
2004-06-01,36.54999923706055,36.11000061035156,36.27000045776367,36.5,90592700.0,31.893634796142578
2004-06-02,36.65999984741211,36.16999816894531,36.560001373291016,36.41999816894531,103519800.0,31.823711395263672
2004-06-03,36.36000061035156,35.81999969482422,36.29999923706055,35.97999954223633,97301400.0,31.43925666809082
2004-06-04,36.619998931884766,36.16999816894531,36.34000015258789,36.189998626708984,91233200.0,31.622760772705078
2004-06-07,37.099998474121094,36.34000015258789,36.439998626708984,37.04999923706055,107532600.0,32.37423324584961
2004-06-08,37.189998626708984,36.849998474121094,36.900001525878906,37.099998474121094,72530900.0,32.41792678833008
2004-06-09,37.04999923706055,36.5,36.97999954223633,36.58000183105469,98215200.0,31.963546752929688
2004-06-10,36.84000015258789,36.54999923706055,36.689998626708984,36.84000015258789,57101300.0,32.19074249267578
2004-06-14,36.61000061035156,36.099998474121094,36.61000061035156,36.31999969482422,85129900.0,31.736339569091797
2004-06-15,36.9900016784668,36.560001373291016,36.560001373291016,36.790000915527344,91937700.0,32.147037506103516
2004-06-16,36.900001525878906,36.650001525878906,36.77000045776367,36.72999954223633,64743300.0,32.094627380371094
2004-06-17,36.65999984741211,36.25,36.650001525878906,36.38999938964844,77844200.0,31.797534942626953
2004-06-18,36.84000015258789,36.2599983215332,36.29999923706055,36.439998626708984,78641500.0,31.841201782226562
2004-06-21,36.630001068115234,36.060001373291016,36.52000045776367,36.150001525878906,65373100.0,31.587810516357422
2004-06-22,36.70000076293945,36.02000045776367,36.15999984741211,36.68000030517578,101524300.0,32.0509033203125
2004-06-23,37.189998626708984,36.5099983215332,36.56999969482422,37.119998931884766,94393900.0,32.43537521362305
2004-06-24,37.349998474121094,36.91999816894531,37.02000045776367,37.04999923706055,92343200.0,32.37423324584961
2004-06-25,37.38999938964844,36.97999954223633,37.0,37.33000183105469,81005400.0,32.618892669677734
2004-06-28,37.52000045776367,36.900001525878906,37.4900016784668,37.02000045776367,94033200.0,32.34801483154297
2004-06-29,37.59000015258789,37.08000183105469,37.099998474121094,37.369998931884766,68265900.0,32.653846740722656
2004-06-30,37.900001525878906,37.349998474121094,37.45000076293945,37.7400016784668,97809500.0,32.977149963378906
2004-07-01,37.65999984741211,36.77000045776367,37.65999984741211,37.040000915527344,122141800.0,32.365474700927734
2004-07-02,37.04999923706055,36.630001068115234,37.040000915527344,36.81999969482422,74056400.0,32.173240661621094
2004-07-06,36.599998474121094,35.83000183105469,36.599998474121094,36.029998779296875,130232600.0,31.482948303222656
2004-07-07,36.290000915527344,35.91999816894531,35.959999084472656,36.099998474121094,95623100.0,31.544124603271484
2004-07-08,36.130001068115234,35.54999923706055,35.810001373291016,35.70000076293945,108755400.0,31.194597244262695
2004-07-09,36.040000915527344,35.630001068115234,35.84000015258789,35.75,86014700.0,31.238283157348633
2004-07-12,35.689998626708984,35.2400016784668,35.56999969482422,35.599998474121094,81844500.0,31.10721778869629
2004-07-13,35.810001373291016,35.40999984741211,35.68000030517578,35.54999923706055,81222000.0,31.06352996826172
2004-07-14,35.650001525878906,35.04999923706055,35.20000076293945,35.189998626708984,119489200.0,30.74896240234375
2004-07-15,35.4900016784668,35.060001373291016,35.31999969482422,35.06999969482422,90405700.0,30.644113540649414
2004-07-16,35.45000076293945,34.619998931884766,35.43000030517578,34.66999816894531,120387100.0,30.294586181640625
2004-07-19,34.970001220703125,34.470001220703125,34.779998779296875,34.599998474121094,106387900.0,30.233421325683594
2004-07-20,35.59000015258789,34.709999084472656,34.7400016784668,35.43000030517578,117453700.0,30.958669662475586
2004-07-21,35.650001525878906,34.34000015258789,35.56999969482422,34.400001525878906,136086800.0,30.058671951293945
2004-07-22,35.11000061035156,34.25,34.47999954223633,34.869998931884766,132135800.0,30.469341278076172
2004-07-23,34.65999984741211,34.029998779296875,34.619998931884766,34.209999084472656,107107100.0,29.892637252807617
2004-07-26,34.40999984741211,33.70000076293945,34.2400016784668,34.060001373291016,112962200.0,29.76157569885254
2004-07-27,34.709999084472656,34.040000915527344,34.189998626708984,34.529998779296875,103474700.0,30.172250747680664
2004-07-28,34.630001068115234,33.810001373291016,34.40999984741211,34.380001068115234,154299800.0,30.04118537902832
2004-07-29,34.91999816894531,34.5,34.709999084472656,34.779998779296875,98959800.0,30.390701293945312
2004-07-30,35.099998474121094,34.650001525878906,34.7599983215332,34.88999938964844,83007800.0,30.486831665039062
2004-08-02,35.02000045776367,34.459999084472656,34.61000061035156,34.959999084472656,81249000.0,30.547971725463867
2004-08-03,34.93000030517578,34.189998626708984,34.84000015258789,34.22999954223633,85746500.0,29.910110473632812
2004-08-04,34.459999084472656,34.0099983215332,34.150001525878906,34.2400016784668,86721000.0,29.918851852416992
2004-08-05,34.400001525878906,33.599998474121094,34.349998474121094,33.599998474121094,109722900.0,29.359617233276367
2004-08-06,33.40999984741211,32.65999984741211,33.400001525878906,32.720001220703125,148808600.0,28.590673446655273
2004-08-09,32.959999084472656,32.650001525878906,32.810001373291016,32.79999923706055,79281900.0,28.66058921813965
2004-08-10,33.47999954223633,32.91999816894531,32.959999084472656,33.209999084472656,105819800.0,29.01883888244629
2004-08-11,33.040000915527344,32.54999923706055,32.849998474121094,32.91999816894531,121217700.0,28.76543426513672
2004-08-12,32.86000061035156,32.369998931884766,32.689998626708984,32.470001220703125,113691800.0,28.37223243713379
2004-08-13,32.7400016784668,32.349998474121094,32.650001525878906,32.52000045776367,91416100.0,28.41592025756836
2004-08-16,33.189998626708984,32.59000015258789,32.61000061035156,32.88999938964844,77851300.0,28.739227294921875
2004-08-17,33.439998626708984,32.9900016784668,33.119998931884766,33.2599983215332,89573100.0,29.062528610229492
2004-08-18,33.90999984741211,33.0099983215332,33.060001373291016,33.849998474121094,106608500.0,29.578065872192383
2004-08-19,33.849998474121094,33.40999984741211,33.72999954223633,33.66999816894531,104690200.0,29.420791625976562
2004-08-20,34.13999938964844,33.5099983215332,33.56999969482422,34.0099983215332,91962400.0,29.717870712280273
2004-08-23,34.27000045776367,33.90999984741211,34.04999923706055,34.09000015258789,83390800.0,29.787792205810547
2004-08-24,34.310001373291016,33.810001373291016,34.25,34.08000183105469,86610500.0,29.7790470123291
2004-08-25,34.599998474121094,33.900001525878906,34.06999969482422,34.54999923706055,88394600.0,30.189729690551758
2004-08-26,34.54999923706055,34.310001373291016,34.459999084472656,34.400001525878906,57663400.0,30.058671951293945
2004-08-27,34.68000030517578,34.439998626708984,34.470001220703125,34.560001373291016,58597200.0,30.198484420776367
2004-08-30,34.43000030517578,33.939998626708984,34.40999984741211,33.97999954223633,62355700.0,29.69166374206543
2004-08-31,34.119998931884766,33.650001525878906,34.02000045776367,34.02000045776367,81262000.0,29.726627349853516
2004-09-01,34.470001220703125,33.79999923706055,33.93000030517578,34.27000045776367,96630600.0,29.945070266723633
2004-09-02,34.880001068115234,34.15999984741211,34.18000030517578,34.779998779296875,83054000.0,30.390701293945312
2004-09-03,34.66999816894531,34.04999923706055,34.439998626708984,34.13999938964844,90213700.0,29.831480026245117
2004-09-07,34.61000061035156,34.119998931884766,34.400001525878906,34.43000030517578,95556500.0,30.084869384765625
2004-09-08,34.68000030517578,34.18000030517578,34.310001373291016,34.29999923706055,101466100.0,29.97127342224121
2004-09-09,34.75,34.13999938964844,34.45000076293945,34.59000015258789,104397500.0,30.224674224853516
2004-09-10,35.189998626708984,34.470001220703125,34.61000061035156,35.119998931884766,108591600.0,30.687793731689453
2004-09-13,35.720001220703125,35.13999938964844,35.25,35.58000183105469,109350500.0,31.08974266052246
2004-09-14,35.720001220703125,35.36000061035156,35.45000076293945,35.630001068115234,76466300.0,31.133438110351562
2004-09-15,35.45000076293945,35.119998931884766,35.41999816894531,35.25,90128700.0,30.801382064819336
2004-09-16,35.56999969482422,35.130001068115234,35.2599983215332,35.31999969482422,67121000.0,30.862558364868164
2004-09-17,35.52000045776367,35.15999984741211,35.22999954223633,35.43000030517578,83903400.0,30.958669662475586
2004-09-20,35.77000045776367,35.18000030517578,35.290000915527344,35.43000030517578,110678100.0,30.958669662475586
2004-09-21,35.849998474121094,35.41999816894531,35.540000915527344,35.56999969482422,93688400.0,31.08101463317871
2004-09-22,35.459999084472656,34.869998931884766,35.439998626708984,34.95000076293945,101393400.0,30.539243698120117
2004-09-23,35.150001525878906,34.880001068115234,34.97999954223633,34.91999816894531,92503200.0,30.513032913208008
2004-09-24,35.189998626708984,34.75,34.9900016784668,34.79999923706055,103247400.0,30.40818214416504
2004-09-27,34.7400016784668,34.380001068115234,34.619998931884766,34.5,86017600.0,30.146055221557617
2004-09-28,34.689998626708984,34.22999954223633,34.54999923706055,34.56999969482422,87070300.0,30.20720100402832
2004-09-29,35.119998931884766,34.529998779296875,34.540000915527344,35.08000183105469,95096200.0,30.652851104736328
2004-09-30,35.27000045776367,34.88999938964844,35.02000045776367,35.13999938964844,74514600.0,30.70526123046875
2004-10-01,36.150001525878906,35.36000061035156,35.45000076293945,36.099998474121094,118252700.0,31.544124603271484
2004-10-04,36.619998931884766,36.25,36.36000061035156,36.310001373291016,108032600.0,31.72763442993164
2004-10-05,36.4900016784668,36.15999984741211,36.22999954223633,36.36000061035156,89754400.0,31.771310806274414
2004-10-06,36.689998626708984,36.11000061035156,36.310001373291016,36.650001525878906,87815500.0,32.02471160888672
2004-10-07,36.66999816894531,36.16999816894531,36.540000915527344,36.2400016784668,82374300.0,31.66644287109375
2004-10-08,36.2400016784668,35.5,36.08000183105469,35.58000183105469,115073000.0,31.08974266052246
2004-10-11,35.86000061035156,35.599998474121094,35.720001220703125,35.75,51181600.0,31.238283157348633
2004-10-12,35.84000015258789,35.20000076293945,35.43000030517578,35.689998626708984,97884100.0,31.185871124267578
2004-10-13,36.13999938964844,35.43000030517578,36.04999923706055,35.61000061035156,132442500.0,31.115966796875
2004-10-14,35.779998779296875,35.33000183105469,35.689998626708984,35.45000076293945,99383700.0,30.976150512695312
2004-10-15,35.86000061035156,35.279998779296875,35.4900016784668,35.630001068115234,129183400.0,31.133438110351562
2004-10-18,36.25,35.400001525878906,35.5099983215332,36.13999938964844,108933400.0,31.579086303710938
2004-10-19,36.56999969482422,35.790000915527344,36.380001068115234,35.880001068115234,129973500.0,31.35188865661621
2004-10-20,36.22999954223633,35.650001525878906,35.83000183105469,36.04999923706055,106524200.0,31.500431060791016
2004-10-21,36.790000915527344,36.099998474121094,36.2400016784668,36.599998474121094,122627600.0,31.981016159057617
2004-10-22,36.68000030517578,35.7400016784668,36.61000061035156,35.79999923706055,114321100.0,31.281978607177734
2004-10-25,35.810001373291016,35.4900016784668,35.72999954223633,35.630001068115234,102863000.0,31.133438110351562
2004-10-26,35.84000015258789,35.40999984741211,35.650001525878906,35.81999969482422,98164500.0,31.29945945739746
2004-10-27,36.88999938964844,35.709999084472656,35.84000015258789,36.72999954223633,152423400.0,32.094627380371094
2004-10-28,37.119998931884766,36.56999969482422,36.68000030517578,36.959999084472656,111113900.0,32.295597076416016
2004-10-29,37.2400016784668,36.66999816894531,36.90999984741211,36.900001525878906,100779200.0,32.243160247802734
2004-11-01,37.18000030517578,36.79999923706055,36.97999954223633,37.040000915527344,72356000.0,32.365474700927734
2004-11-02,37.54999923706055,37.02000045776367,37.09000015258789,37.15999984741211,108930700.0,32.4703369140625
2004-11-03,37.900001525878906,37.150001525878906,37.7599983215332,37.40999984741211,140980100.0,32.68879699707031
2004-11-04,37.779998779296875,37.11000061035156,37.2599983215332,37.619998931884766,112513700.0,32.87228012084961
2004-11-05,38.15999984741211,37.61000061035156,38.02000045776367,37.959999084472656,117017900.0,33.16939163208008
2004-11-08,38.099998474121094,37.849998474121094,37.95000076293945,38.0,66486000.0,33.20432662963867
2004-11-09,38.150001525878906,37.810001373291016,37.93000030517578,37.91999816894531,85038700.0,33.134429931640625
2004-11-10,38.060001373291016,37.650001525878906,37.93000030517578,37.790000915527344,95122300.0,33.02083969116211
2004-11-11,38.380001068115234,37.86000061035156,37.90999984741211,38.290000915527344,99338800.0,33.45773696899414
2004-11-12,38.7599983215332,38.16999816894531,38.34000015258789,38.65999984741211,102418100.0,33.781044006347656
2004-11-15,38.86000061035156,38.5,38.63999938964844,38.83000183105469,82696000.0,33.929595947265625
2004-11-16,38.68000030517578,38.31999969482422,38.65999984741211,38.59000015258789,97197500.0,33.71987533569336
2004-11-17,39.31999969482422,38.83000183105469,38.83000183105469,39.11000061035156,125242500.0,34.174251556396484
2004-11-18,39.36000061035156,38.88999938964844,38.97999954223633,39.290000915527344,94901100.0,34.33155059814453
2004-11-19,39.290000915527344,38.59000015258789,39.2400016784668,38.68000030517578,118448900.0,33.79851531982422
2004-11-22,39.06999969482422,38.47999954223633,38.61000061035156,39.04999923706055,79882600.0,34.12181854248047
2004-11-23,39.150001525878906,38.61000061035156,39.0099983215332,38.9900016784668,91925300.0,34.069400787353516
2004-11-24,39.38999938964844,39.06999969482422,39.09000015258789,39.33000183105469,74051700.0,34.366485595703125
2004-11-26,39.47999954223633,39.16999816894531,39.369998931884766,39.209999084472656,31248900.0,34.26164245605469
2004-11-29,39.63999938964844,38.970001220703125,39.459999084472656,39.20000076293945,94765400.0,34.25289535522461
2004-11-30,39.38999938964844,39.060001373291016,39.29999923706055,39.119998931884766,87663100.0,34.18299102783203
2004-12-01,39.959999084472656,39.27000045776367,39.27000045776367,39.91999816894531,102375000.0,34.88201904296875
2004-12-02,40.38999938964844,39.7599983215332,39.81999969482422,40.06999969482422,122005600.0,35.01308059692383
2004-12-03,40.59000015258789,40.08000183105469,40.349998474121094,40.130001068115234,114227700.0,35.06552505493164
2004-12-06,40.43000030517578,39.90999984741211,40.119998931884766,40.27000045776367,70415100.0,35.18785095214844
2004-12-07,40.5,39.529998779296875,40.349998474121094,39.58000183105469,121439800.0,34.584930419921875
2004-12-08,39.97999954223633,39.5,39.599998474121094,39.810001373291016,10121300.0,34.785911560058594
2004-12-09,40.189998626708984,39.2400016784668,39.4900016784668,40.04999923706055,134346000.0,34.9956169128418
2004-12-10,40.06999969482422,39.7400016784668,39.84000015258789,39.93000030517578,86177300.0,34.89076232910156
2004-12-13,40.34000015258789,39.97999954223633,40.22999954223633,40.279998779296875,74296400.0,35.196598052978516
2004-12-14,40.59000015258789,40.25,40.279998779296875,40.47999954223633,91985000.0,35.37135314941406
2004-12-15,40.68000030517578,40.150001525878906,40.4900016784668,40.33000183105469,95179300.0,35.24028778076172
2004-12-16,40.45000076293945,39.81999969482422,40.34000015258789,39.95000076293945,86101300.0,34.908233642578125
2004-12-17,39.810001373291016,39.43000030517578,39.63999938964844,39.470001220703125,97947000.0,34.819149017333984
2004-12-20,39.77000045776367,39.09000015258789,39.56999969482422,39.20000076293945,106397600.0,34.58095169067383
2004-12-21,39.709999084472656,39.279998779296875,39.38999938964844,39.68000030517578,83184700.0,35.00439453125
2004-12-22,39.93000030517578,39.4900016784668,39.540000915527344,39.72999954223633,75298000.0,35.04851150512695
2004-12-23,39.90999984741211,39.540000915527344,39.61000061035156,39.7599983215332,45782000.0,35.074954986572266
2004-12-27,40.02000045776367,39.400001525878906,39.97999954223633,39.59000015258789,67157700.0,34.925010681152344
2004-12-28,40.0,39.61000061035156,39.66999816894531,39.970001220703125,62563100.0,35.2602424621582
2004-12-29,40.15999984741211,39.900001525878906,39.91999816894531,40.02000045776367,46594800.0,35.30434036254883
2004-12-30,40.119998931884766,39.93000030517578,40.06999969482422,39.9900016784668,41717600.0,35.27786636352539
2004-12-31,40.119998931884766,39.779998779296875,40.029998779296875,39.91999816894531,44112300.0,35.216102600097656
2005-01-03,40.290000915527344,39.369998931884766,40.09000015258789,39.5,100970900.0,34.84560012817383
2005-01-04,39.7400016784668,38.54999923706055,39.66999816894531,38.779998779296875,136623200.0,34.210426330566406
2005-01-05,38.959999084472656,38.470001220703125,38.68000030517578,38.540000915527344,127925500.0,33.99872970581055
2005-01-06,38.709999084472656,38.34000015258789,38.630001068115234,38.349998474121094,102934600.0,33.83111572265625
2005-01-07,38.869998931884766,38.209999084472656,38.560001373291016,38.54999923706055,123104000.0,34.00755310058594
2005-01-10,38.869998931884766,38.38999938964844,38.439998626708984,38.529998779296875,88764200.0,33.98991012573242
2005-01-11,38.5,38.06999969482422,38.369998931884766,38.2599983215332,106398800.0,33.75172424316406
2005-01-12,38.599998474121094,38.0099983215332,38.43000030517578,38.58000183105469,127754900.0,34.034019470214844
2005-01-13,38.849998474121094,38.0099983215332,38.58000183105469,38.06999969482422,101982400.0,33.5841064453125
2005-01-14,38.52000045776367,38.189998626708984,38.20000076293945,38.43000030517578,93460900.0,33.90169143676758
2005-01-18,38.790000915527344,38.220001220703125,38.279998779296875,38.720001220703125,91760400.0,34.15751266479492
2005-01-19,38.75,38.060001373291016,38.72999954223633,38.08000183105469,104981000.0,33.59293746948242
2005-01-20,37.810001373291016,37.31999969482422,37.650001525878906,37.349998474121094,120963900.0,32.948951721191406
2005-01-21,37.54999923706055,36.9900016784668,37.47999954223633,37.04999923706055,138569200.0,32.684303283691406
2005-01-24,37.20000076293945,36.459999084472656,37.119998931884766,36.529998779296875,137499000.0,32.22557067871094
2005-01-25,37.09000015258789,36.65999984741211,36.77000045776367,36.709999084472656,119171300.0,32.38435363769531
2005-01-26,37.290000915527344,36.81999969482422,36.959999084472656,37.150001525878906,107465800.0,32.77250289916992
2005-01-27,37.27000045776367,36.869998931884766,37.09000015258789,37.099998474121094,103654700.0,32.72840881347656
2005-01-28,37.27000045776367,36.619998931884766,37.220001220703125,36.91999816894531,111648600.0,32.56960678100586
2005-01-31,37.529998779296875,37.2599983215332,37.36000061035156,37.400001525878906,89139900.0,32.9930419921875
2005-02-01,37.650001525878906,37.369998931884766,37.4900016784668,37.52000045776367,76610300.0,33.09890365600586
2005-02-02,37.72999954223633,37.310001373291016,37.63999938964844,37.58000183105469,100160500.0,33.15185546875
2005-02-03,37.40999984741211,37.0,37.380001068115234,37.150001525878906,90157900.0,32.77250289916992
2005-02-04,37.81999969482422,37.150001525878906,37.150001525878906,37.75,99302000.0,33.30181121826172
2005-02-07,37.90999984741211,37.52000045776367,37.79999923706055,37.66999816894531,71551400.0,33.23123550415039
2005-02-08,38.0099983215332,37.619998931884766,37.65999984741211,37.7400016784668,72821700.0,33.292991638183594
2005-02-09,37.79999923706055,37.060001373291016,37.77000045776367,37.11000061035156,93276600.0,32.73720932006836
2005-02-10,37.31999969482422,36.880001068115234,37.2599983215332,37.150001525878906,110373000.0,32.77250289916992
2005-02-11,37.849998474121094,36.93000030517578,37.029998779296875,37.70000076293945,108684100.0,33.25770950317383
2005-02-14,37.939998626708984,37.689998626708984,37.70000076293945,37.869998931884766,54908900.0,33.40766143798828
2005-02-15,38.47999954223633,37.81999969482422,37.900001525878906,38.119998931884766,131406500.0,33.628211975097656
2005-02-16,38.15999984741211,37.83000183105469,38.029998779296875,37.97999954223633,80273900.0,33.504703521728516
2005-02-17,38.13999938964844,37.43000030517578,38.04999923706055,37.470001220703125,115628300.0,33.05481719970703
2005-02-18,37.56999969482422,37.2599983215332,37.47999954223633,37.349998474121094,69158800.0,32.948951721191406
2005-02-22,37.54999923706055,36.790000915527344,37.029998779296875,36.88999938964844,121232000.0,32.543155670166016
2005-02-23,37.06999969482422,36.70000076293945,37.040000915527344,36.939998626708984,95010100.0,32.587249755859375
2005-02-24,37.439998626708984,36.7599983215332,36.849998474121094,37.40999984741211,99334600.0,33.001861572265625
2005-02-25,37.70000076293945,37.290000915527344,37.380001068115234,37.619998931884766,79988700.0,33.187129974365234
2005-02-28,37.599998474121094,36.91999816894531,37.459999084472656,37.220001220703125,95731300.0,32.834266662597656
2005-03-01,37.70000076293945,37.33000183105469,37.369998931884766,37.630001068115234,78460600.0,33.19595718383789
2005-03-02,38.02000045776367,37.36000061035156,37.40999984741211,37.61000061035156,107270600.0,33.178321838378906
2005-03-03,37.72999954223633,37.02000045776367,37.709999084472656,37.29999923706055,89793800.0,32.90483856201172
2005-03-04,37.75,37.400001525878906,37.599998474121094,37.52000045776367,86622300.0,33.09890365600586
2005-03-07,38.290000915527344,37.560001373291016,37.599998474121094,38.060001373291016,93563900.0,33.57530212402344
2005-03-08,38.209999084472656,37.650001525878906,38.0099983215332,37.68000030517578,89595200.0,33.24005889892578
2005-03-09,37.93000030517578,37.470001220703125,37.66999816894531,37.56999969482422,98063000.0,33.14303207397461
2005-03-10,37.66999816894531,37.08000183105469,37.61000061035156,37.52000045776367,97043600.0,33.09890365600586
2005-03-11,37.81999969482422,37.02000045776367,37.689998626708984,37.16999816894531,102857500.0,32.79015350341797
2005-03-14,37.36000061035156,37.029998779296875,37.2400016784668,37.34000015258789,65576200.0,32.94013214111328
2005-03-15,37.47999954223633,36.9900016784668,37.41999816894531,37.040000915527344,93856300.0,32.67546844482422
2005-03-16,37.18000030517578,36.529998779296875,36.90999984741211,36.619998931884766,159578000.0,32.304969787597656
2005-03-17,36.88999938964844,36.540000915527344,36.61000061035156,36.709999084472656,100429600.0,32.38435363769531
2005-03-18,36.790000915527344,36.349998474121094,36.75,36.5099983215332,108899400.0,32.20792770385742
2005-03-21,36.75,36.25,36.599998474121094,36.58000183105469,92752500.0,32.26969909667969
2005-03-22,36.75,36.11000061035156,36.61000061035156,36.130001068115234,114016300.0,31.872699737548828
2005-03-23,36.4900016784668,36.06999969482422,36.09000015258789,36.2599983215332,97444900.0,31.987394332885742
2005-03-24,36.650001525878906,36.27000045776367,36.38999938964844,36.27000045776367,77566800.0,31.99620246887207
2005-03-28,36.61000061035156,36.310001373291016,36.40999984741211,36.34000015258789,59739000.0,32.05796432495117
2005-03-29,36.58000183105469,35.939998626708984,36.27000045776367,36.04999923706055,119554300.0,31.802127838134766
2005-03-30,36.779998779296875,36.220001220703125,36.22999954223633,36.72999954223633,114711000.0,32.402008056640625
2005-03-31,36.75,36.439998626708984,36.72999954223633,36.56999969482422,86578900.0,32.26084899902344
2005-04-01,36.880001068115234,36.130001068115234,36.81999969482422,36.20000076293945,143814300.0,31.9344539642334
2005-04-04,36.599998474121094,36.029998779296875,36.25,36.459999084472656,100090300.0,32.163814544677734
2005-04-05,36.66999816894531,36.41999816894531,36.4900016784668,36.560001373291016,66266600.0,32.252052307128906
2005-04-06,36.90999984741211,36.41999816894531,36.65999984741211,36.5,82168900.0,32.19910430908203
2005-04-07,36.95000076293945,36.5099983215332,36.529998779296875,36.939998626708984,88618000.0,32.587249755859375
2005-04-08,37.06999969482422,36.599998474121094,37.0,36.63999938964844,92332900.0,32.32259750366211
2005-04-11,36.779998779296875,36.400001525878906,36.75,36.47999954223633,70976000.0,32.18146514892578
2005-04-12,36.7400016784668,35.90999984741211,36.439998626708984,36.65999984741211,144848500.0,32.34025573730469
2005-04-13,36.599998474121094,35.97999954223633,36.560001373291016,36.060001373291016,108995500.0,31.810962677001953
2005-04-14,36.099998474121094,35.5,36.060001373291016,35.54999923706055,158057900.0,31.361045837402344
2005-04-15,35.369998931884766,34.68000030517578,35.2400016784668,34.7400016784668,170013300.0,30.64649200439453
2005-04-18,35.0,34.63999938964844,34.709999084472656,34.75,110084000.0,30.65529441833496
2005-04-19,35.099998474121094,34.75,35.02000045776367,34.9900016784668,96922100.0,30.867029190063477
2005-04-20,35.290000915527344,34.59000015258789,35.209999084472656,34.70000076293945,140457400.0,30.61121368408203
2005-04-21,35.709999084472656,34.959999084472656,35.119998931884766,35.619998931884766,124505100.0,31.42279624938965
2005-04-22,35.470001220703125,34.81999969482422,35.459999084472656,35.09000015258789,114996800.0,30.955249786376953
2005-04-25,35.459999084472656,35.150001525878906,35.29999923706055,35.380001068115234,72170100.0,31.21108627319336
2005-04-26,35.70000076293945,35.040000915527344,35.290000915527344,35.04999923706055,104958800.0,30.91996955871582
2005-04-27,35.25,34.72999954223633,34.869998931884766,35.099998474121094,112539300.0,30.964075088500977
2005-04-28,35.150001525878906,34.720001220703125,34.91999816894531,34.75,98181900.0,30.65529441833496
2005-04-29,35.060001373291016,34.349998474121094,35.0,34.97999954223633,144435900.0,30.85821533203125
2005-05-02,35.2599983215332,34.88999938964844,35.099998474121094,35.119998931884766,67648800.0,30.981718063354492
2005-05-03,35.43000030517578,35.029998779296875,35.04999923706055,35.29999923706055,103428700.0,31.14051055908203
2005-05-04,35.83000183105469,35.2400016784668,35.290000915527344,35.72999954223633,90480600.0,31.51983070373535
2005-05-05,35.91999816894531,35.529998779296875,35.75,35.7599983215332,79341700.0,31.546302795410156
2005-05-06,36.02000045776367,35.720001220703125,35.970001220703125,35.86000061035156,77310200.0,31.63450813293457
2005-05-09,36.060001373291016,35.65999984741211,35.869998931884766,36.029998779296875,66298400.0,31.78449058532715
2005-05-10,35.959999084472656,35.619998931884766,35.86000061035156,35.77000045776367,77194700.0,31.555118560791016
2005-05-11,36.029998779296875,35.29999923706055,35.81999969482422,35.95000076293945,131952400.0,31.71392059326172
2005-05-12,36.20000076293945,35.65999984741211,36.029998779296875,35.849998474121094,116602200.0,31.625690460205078
2005-05-13,36.470001220703125,35.88999938964844,35.9900016784668,36.2400016784668,133273500.0,31.969749450683594
2005-05-16,36.540000915527344,36.130001068115234,36.2400016784668,36.47999954223633,79093200.0,32.18146514892578
2005-05-17,36.7400016784668,36.209999084472656,36.349998474121094,36.70000076293945,91665900.0,32.37553405761719
2005-05-18,37.36000061035156,36.709999084472656,36.79999923706055,37.20000076293945,128105900.0,32.816619873046875
2005-05-19,37.52000045776367,37.20000076293945,37.290000915527344,37.5099983215332,92619700.0,33.09010696411133
2005-05-20,37.689998626708984,37.349998474121094,37.45000076293945,37.65999984741211,66530100.0,33.22242736816406
2005-05-23,37.9900016784668,37.599998474121094,37.65999984741211,37.849998474121094,93068200.0,33.390045166015625
2005-05-24,38.0,37.70000076293945,37.7599983215332,37.970001220703125,100830000.0,33.49589157104492
2005-05-25,37.880001068115234,37.59000015258789,37.84000015258789,37.810001373291016,76470600.0,33.35477066040039
2005-05-26,38.27000045776367,37.97999954223633,37.97999954223633,38.189998626708984,84066800.0,33.68996810913086
2005-05-27,38.25,38.02000045776367,38.13999938964844,38.209999084472656,50076900.0,33.70760726928711
2005-05-31,38.2400016784668,37.91999816894531,38.189998626708984,38.08000183105469,75281500.0,33.59293746948242
2005-06-01,38.68000030517578,38.02000045776367,38.029998779296875,38.38999938964844,110875700.0,33.86639404296875
2005-06-02,38.65999984741211,38.29999923706055,38.33000183105469,38.65999984741211,75926500.0,34.10458755493164
2005-06-03,38.63999938964844,38.02000045776367,38.630001068115234,38.099998474121094,96998400.0,33.61058807373047
2005-06-06,38.189998626708984,37.959999084472656,38.119998931884766,38.11000061035156,52681400.0,33.61939239501953
2005-06-07,38.470001220703125,37.7400016784668,38.150001525878906,37.790000915527344,108953400.0,33.33710861206055
2005-06-08,37.95000076293945,37.560001373291016,37.880001068115234,37.709999084472656,79211900.0,33.26652908325195
2005-06-09,38.060001373291016,37.5,37.65999984741211,37.95000076293945,99383300.0,33.47825241088867
2005-06-10,37.900001525878906,37.380001068115234,37.900001525878906,37.54999923706055,85971700.0,33.12537384033203
2005-06-13,37.95000076293945,37.459999084472656,37.47999954223633,37.72999954223633,82331300.0,33.2841682434082
2005-06-14,37.84000015258789,37.5,37.689998626708984,37.58000183105469,62593600.0,33.15185546875
2005-06-15,37.869998931884766,37.25,37.83000183105469,37.70000076293945,103952000.0,33.25770950317383
2005-06-16,38.0,37.65999984741211,37.7400016784668,37.900001525878906,90450100.0,33.434139251708984
2005-06-17,38.209999084472656,37.75,38.11000061035156,37.869998931884766,83915700.0,33.43853759765625
2005-06-20,38.08000183105469,37.58000183105469,37.720001220703125,37.869998931884766,67580000.0,33.43853759765625
2005-06-21,38.0099983215332,37.70000076293945,37.84000015258789,37.849998474121094,97845600.0,33.420894622802734
2005-06-22,38.099998474121094,37.630001068115234,38.0,37.810001373291016,75221100.0,33.38557815551758
2005-06-23,38.18000030517578,37.33000183105469,37.869998931884766,37.38999938964844,122163300.0,33.01471710205078
2005-06-24,37.40999984741211,36.959999084472656,37.380001068115234,36.970001220703125,142144100.0,32.64387512207031
2005-06-27,37.060001373291016,36.70000076293945,36.95000076293945,36.79999923706055,72780800.0,32.49378204345703
2005-06-28,37.2599983215332,36.900001525878906,36.95000076293945,37.150001525878906,73330300.0,32.80281066894531
2005-06-29,37.2599983215332,36.970001220703125,37.25,37.06999969482422,71513600.0,32.732181549072266
2005-06-30,37.209999084472656,36.75,37.13999938964844,36.779998779296875,87803700.0,32.47610855102539
2005-07-01,37.0,36.68000030517578,36.86000061035156,36.72999954223633,55254800.0,32.43195724487305
2005-07-05,37.189998626708984,36.599998474121094,36.599998474121094,37.11000061035156,79288700.0,32.7674674987793
2005-07-06,37.279998779296875,36.86000061035156,37.029998779296875,36.93000030517578,79101000.0,32.60853576660156
2005-07-07,37.09000015258789,36.54999923706055,36.58000183105469,37.060001373291016,119466300.0,32.72333526611328
2005-07-08,37.810001373291016,36.9900016784668,37.08000183105469,37.77000045776367,101320700.0,33.35026168823242
2005-07-11,38.15999984741211,37.79999923706055,37.869998931884766,38.119998931884766,96283700.0,33.6593017578125
2005-07-12,38.459999084472656,38.0099983215332,38.119998931884766,38.29999923706055,86059300.0,33.818241119384766
2005-07-13,38.43000030517578,38.16999816894531,38.31999969482422,38.38999938964844,72135400.0,33.897701263427734
2005-07-14,38.880001068115234,38.52000045776367,38.66999816894531,38.77000045776367,99135200.0,34.233253479003906
2005-07-15,39.0,38.650001525878906,38.83000183105469,38.88999938964844,67239200.0,34.339195251464844
2005-07-18,38.88999938964844,38.689998626708984,38.790000915527344,38.72999954223633,58644000.0,34.19790267944336
2005-07-19,39.20000076293945,38.84000015258789,38.90999984741211,39.18000030517578,77860900.0,34.59526824951172
2005-07-20,39.56999969482422,38.900001525878906,38.939998626708984,39.459999084472656,91433100.0,34.842491149902344
2005-07-21,39.689998626708984,39.209999084472656,39.560001373291016,39.470001220703125,127286000.0,34.85133743286133
2005-07-22,39.59000015258789,39.220001220703125,39.47999954223633,39.41999816894531,71666600.0,34.80717468261719
2005-07-25,39.630001068115234,39.20000076293945,39.459999084472656,39.27000045776367,51872700.0,34.674720764160156
2005-07-26,39.529998779296875,39.189998626708984,39.38999938964844,39.41999816894531,67324900.0,34.80717468261719
2005-07-27,39.7599983215332,39.22999954223633,39.45000076293945,39.720001220703125,78351100.0,35.07207489013672
2005-07-28,39.91999816894531,39.63999938964844,39.75,39.90999984741211,66163700.0,35.23983383178711
2005-07-29,39.91999816894531,39.52000045776367,39.869998931884766,39.58000183105469,74725700.0,34.948455810546875
2005-08-01,39.83000183105469,39.52000045776367,39.63999938964844,39.650001525878906,59748300.0,35.010257720947266
2005-08-02,40.13999938964844,39.650001525878906,39.70000076293945,40.08000183105469,79284100.0,35.389957427978516
2005-08-03,40.130001068115234,39.880001068115234,39.90999984741211,40.060001373291016,61916400.0,35.37228775024414
2005-08-04,39.939998626708984,39.56999969482422,39.880001068115234,39.66999816894531,72035500.0,35.02791213989258
2005-08-05,39.790000915527344,39.43000030517578,39.61000061035156,39.47999954223633,66029500.0,34.86015319824219
2005-08-08,39.61000061035156,39.13999938964844,39.52000045776367,39.189998626708984,63415400.0,34.604095458984375
2005-08-09,39.59000015258789,39.310001373291016,39.369998931884766,39.45000076293945,62143600.0,34.833656311035156
2005-08-10,39.689998626708984,38.970001220703125,39.54999923706055,39.11000061035156,102317500.0,34.533451080322266
2005-08-11,39.540000915527344,39.099998474121094,39.130001068115234,39.43000030517578,92446700.0,34.81599426269531
2005-08-12,39.31999969482422,38.970001220703125,39.119998931884766,39.209999084472656,86367300.0,34.621761322021484
2005-08-15,39.630001068115234,39.08000183105469,39.13999938964844,39.45000076293945,63061100.0,34.833656311035156
2005-08-16,39.33000183105469,38.7400016784668,39.29999923706055,38.810001373291016,94596000.0,34.268558502197266
2005-08-17,39.16999816894531,38.790000915527344,38.91999816894531,39.040000915527344,74470500.0,34.471641540527344
2005-08-18,39.099998474121094,38.77000045776367,38.869998931884766,38.84000015258789,72559400.0,34.2950439453125
2005-08-19,39.0,38.790000915527344,38.88999938964844,38.81999969482422,52024300.0,34.27738952636719
2005-08-22,39.18000030517578,38.599998474121094,38.880001068115234,38.84000015258789,88056300.0,34.2950439453125
2005-08-23,38.91999816894531,38.61000061035156,38.84000015258789,38.72999954223633,57482900.0,34.19790267944336
2005-08-24,39.18000030517578,38.459999084472656,38.650001525878906,38.5,95025700.0,33.99482345581055
2005-08-25,38.689998626708984,38.4900016784668,38.56999969482422,38.59000015258789,52328800.0,34.07429504394531
2005-08-26,38.599998474121094,38.27000045776367,38.529998779296875,38.459999084472656,63840700.0,33.95950698852539
2005-08-29,38.849998474121094,38.2599983215332,38.2599983215332,38.7599983215332,74940400.0,34.22441101074219
2005-08-30,38.65999984741211,38.31999969482422,38.560001373291016,38.619998931884766,87373600.0,34.10078048706055
2005-08-31,39.0099983215332,38.47999954223633,38.63999938964844,38.97999954223633,93426300.0,34.41865539550781
2005-09-01,39.150001525878906,38.779998779296875,39.0,38.91999816894531,74884400.0,34.365692138671875
2005-09-02,39.029998779296875,38.7400016784668,39.0,38.77000045776367,53244900.0,34.233253479003906
2005-09-06,39.40999984741211,38.900001525878906,38.95000076293945,39.34000015258789,78106600.0,34.736541748046875
2005-09-07,39.47999954223633,39.209999084472656,39.29999923706055,39.40999984741211,57440100.0,34.7983512878418
2005-09-08,39.56999969482422,39.27000045776367,39.290000915527344,39.400001525878906,73529700.0,34.789527893066406
2005-09-09,39.689998626708984,39.310001373291016,39.40999984741211,39.619998931884766,75342100.0,34.98378372192383
2005-09-12,39.86000061035156,39.58000183105469,39.630001068115234,39.72999954223633,51689900.0,35.08089828491211
2005-09-13,39.90999984741211,39.540000915527344,39.68000030517578,39.630001068115234,66145800.0,34.992618560791016
2005-09-14,39.68000030517578,39.150001525878906,39.650001525878906,39.18000030517578,98644000.0,34.59526824951172
2005-09-15,39.34000015258789,39.04999923706055,39.2599983215332,39.15999984741211,80421500.0,34.57758712768555
2005-09-16,39.459999084472656,39.11000061035156,39.25,39.400001525878906,71034100.0,34.789527893066406
2005-09-19,39.380001068115234,38.90999984741211,39.31999969482422,39.09000015258789,73387500.0,34.515811920166016
2005-09-20,39.540000915527344,38.810001373291016,39.15999984741211,38.93000030517578,115202800.0,34.3745231628418
2005-09-21,38.869998931884766,38.470001220703125,38.81999969482422,38.5,116404300.0,33.99482345581055
2005-09-22,38.72999954223633,38.2400016784668,38.439998626708984,38.63999938964844,118686100.0,34.118446350097656
2005-09-23,38.880001068115234,38.40999984741211,38.5,38.75,70154000.0,34.215572357177734
2005-09-26,39.029998779296875,38.54999923706055,38.970001220703125,38.7599983215332,69327600.0,34.22441101074219
2005-09-27,38.900001525878906,38.5099983215332,38.790000915527344,38.66999816894531,64089500.0,34.14495086669922
2005-09-28,38.95000076293945,38.560001373291016,38.7599983215332,38.68000030517578,72044500.0,34.15376281738281
2005-09-29,39.209999084472656,38.45000076293945,38.630001068115234,39.20000076293945,117634600.0,34.61292266845703
2005-09-30,39.47999954223633,39.130001068115234,39.16999816894531,39.459999084472656,79248500.0,34.842491149902344
2005-10-03,39.75,39.5099983215332,39.540000915527344,39.560001373291016,81685600.0,34.93080520629883
2005-10-04,39.880001068115234,39.290000915527344,39.619998931884766,39.29999923706055,85348600.0,34.70122146606445
2005-10-05,39.34000015258789,38.72999954223633,39.310001373291016,38.7599983215332,106152200.0,34.22441101074219
2005-10-06,38.86000061035156,37.91999816894531,38.72999954223633,38.25,162213700.0,33.77408981323242
2005-10-07,38.56999969482422,38.18000030517578,38.400001525878906,38.34000015258789,91119900.0,33.853553771972656
2005-10-10,38.459999084472656,38.060001373291016,38.27000045776367,38.130001068115234,64012000.0,33.668121337890625
2005-10-11,38.2400016784668,37.79999923706055,38.2400016784668,37.939998626708984,114736900.0,33.5003662109375
2005-10-12,38.060001373291016,37.43000030517578,37.720001220703125,37.4900016784668,146109500.0,33.103031158447266
2005-10-13,37.90999984741211,37.33000183105469,37.470001220703125,37.779998779296875,138569600.0,33.35908889770508
2005-10-14,38.06999969482422,37.63999938964844,37.880001068115234,38.060001373291016,131463200.0,33.60634231567383
2005-10-17,38.189998626708984,37.81999969482422,38.06999969482422,38.18000030517578,64080400.0,33.712276458740234
2005-10-18,38.18000030517578,37.90999984741211,38.13999938964844,37.90999984741211,88070400.0,33.4738883972168
2005-10-19,38.66999816894531,37.61000061035156,37.720001220703125,38.66999816894531,132879900.0,34.14495086669922
2005-10-20,38.849998474121094,38.099998474121094,38.709999084472656,38.310001373291016,132576900.0,33.82707595825195
2005-10-21,38.75,38.33000183105469,38.66999816894531,38.54999923706055,110032000.0,34.038978576660156
2005-10-24,39.18000030517578,38.470001220703125,38.72999954223633,39.15999984741211,110820900.0,34.57758712768555
2005-10-25,39.189998626708984,38.77000045776367,39.09000015258789,39.0099983215332,86665800.0,34.44514465332031
2005-10-26,39.27000045776367,38.7599983215332,38.97999954223633,38.810001373291016,89878100.0,34.268558502197266
2005-10-27,38.79999923706055,38.029998779296875,38.779998779296875,38.029998779296875,132231100.0,33.57981872558594
2005-10-28,38.38999938964844,37.91999816894531,38.15999984741211,38.31999969482422,95243900.0,33.835906982421875
2005-10-31,39.04999923706055,38.41999816894531,38.45000076293945,38.869998931884766,115279100.0,34.321537017822266
2005-11-01,39.0099983215332,38.709999084472656,38.779998779296875,38.84000015258789,73502300.0,34.2950439453125
2005-11-02,39.459999084472656,38.709999084472656,38.72999954223633,39.349998474121094,101409900.0,34.74536895751953
2005-11-03,40.09000015258789,39.68000030517578,39.7400016784668,39.939998626708984,137054000.0,35.266326904296875
2005-11-04,40.22999954223633,39.84000015258789,40.0,40.08000183105469,100944500.0,35.389957427978516
2005-11-07,40.290000915527344,39.95000076293945,40.209999084472656,40.130001068115234,65324500.0,35.43409729003906
2005-11-08,40.349998474121094,39.9900016784668,40.08000183105469,40.13999938964844,78859700.0,35.44292068481445
2005-11-09,40.33000183105469,40.029998779296875,40.119998931884766,40.15999984741211,72458800.0,35.4605827331543
2005-11-10,40.689998626708984,39.91999816894531,40.18000030517578,40.599998474121094,120763100.0,35.849098205566406
2005-11-11,40.91999816894531,40.68000030517578,40.77000045776367,40.709999084472656,80057200.0,35.94621658325195
2005-11-14,40.86000061035156,40.599998474121094,40.77000045776367,40.709999084472656,53652400.0,35.94621658325195
2005-11-15,40.900001525878906,40.380001068115234,40.72999954223633,40.52000045776367,79543500.0,35.77846908569336
2005-11-16,40.779998779296875,40.459999084472656,40.630001068115234,40.77000045776367,65895700.0,35.99920654296875
2005-11-17,41.31999969482422,40.849998474121094,40.90999984741211,41.310001373291016,94425500.0,36.47600555419922
2005-11-18,41.650001525878906,41.27000045776367,41.52000045776367,41.45000076293945,108820200.0,36.599632263183594
2005-11-21,41.58000183105469,41.2400016784668,41.400001525878906,41.54999923706055,69731400.0,36.68793487548828
2005-11-22,41.869998931884766,41.36000061035156,41.470001220703125,41.70000076293945,88814000.0,36.82038879394531
2005-11-23,42.02000045776367,41.709999084472656,41.72999954223633,41.79999923706055,64101200.0,36.9086799621582
2005-11-25,41.939998626708984,41.72999954223633,41.84000015258789,41.88999938964844,22930200.0,36.98814392089844
2005-11-28,42.0,41.5,42.0,41.540000915527344,74716200.0,36.679107666015625
2005-11-29,41.849998474121094,41.34000015258789,41.77000045776367,41.34000015258789,77443000.0,36.50249481201172
2005-11-30,41.4900016784668,41.189998626708984,41.279998779296875,41.2400016784668,88044400.0,36.414215087890625
2005-12-01,42.04999923706055,41.5,41.5099983215332,42.0099983215332,91914100.0,37.09410095214844
2005-12-02,42.130001068115234,41.869998931884766,41.939998626708984,42.11000061035156,72929200.0,37.18240737915039
2005-12-05,42.060001373291016,41.630001068115234,42.060001373291016,41.79999923706055,61519900.0,36.9086799621582
2005-12-06,42.310001373291016,41.900001525878906,42.029998779296875,41.939998626708984,81509400.0,37.03227996826172
2005-12-07,42.029998779296875,41.630001068115234,42.0,41.86000061035156,83885500.0,36.9616584777832
2005-12-08,42.0,41.27000045776367,41.959999084472656,41.560001373291016,112043200.0,36.696773529052734
2005-12-09,41.77000045776367,41.380001068115234,41.560001373291016,41.720001220703125,56526900.0,36.838050842285156
2005-12-12,41.939998626708984,41.68000030517578,41.869998931884766,41.869998931884766,44863600.0,36.970481872558594
2005-12-13,42.209999084472656,41.7599983215332,41.81999969482422,42.040000915527344,76611600.0,37.12059783935547
2005-12-14,42.099998474121094,41.709999084472656,41.95000076293945,41.900001525878906,73581600.0,36.996986389160156
2005-12-15,42.06999969482422,41.61000061035156,42.0,41.970001220703125,72607200.0,37.058807373046875
2005-12-16,41.939998626708984,41.54999923706055,41.86000061035156,41.58000183105469,63743000.0,36.8029899597168
2005-12-19,41.709999084472656,40.900001525878906,41.66999816894531,40.91999816894531,75341700.0,36.21880340576172
2005-12-20,41.150001525878906,40.75,40.95000076293945,40.95000076293945,70257700.0,36.24536895751953
2005-12-21,41.40999984741211,40.95000076293945,41.02000045776367,41.130001068115234,68935000.0,36.40467834472656
2005-12-22,41.459999084472656,41.099998474121094,41.11000061035156,41.400001525878906,59149500.0,36.64366912841797
2005-12-23,41.59000015258789,41.29999923706055,41.5099983215332,41.400001525878906,38000400.0,36.64366912841797
2005-12-27,41.68000030517578,40.970001220703125,41.52000045776367,41.040000915527344,55656300.0,36.325016021728516
2005-12-28,41.22999954223633,40.869998931884766,41.060001373291016,40.9900016784668,50302400.0,36.28076934814453
2005-12-29,41.119998931884766,40.650001525878906,41.029998779296875,40.720001220703125,47301700.0,36.04180145263672
2005-12-30,40.58000183105469,40.36000061035156,40.540000915527344,40.40999984741211,60026500.0,35.76741027832031
2006-01-03,41.4900016784668,40.15999984741211,40.650001525878906,41.310001373291016,109350400.0,36.56399917602539
2006-01-04,41.7400016784668,41.31999969482422,41.40999984741211,41.7400016784668,92769400.0,36.94460678100586
2006-01-05,42.0,41.709999084472656,41.75,41.91999816894531,77656900.0,37.10392761230469
2006-01-06,42.70000076293945,42.060001373291016,42.2599983215332,42.68000030517578,110053900.0,37.77660369873047
2006-01-09,42.91999816894531,42.52000045776367,42.68000030517578,42.849998474121094,80768800.0,37.92708969116211
2006-01-10,42.91999816894531,42.54999923706055,42.65999984741211,42.880001068115234,84369400.0,37.95363235473633
2006-01-11,43.310001373291016,42.869998931884766,43.0,43.209999084472656,100761400.0,38.24570846557617
2006-01-12,43.290000915527344,42.849998474121094,43.15999984741211,43.0,82429200.0,38.059852600097656
2006-01-13,43.04999923706055,42.72999954223633,42.939998626708984,42.97999954223633,64572100.0,38.042137145996094
2006-01-17,42.790000915527344,42.5,42.650001525878906,42.70000076293945,77962100.0,37.79430389404297
2006-01-18,42.459999084472656,42.02000045776367,42.029998779296875,42.209999084472656,121021900.0,37.36060333251953
2006-01-19,42.81999969482422,42.290000915527344,42.41999816894531,42.52000045776367,111094000.0,37.63499450683594
2006-01-20,42.4900016784668,41.150001525878906,42.459999084472656,41.25,188569400.0,36.51090621948242
2006-01-23,41.45000076293945,41.08000183105469,41.36000061035156,41.2599983215332,111381900.0,36.519752502441406
2006-01-24,41.70000076293945,41.310001373291016,41.36000061035156,41.439998626708984,77956900.0,36.6790657043457
2006-01-25,41.66999816894531,41.08000183105469,41.63999938964844,41.2599983215332,99826400.0,36.519752502441406
2006-01-26,41.689998626708984,41.22999954223633,41.5,41.54999923706055,112600600.0,36.776424407958984
2006-01-27,42.38999938964844,41.7400016784668,41.79999923706055,42.11000061035156,110830400.0,37.27208709716797
2006-01-30,42.31999969482422,42.06999969482422,42.18000030517578,42.189998626708984,53942600.0,37.342891693115234
2006-01-31,42.27000045776367,41.810001373291016,42.16999816894531,42.0,100988100.0,37.17474365234375
2006-02-01,42.16999816894531,41.70000076293945,41.7400016784668,42.150001525878906,89168700.0,37.30751037597656
2006-02-02,42.08000183105469,41.40999984741211,42.0099983215332,41.43000030517578,94047400.0,36.67021560668945
2006-02-03,41.22999954223633,40.779998779296875,41.119998931884766,40.91999816894531,121094200.0,36.21880340576172
2006-02-06,41.0099983215332,40.59000015258789,40.720001220703125,40.810001373291016,58162800.0,36.121456146240234
2006-02-07,40.93000030517578,40.439998626708984,40.7400016784668,40.630001068115234,87327000.0,35.962127685546875
2006-02-08,41.150001525878906,40.689998626708984,40.91999816894531,41.099998474121094,89907800.0,36.378135681152344
2006-02-09,41.369998931884766,40.630001068115234,41.209999084472656,40.709999084472656,78213400.0,36.03293991088867
2006-02-10,41.060001373291016,40.2599983215332,40.68000030517578,40.959999084472656,102575900.0,36.25421905517578
2006-02-13,40.7400016784668,40.29999923706055,40.70000076293945,40.4900016784668,70643100.0,35.83822250366211
2006-02-14,41.02000045776367,40.40999984741211,40.56999969482422,40.900001525878906,94340300.0,36.20109939575195
2006-02-15,41.2599983215332,40.72999954223633,40.790000915527344,41.15999984741211,92254300.0,36.431236267089844
2006-02-16,41.54999923706055,41.150001525878906,41.310001373291016,41.540000915527344,103859600.0,36.7675895690918
2006-02-17,41.459999084472656,41.20000076293945,41.459999084472656,41.209999084472656,81770200.0,36.47549819946289
2006-02-21,41.27000045776367,40.61000061035156,41.209999084472656,40.75,85101400.0,36.0683479309082
2006-02-22,41.540000915527344,40.68000030517578,40.779998779296875,41.2599983215332,91983900.0,36.519752502441406
2006-02-23,41.540000915527344,41.08000183105469,41.189998626708984,41.150001525878906,66517100.0,36.422386169433594
2006-02-24,41.290000915527344,41.0099983215332,41.189998626708984,41.2599983215332,57085400.0,36.519752502441406
2006-02-27,41.869998931884766,41.33000183105469,41.36000061035156,41.720001220703125,64945000.0,36.926910400390625
2006-02-28,41.720001220703125,40.970001220703125,41.61000061035156,41.099998474121094,117564600.0,36.378135681152344
2006-03-01,41.77000045776367,41.150001525878906,41.22999954223633,41.65999984741211,80962300.0,36.873802185058594
2006-03-02,41.84000015258789,41.40999984741211,41.54999923706055,41.689998626708984,69856500.0,36.90034103393555
2006-03-03,42.0099983215332,41.38999938964844,41.45000076293945,41.45000076293945,112066100.0,36.68792724609375
2006-03-06,41.630001068115234,40.959999084472656,41.540000915527344,41.09000015258789,99581000.0,36.369266510009766
2006-03-07,41.06999969482422,40.650001525878906,41.02000045776367,40.849998474121094,96441100.0,36.156856536865234
2006-03-08,41.09000015258789,40.5,40.7599983215332,40.869998931884766,103961900.0,36.174564361572266
2006-03-09,41.150001525878906,40.470001220703125,41.0,40.52000045776367,108556700.0,35.86477279663086
2006-03-10,40.790000915527344,40.189998626708984,40.47999954223633,40.560001373291016,124474900.0,35.90016174316406
2006-03-13,40.939998626708984,40.619998931884766,40.7400016784668,40.68000030517578,69169100.0,36.00638198852539
2006-03-14,41.41999816894531,40.63999938964844,40.63999938964844,41.369998931884766,118201000.0,36.617122650146484
2006-03-15,41.720001220703125,41.31999969482422,41.529998779296875,41.720001220703125,84375800.0,36.926910400390625
2006-03-16,41.91999816894531,41.33000183105469,41.849998474121094,41.369998931884766,101371200.0,36.617122650146484
2006-03-17,41.59000015258789,41.22999954223633,41.34000015258789,41.45000076293945,78219600.0,36.71365737915039
2006-03-20,41.68000030517578,41.400001525878906,41.56999969482422,41.54999923706055,60240100.0,36.80221939086914
2006-03-21,42.0099983215332,41.08000183105469,41.11000061035156,41.11000061035156,136566000.0,36.41251754760742
2006-03-22,41.279998779296875,40.86000061035156,40.880001068115234,41.209999084472656,112282800.0,36.5010871887207
2006-03-23,41.220001220703125,40.81999969482422,41.09000015258789,41.09000015258789,75158200.0,36.39479064941406
2006-03-24,41.5,41.02000045776367,41.22999954223633,41.29999923706055,81795500.0,36.580810546875
2006-03-27,41.5099983215332,41.2400016784668,41.279998779296875,41.310001373291016,54400400.0,36.58965301513672
2006-03-28,41.66999816894531,40.9900016784668,41.38999938964844,41.13999938964844,100522800.0,36.4390869140625
2006-03-29,42.099998474121094,41.16999816894531,41.20000076293945,41.91999816894531,130669100.0,37.12995147705078
2006-03-30,42.29999923706055,41.790000915527344,42.0099983215332,42.04999923706055,115915600.0,37.2451057434082
2006-03-31,42.189998626708984,41.84000015258789,42.130001068115234,41.93000030517578,71074600.0,37.138816833496094
2006-04-03,42.369998931884766,41.900001525878906,42.150001525878906,41.97999954223633,80730700.0,37.1830940246582
2006-04-04,42.310001373291016,41.93000030517578,42.04999923706055,42.209999084472656,89952600.0,37.38680648803711
2006-04-05,42.66999816894531,42.209999084472656,42.29999923706055,42.61000061035156,91628200.0,37.74110412597656
2006-04-06,42.939998626708984,42.439998626708984,42.59000015258789,42.72999954223633,91712800.0,37.847408294677734
2006-04-07,43.04999923706055,42.29999923706055,42.880001068115234,42.31999969482422,116604300.0,37.484256744384766
2006-04-10,42.5,42.09000015258789,42.400001525878906,42.2599983215332,58981900.0,37.431095123291016
2006-04-11,42.43000030517578,41.709999084472656,42.38999938964844,41.91999816894531,91481900.0,37.12995147705078
2006-04-12,42.08000183105469,41.79999923706055,41.939998626708984,41.93000030517578,58751200.0,37.138816833496094
2006-04-13,42.33000183105469,41.790000915527344,41.900001525878906,42.099998474121094,63476900.0,37.289390563964844
2006-04-17,42.209999084472656,41.38999938964844,42.040000915527344,41.65999984741211,104072100.0,36.89966583251953
2006-04-18,42.560001373291016,41.77000045776367,41.77000045776367,42.459999084472656,124291700.0,37.60825729370117
2006-04-19,42.650001525878906,42.29999923706055,42.540000915527344,42.650001525878906,79050300.0,37.77653121948242
2006-04-20,42.81999969482422,42.380001068115234,42.63999938964844,42.5,81408000.0,37.6436882019043
2006-04-21,42.720001220703125,41.81999969482422,42.65999984741211,42.0,130181200.0,37.200809478759766
2006-04-24,42.06999969482422,41.720001220703125,41.95000076293945,41.959999084472656,78556400.0,37.16537857055664
2006-04-25,42.099998474121094,41.650001525878906,42.06999969482422,41.869998931884766,77660800.0,37.085670471191406
2006-04-26,42.060001373291016,41.70000076293945,41.86000061035156,41.86000061035156,82537000.0,37.076812744140625
2006-04-27,42.4900016784668,41.5,41.66999816894531,42.2599983215332,173950100.0,37.431095123291016
2006-04-28,42.220001220703125,41.779998779296875,42.0,41.849998474121094,88876600.0,37.06795883178711
2006-05-01,42.04999923706055,41.310001373291016,41.91999816894531,41.439998626708984,92875500.0,36.70479965209961
2006-05-02,41.72999954223633,41.400001525878906,41.619998931884766,41.54999923706055,85148100.0,36.80221939086914
2006-05-03,41.63999938964844,41.279998779296875,41.56999969482422,41.4900016784668,74971600.0,36.749088287353516
2006-05-04,41.9900016784668,41.529998779296875,41.529998779296875,41.83000183105469,88696800.0,37.05024337768555
2006-05-05,42.209999084472656,41.939998626708984,42.099998474121094,42.15999984741211,80392200.0,37.342525482177734
2006-05-08,42.279998779296875,42.06999969482422,42.08000183105469,42.20000076293945,45079100.0,37.37796401977539
2006-05-09,42.18000030517578,41.970001220703125,42.099998474121094,42.040000915527344,48528800.0,37.23624801635742
2006-05-10,41.97999954223633,41.54999923706055,41.93000030517578,41.66999816894531,92424200.0,36.90851593017578
2006-05-11,41.650001525878906,40.630001068115234,41.630001068115234,40.7400016784668,140989700.0,36.08478927612305
2006-05-12,40.619998931884766,40.18000030517578,40.560001373291016,40.189998626708984,153920800.0,35.59763717651367
2006-05-15,40.34000015258789,39.790000915527344,40.02000045776367,40.15999984741211,127896500.0,35.57106399536133
2006-05-16,40.2599983215332,39.77000045776367,40.16999816894531,39.86000061035156,132397500.0,35.305355072021484
2006-05-17,39.810001373291016,39.22999954223633,39.68000030517578,39.31999969482422,207897100.0,34.82704162597656
2006-05-18,39.65999984741211,39.0,39.4900016784668,39.04999923706055,139690900.0,34.5879020690918
2006-05-19,39.470001220703125,38.75,39.20000076293945,39.349998474121094,194306300.0,34.853614807128906
2006-05-22,39.2400016784668,38.619998931884766,39.0099983215332,38.970001220703125,169591800.0,34.51704788208008
2006-05-23,39.380001068115234,38.56999969482422,39.2599983215332,38.59000015258789,142243900.0,34.180450439453125
2006-05-24,39.040000915527344,38.22999954223633,38.529998779296875,38.849998474121094,234981600.0,34.41075897216797
2006-05-25,39.380001068115234,38.81999969482422,39.11000061035156,39.36000061035156,123510900.0,34.862464904785156
2006-05-26,39.58000183105469,39.22999954223633,39.45000076293945,39.4900016784668,91319600.0,34.97761917114258
2006-05-30,39.33000183105469,38.61000061035156,39.29999923706055,38.63999938964844,105606200.0,34.224735260009766
2006-05-31,39.060001373291016,38.540000915527344,38.709999084472656,38.81999969482422,137066200.0,34.384193420410156
2006-06-01,39.7400016784668,38.84000015258789,38.93000030517578,39.7400016784668,119357400.0,35.19905471801758
2006-06-02,40.0,39.310001373291016,39.959999084472656,39.63999938964844,128864100.0,35.1104850769043
2006-06-05,39.560001373291016,38.779998779296875,39.560001373291016,38.779998779296875,103190600.0,34.34873580932617
2006-06-06,38.95000076293945,38.349998474121094,38.849998474121094,38.75,127271000.0,34.32217025756836
2006-06-07,39.16999816894531,38.45000076293945,38.79999923706055,38.459999084472656,130754700.0,34.065311431884766
2006-06-08,38.560001373291016,37.4900016784668,38.27000045776367,38.400001525878906,280562200.0,34.012168884277344
2006-06-09,38.7400016784668,38.11000061035156,38.560001373291016,38.150001525878906,144146200.0,33.790733337402344
2006-06-12,38.2599983215332,37.38999938964844,38.20000076293945,37.400001525878906,145607500.0,33.126426696777344
2006-06-13,37.79999923706055,37.15999984741211,37.4900016784668,37.25,207099500.0,32.993560791015625
2006-06-14,37.709999084472656,37.20000076293945,37.36000061035156,37.630001068115234,201876800.0,33.33015441894531
2006-06-15,38.790000915527344,37.79999923706055,37.849998474121094,38.650001525878906,200700400.0,34.23361587524414
2006-06-16,38.68000030517578,38.20000076293945,38.54999923706055,38.34000015258789,120006100.0,33.98188400268555
2006-06-19,38.540000915527344,37.90999984741211,38.5,38.029998779296875,129450100.0,33.707130432128906
2006-06-20,38.47999954223633,37.939998626708984,38.09000015258789,38.08000183105469,102871700.0,33.75144577026367
2006-06-21,38.9900016784668,38.130001068115234,38.13999938964844,38.68000030517578,129548100.0,34.283233642578125
2006-06-22,38.68000030517578,37.9900016784668,38.59000015258789,38.189998626708984,143100500.0,33.848941802978516
2006-06-23,38.529998779296875,37.93000030517578,38.15999984741211,38.150001525878906,88050200.0,33.813472747802734
2006-06-26,38.38999938964844,38.06999969482422,38.16999816894531,38.25,65157700.0,33.90212631225586
2006-06-27,38.33000183105469,37.4900016784668,38.27000045776367,37.529998779296875,128227500.0,33.26395034790039
2006-06-28,37.84000015258789,37.380001068115234,37.619998931884766,37.810001373291016,91576300.0,33.51213836669922
2006-06-29,38.959999084472656,37.900001525878906,37.97999954223633,38.959999084472656,181997200.0,34.53141784667969
2006-06-30,39.13999938964844,38.68000030517578,39.119998931884766,38.77000045776367,82719200.0,34.363014221191406
2006-07-03,39.0,38.810001373291016,38.88999938964844,39.0,21598500.0,34.566871643066406
2006-07-05,38.68000030517578,38.09000015258789,38.63999938964844,38.150001525878906,93724000.0,33.813472747802734
2006-07-06,38.47999954223633,38.0099983215332,38.27000045776367,38.11000061035156,70615200.0,33.77803421020508
2006-07-07,38.16999816894531,37.56999969482422,37.900001525878906,37.689998626708984,108063300.0,33.4057731628418
2006-07-10,37.93000030517578,37.16999816894531,37.790000915527344,37.36000061035156,105109800.0,33.11328887939453
2006-07-11,37.7400016784668,37.08000183105469,37.279998779296875,37.63999938964844,136114200.0,33.361454010009766
2006-07-12,37.63999938964844,36.84000015258789,37.560001373291016,36.93000030517578,154458900.0,32.73216247558594
2006-07-13,37.040000915527344,36.310001373291016,36.63999938964844,36.310001373291016,177745500.0,32.18264389038086
2006-07-14,36.380001068115234,35.790000915527344,36.29999923706055,35.939998626708984,172448500.0,31.854686737060547
2006-07-17,36.25,35.869998931884766,35.95000076293945,36.029998779296875,134311000.0,31.9344539642334
2006-07-18,36.33000183105469,35.540000915527344,36.220001220703125,36.150001525878906,206964900.0,32.04081726074219
2006-07-19,36.83000183105469,36.09000015258789,36.119998931884766,36.619998931884766,192517600.0,32.4574089050293
2006-07-20,36.79999923706055,36.040000915527344,36.75,36.08000183105469,152292100.0,31.978782653808594
2006-07-21,35.959999084472656,35.619998931884766,35.880001068115234,35.70000076293945,119343000.0,31.6419734954834
2006-07-24,36.43000030517578,35.79999923706055,35.84000015258789,36.40999984741211,130269300.0,32.2712516784668
2006-07-25,36.7400016784668,36.2400016784668,36.4900016784668,36.619998931884766,108869600.0,32.4574089050293
2006-07-26,36.869998931884766,36.22999954223633,36.5099983215332,36.59000015258789,107170500.0,32.430809020996094
2006-07-27,37.040000915527344,36.25,36.7400016784668,36.349998474121094,99698700.0,32.21809005737305
2006-07-28,37.13999938964844,36.5,36.529998779296875,37.11000061035156,93556100.0,32.891693115234375
2006-07-31,37.31999969482422,36.88999938964844,37.08000183105469,37.099998474121094,78015300.0,32.88282012939453
2006-08-01,36.79999923706055,36.2599983215332,36.77000045776367,36.47999954223633,98552800.0,32.33331298828125
2006-08-02,37.130001068115234,36.61000061035156,36.61000061035156,36.88999938964844,87370600.0,32.696712493896484
2006-08-03,37.34000015258789,36.47999954223633,36.52000045776367,37.119998931884766,99205600.0,32.90055847167969
2006-08-04,37.630001068115234,36.619998931884766,37.45000076293945,36.95000076293945,123493800.0,32.74988555908203
2006-08-07,36.939998626708984,36.529998779296875,36.90999984741211,36.709999084472656,69634800.0,32.53715896606445
2006-08-08,36.900001525878906,36.2599983215332,36.810001373291016,36.47999954223633,124139900.0,32.33331298828125
2006-08-09,37.310001373291016,36.43000030517578,36.9900016784668,36.529998779296875,145342200.0,32.377628326416016
2006-08-10,36.880001068115234,36.310001373291016,36.43000030517578,36.790000915527344,102481300.0,32.608070373535156
2006-08-11,36.689998626708984,36.369998931884766,36.650001525878906,36.529998779296875,86903200.0,32.377628326416016
2006-08-14,37.27000045776367,36.70000076293945,36.84000015258789,36.77000045776367,109281100.0,32.59035110473633
2006-08-15,37.75,37.09000015258789,37.20000076293945,37.70000076293945,133712100.0,33.41463088989258
2006-08-16,38.61000061035156,37.84000015258789,37.97999954223633,38.59000015258789,135452100.0,34.20346450805664
2006-08-17,38.97999954223633,38.439998626708984,38.459999084472656,38.72999954223633,129492200.0,34.32754898071289
2006-08-18,38.83000183105469,38.279998779296875,38.630001068115234,38.790000915527344,97754500.0,34.38072967529297
2006-08-21,38.560001373291016,38.2599983215332,38.5,38.41999816894531,66668400.0,34.052791595458984
2006-08-22,38.810001373291016,38.20000076293945,38.36000061035156,38.43000030517578,102058600.0,34.0616569519043
2006-08-23,38.66999816894531,37.91999816894531,38.459999084472656,38.13999938964844,96056300.0,33.80462646484375
2006-08-24,38.349998474121094,37.91999816894531,38.25,38.25,78985300.0,33.90212631225586
2006-08-25,38.63999938964844,38.060001373291016,38.16999816894531,38.31999969482422,73572900.0,33.964168548583984
2006-08-28,38.790000915527344,38.2400016784668,38.290000915527344,38.61000061035156,80035000.0,34.22120666503906
2006-08-29,38.7599983215332,38.18000030517578,38.58000183105469,38.72999954223633,104842000.0,34.32754898071289
2006-08-30,39.029998779296875,38.599998474121094,38.720001220703125,38.90999984741211,75687200.0,34.487091064453125
2006-08-31,39.029998779296875,38.7599983215332,38.959999084472656,38.869998931884766,61207200.0,34.45164108276367
2006-09-01,39.209999084472656,38.900001525878906,39.08000183105469,39.08000183105469,69388500.0,34.63779067993164
2006-09-05,39.47999954223633,38.849998474121094,39.099998474121094,39.459999084472656,85582800.0,34.974586486816406
2006-09-06,39.189998626708984,38.61000061035156,39.099998474121094,38.66999816894531,97888600.0,34.27436828613281
2006-09-07,38.900001525878906,38.36000061035156,38.54999923706055,38.4900016784668,115877400.0,34.11484146118164
2006-09-08,38.81999969482422,38.459999084472656,38.540000915527344,38.720001220703125,96627000.0,34.31869888305664
2006-09-11,39.150001525878906,38.31999969482422,38.40999984741211,38.959999084472656,142377500.0,34.53141784667969
2006-09-12,39.79999923706055,38.95000076293945,38.95000076293945,39.68000030517578,124102400.0,35.1695671081543
2006-09-13,39.97999954223633,39.630001068115234,39.709999084472656,39.95000076293945,116054300.0,35.40888595581055
2006-09-14,40.220001220703125,39.7599983215332,39.849998474121094,39.9900016784668,98116000.0,35.4443244934082
2006-09-15,40.459999084472656,40.0,40.29999923706055,40.11000061035156,137825600.0,35.57115173339844
2006-09-18,40.400001525878906,39.939998626708984,40.119998931884766,40.119998931884766,117806700.0,35.58001708984375
2006-09-19,40.25,39.52000045776367,40.220001220703125,39.849998474121094,159060800.0,35.34056091308594
2006-09-20,40.540000915527344,40.189998626708984,40.20000076293945,40.43000030517578,116635500.0,35.85494613647461
2006-09-21,40.66999816894531,40.08000183105469,40.529998779296875,40.18000030517578,121886900.0,35.63322067260742
2006-09-22,40.15999984741211,39.70000076293945,40.150001525878906,39.869998931884766,100996400.0,35.35830307006836
2006-09-25,40.65999984741211,39.68000030517578,40.040000915527344,40.56999969482422,136473400.0,35.97910690307617
2006-09-26,40.79999923706055,40.400001525878906,40.52000045776367,40.77000045776367,113375600.0,36.15645980834961
2006-09-27,40.95000076293945,40.5,40.66999816894531,40.720001220703125,113003800.0,36.11212921142578
2006-09-28,40.88999938964844,40.43000030517578,40.77000045776367,40.83000183105469,85943600.0,36.209678649902344
2006-09-29,40.93000030517578,40.619998931884766,40.900001525878906,40.650001525878906,85438200.0,36.050045013427734
2006-10-02,40.70000076293945,40.08000183105469,40.599998474121094,40.13999938964844,97068800.0,35.59774398803711
2006-10-03,40.47999954223633,39.880001068115234,40.02000045776367,40.310001373291016,116261400.0,35.74850845336914
2006-10-04,41.310001373291016,40.13999938964844,40.2400016784668,41.29999923706055,149209500.0,36.62649154663086
2006-10-05,41.560001373291016,41.18000030517578,41.29999923706055,41.5,91799900.0,36.803863525390625
2006-10-06,41.560001373291016,41.2400016784668,41.36000061035156,41.40999984741211,85450400.0,36.72404861450195
2006-10-09,41.7400016784668,41.31999969482422,41.36000061035156,41.54999923706055,62786100.0,36.848201751708984
2006-10-10,41.75,41.310001373291016,41.599998474121094,41.619998931884766,98181800.0,36.9102783203125
2006-10-11,41.83000183105469,41.16999816894531,41.43000030517578,41.540000915527344,136561300.0,36.839324951171875
2006-10-12,42.25,41.70000076293945,41.7599983215332,42.20000076293945,95260200.0,37.424644470214844
2006-10-13,42.52000045776367,42.13999938964844,42.22999954223633,42.43000030517578,80470200.0,37.62862014770508
2006-10-16,42.619998931884766,42.400001525878906,42.43000030517578,42.470001220703125,62017400.0,37.664085388183594
2006-10-17,42.20000076293945,41.7599983215332,42.16999816894531,42.0,146149100.0,37.24728012084961
2006-10-18,42.310001373291016,41.650001525878906,42.220001220703125,41.79999923706055,120366100.0,37.06990432739258
2006-10-19,42.11000061035156,41.59000015258789,41.689998626708984,41.900001525878906,108198400.0,37.15858840942383
2006-10-20,42.08000183105469,41.63999938964844,42.040000915527344,42.0,105454300.0,37.24728012084961
2006-10-23,42.58000183105469,41.81999969482422,41.91999816894531,42.43000030517578,126960500.0,37.62862014770508
2006-10-24,42.45000076293945,41.91999816894531,42.279998779296875,42.13999938964844,103541700.0,37.371429443359375
2006-10-25,42.52000045776367,42.04999923706055,42.15999984741211,42.43000030517578,125399500.0,37.62862014770508
2006-10-26,42.91999816894531,42.220001220703125,42.58000183105469,42.81999969482422,130260700.0,37.9744873046875
2006-10-27,42.81999969482422,42.08000183105469,42.720001220703125,42.209999084472656,129375000.0,37.43350601196289
2006-10-30,42.650001525878906,42.060001373291016,42.15999984741211,42.47999954223633,103899900.0,37.67296600341797
2006-10-31,42.7599983215332,42.310001373291016,42.560001373291016,42.58000183105469,135811800.0,37.761653900146484
2006-11-01,42.77000045776367,41.81999969482422,42.72999954223633,42.0,148960600.0,37.24728012084961
2006-11-02,42.13999938964844,41.7400016784668,41.810001373291016,42.040000915527344,100216400.0,37.28274917602539
2006-11-03,42.189998626708984,41.61000061035156,42.099998474121094,41.93000030517578,119263300.0,37.18519592285156
2006-11-06,42.709999084472656,42.060001373291016,42.06999969482422,42.540000915527344,101283300.0,37.72616958618164
2006-11-07,43.09000015258789,42.470001220703125,42.540000915527344,42.83000183105469,139706500.0,37.98335647583008
2006-11-08,43.20000076293945,42.470001220703125,42.59000015258789,43.029998779296875,180245700.0,38.16072463989258
2006-11-09,43.349998474121094,42.66999816894531,43.2599983215332,42.83000183105469,124278000.0,37.98335647583008
2006-11-10,43.040000915527344,42.66999816894531,42.84000015258789,43.029998779296875,82419400.0,38.16072463989258
2006-11-13,43.540000915527344,43.0,43.04999923706055,43.470001220703125,89146200.0,38.55093002319336
2006-11-14,43.970001220703125,43.2400016784668,43.5,43.93000030517578,121962800.0,38.9588623046875
2006-11-15,44.400001525878906,43.91999816894531,43.9900016784668,44.11000061035156,116565900.0,39.11850357055664
2006-11-16,44.41999816894531,44.02000045776367,44.2599983215332,44.29999923706055,113513200.0,39.28700256347656
2006-11-17,44.29999923706055,43.95000076293945,44.060001373291016,44.29999923706055,95162500.0,39.28700256347656
2006-11-20,44.47999954223633,44.0099983215332,44.15999984741211,44.38999938964844,107184100.0,39.36683654785156
2006-11-21,44.5099983215332,44.25,44.41999816894531,44.45000076293945,68092200.0,39.42003631591797
2006-11-22,44.75,44.2599983215332,44.58000183105469,44.72999954223633,69852700.0,39.66834259033203
2006-11-24,44.86000061035156,44.380001068115234,44.400001525878906,44.650001525878906,51762900.0,39.597389221191406
2006-11-27,44.61000061035156,43.63999938964844,44.5099983215332,43.63999938964844,159506300.0,38.701698303222656
2006-11-28,43.84000015258789,43.34000015258789,43.5099983215332,43.77000045776367,118268400.0,38.81697463989258
2006-11-29,44.18000030517578,43.65999984741211,44.0,44.06999969482422,139515500.0,39.08302688598633
2006-11-30,44.279998779296875,43.790000915527344,44.04999923706055,44.040000915527344,123457100.0,39.056434631347656
2006-12-01,44.349998474121094,43.2599983215332,44.0,43.65999984741211,144559600.0,38.71943283081055
2006-12-04,44.47999954223633,43.790000915527344,43.790000915527344,44.2599983215332,89782400.0,39.251522064208984
2006-12-05,44.54999923706055,44.189998626708984,44.38999938964844,44.41999816894531,84697500.0,39.39342498779297
2006-12-06,44.400001525878906,44.06999969482422,44.279998779296875,44.2599983215332,78207500.0,39.251522064208984
2006-12-07,44.47999954223633,43.70000076293945,44.34000015258789,43.70000076293945,124936100.0,38.75490188598633
2006-12-08,44.2599983215332,43.470001220703125,43.560001373291016,43.900001525878906,133798700.0,38.932273864746094
2006-12-11,44.369998931884766,43.75,43.83000183105469,44.060001373291016,72931300.0,39.07417297363281
2006-12-12,44.130001068115234,43.560001373291016,44.04999923706055,43.79999923706055,110985900.0,38.843597412109375
2006-12-13,44.11000061035156,43.619998931884766,44.099998474121094,43.880001068115234,79035500.0,38.9145393371582
2006-12-14,44.56999969482422,43.939998626708984,43.970001220703125,44.369998931884766,109104200.0,39.34908676147461
2006-12-15,44.7599983215332,44.349998474121094,44.68000030517578,44.43000030517578,99942300.0,39.4503288269043
2006-12-18,44.75,43.79999923706055,44.58000183105469,43.9900016784668,121588700.0,39.05963134765625
2006-12-19,44.060001373291016,43.380001068115234,43.650001525878906,43.849998474121094,136535200.0,38.93532180786133
2006-12-20,44.11000061035156,43.66999816894531,43.900001525878906,43.689998626708984,67213400.0,38.79324722290039
2006-12-21,43.790000915527344,43.209999084472656,43.7400016784668,43.380001068115234,102952300.0,38.518009185791016
2006-12-22,43.40999984741211,42.93000030517578,43.400001525878906,42.93000030517578,92858600.0,38.11842346191406
2006-12-26,43.119998931884766,42.880001068115234,42.93000030517578,43.11000061035156,50848600.0,38.27825927734375
2006-12-27,43.400001525878906,43.099998474121094,43.209999084472656,43.33000183105469,54129200.0,38.473594665527344
2006-12-28,43.380001068115234,43.04999923706055,43.20000076293945,43.119998931884766,69016000.0,38.287132263183594
2006-12-29,43.61000061035156,43.119998931884766,43.189998626708984,43.15999984741211,75152500.0,38.32266616821289
2007-01-03,44.060001373291016,42.52000045776367,43.459999084472656,43.2400016784668,167689500.0,38.39368438720703
2007-01-04,44.209999084472656,43.150001525878906,43.29999923706055,44.060001373291016,136853500.0,39.12178421020508
2007-01-05,43.95000076293945,43.47999954223633,43.95000076293945,43.849998474121094,138958800.0,38.93532180786133
2007-01-08,44.119998931884766,43.63999938964844,43.88999938964844,43.880001068115234,106401600.0,38.96195602416992
2007-01-09,44.290000915527344,43.630001068115234,44.0099983215332,44.099998474121094,121577500.0,39.15729904174805
2007-01-10,44.65999984741211,43.81999969482422,43.959999084472656,44.619998931884766,121070100.0,39.6190071105957
2007-01-11,45.2400016784668,44.650001525878906,44.709999084472656,45.08000183105469,174029800.0,40.02747344970703
2007-01-12,45.349998474121094,44.970001220703125,45.02000045776367,45.310001373291016,104217300.0,40.231666564941406
2007-01-16,45.400001525878906,45.130001068115234,45.349998474121094,45.279998779296875,95690500.0,40.20503616333008
2007-01-17,45.290000915527344,44.83000183105469,45.09000015258789,44.90999984741211,127142600.0,39.87650680541992
2007-01-18,44.84000015258789,43.95000076293945,44.790000915527344,44.08000183105469,189029800.0,39.13953399658203
2007-01-19,44.279998779296875,43.90999984741211,43.970001220703125,44.16999816894531,127544300.0,39.219459533691406
2007-01-22,44.22999954223633,43.5099983215332,44.209999084472656,43.689998626708984,123441700.0,38.79324722290039
2007-01-23,43.97999954223633,43.5,43.65999984741211,43.58000183105469,133103600.0,38.695579528808594
2007-01-24,44.31999969482422,43.77000045776367,43.86000061035156,44.29999923706055,117615300.0,39.334877014160156
2007-01-25,44.470001220703125,43.58000183105469,44.36000061035156,43.72999954223633,158337600.0,38.82876205444336
2007-01-26,43.83000183105469,43.290000915527344,43.810001373291016,43.56999969482422,146284300.0,38.68670654296875
2007-01-29,43.90999984741211,43.400001525878906,43.459999084472656,43.61000061035156,104191500.0,38.72222137451172
2007-01-30,43.790000915527344,43.52000045776367,43.68000030517578,43.630001068115234,69605900.0,38.73998260498047
2007-01-31,44.189998626708984,43.33000183105469,43.58000183105469,44.06999969482422,157772500.0,39.130653381347656
2007-02-01,44.400001525878906,43.849998474121094,44.27000045776367,44.0,147365600.0,39.06850051879883
2007-02-02,44.25,43.939998626708984,44.119998931884766,44.15999984741211,98189200.0,39.2105827331543
2007-02-05,44.36000061035156,43.959999084472656,44.13999938964844,44.119998931884766,96347800.0,39.175045013427734
2007-02-06,44.22999954223633,43.63999938964844,44.20000076293945,44.060001373291016,121110200.0,39.12178421020508
2007-02-07,44.650001525878906,44.119998931884766,44.279998779296875,44.459999084472656,117823800.0,39.47696304321289
2007-02-08,44.599998474121094,44.22999954223633,44.400001525878906,44.45000076293945,89521900.0,39.468074798583984
2007-02-09,44.720001220703125,43.72999954223633,44.56999969482422,43.880001068115234,133472000.0,38.96195602416992
2007-02-12,43.88999938964844,43.59000015258789,43.869998931884766,43.709999084472656,126940000.0,38.81100845336914
2007-02-13,44.0,43.70000076293945,43.779998779296875,43.86000061035156,93648000.0,38.944190979003906
2007-02-14,44.709999084472656,44.040000915527344,44.040000915527344,44.599998474121094,133370000.0,39.60125732421875
2007-02-15,44.86000061035156,44.54999923706055,44.630001068115234,44.86000061035156,110452500.0,39.83211898803711
2007-02-16,44.83000183105469,44.56999969482422,44.65999984741211,44.709999084472656,72342200.0,39.698936462402344
2007-02-20,45.119998931884766,44.43000030517578,44.63999938964844,45.04999923706055,93629000.0,40.00082015991211
2007-02-21,45.209999084472656,44.83000183105469,44.91999816894531,45.189998626708984,95864000.0,40.125118255615234
2007-02-22,45.54999923706055,45.06999969482422,45.36000061035156,45.41999816894531,116344400.0,40.3293342590332
2007-02-23,45.459999084472656,45.060001373291016,45.41999816894531,45.2599983215332,113467100.0,40.18729782104492
2007-02-26,45.5,44.7599983215332,45.47999954223633,45.040000915527344,101623700.0,39.99195098876953
2007-02-27,44.47999954223633,43.060001373291016,44.369998931884766,43.189998626708984,317813200.0,38.34928894042969
2007-02-28,43.7599983215332,42.93000030517578,43.150001525878906,43.33000183105469,214978700.0,38.473594665527344
2007-03-01,43.540000915527344,42.2400016784668,42.54999923706055,43.130001068115234,231806500.0,38.2960090637207
2007-03-02,43.13999938964844,42.470001220703125,42.779998779296875,42.47999954223633,183359400.0,37.718868255615234
2007-03-05,42.79999923706055,42.060001373291016,42.150001525878906,42.150001525878906,171885400.0,37.42584991455078
2007-03-06,42.9900016784668,42.5,42.529998779296875,42.849998474121094,155551800.0,38.047393798828125
2007-03-07,42.97999954223633,42.650001525878906,42.86000061035156,42.68000030517578,119979300.0,37.89645767211914
2007-03-08,43.2400016784668,42.84000015258789,43.130001068115234,42.970001220703125,120900700.0,38.15394592285156
2007-03-09,43.34000015258789,42.650001525878906,43.33000183105469,42.93000030517578,128597600.0,38.11842346191406
2007-03-12,43.279998779296875,42.83000183105469,42.869998931884766,43.209999084472656,81310100.0,38.367034912109375
2007-03-13,43.2400016784668,42.36000061035156,43.0,42.369998931884766,171231800.0,37.62119674682617
2007-03-14,43.0,42.099998474121094,42.43000030517578,42.9900016784668,192586700.0,38.171695709228516
2007-03-15,43.060001373291016,42.720001220703125,42.900001525878906,42.88999938964844,111627400.0,38.08290100097656
2007-03-16,43.040000915527344,42.61000061035156,42.939998626708984,42.83000183105469,108328800.0,38.05360412597656
2007-03-19,43.38999938964844,42.95000076293945,43.060001373291016,43.27000045776367,95913200.0,38.44453430175781
2007-03-20,43.59000015258789,43.209999084472656,43.2599983215332,43.58000183105469,78755700.0,38.7199592590332
2007-03-21,44.439998626708984,43.349998474121094,43.63999938964844,44.41999816894531,173333500.0,39.46627426147461
2007-03-22,44.45000076293945,44.09000015258789,44.439998626708984,44.2599983215332,114856300.0,39.32411193847656
2007-03-23,44.369998931884766,44.06999969482422,44.2599983215332,44.119998931884766,68530300.0,39.19972610473633
2007-03-26,44.31999969482422,43.630001068115234,44.13999938964844,44.29999923706055,114237300.0,39.35965347290039
2007-03-27,44.2400016784668,43.95000076293945,44.22999954223633,43.9900016784668,76419200.0,39.0842399597168
2007-03-28,44.029998779296875,43.5099983215332,43.79999923706055,43.52000045776367,142795000.0,38.666648864746094
2007-03-29,43.849998474121094,43.099998474121094,43.81999969482422,43.56999969482422,124407000.0,38.7110710144043
2007-03-30,43.869998931884766,43.220001220703125,43.560001373291016,43.529998779296875,120418700.0,38.675533294677734
2007-04-02,43.7599983215332,43.29999923706055,43.66999816894531,43.59000015258789,89617700.0,38.72883224487305
2007-04-03,44.310001373291016,43.790000915527344,43.81999969482422,44.15999984741211,105814500.0,39.23527908325195
2007-04-04,44.380001068115234,44.130001068115234,44.189998626708984,44.34000015258789,85147200.0,39.39519500732422
2007-04-05,44.58000183105469,44.22999954223633,44.290000915527344,44.560001373291016,54220200.0,39.59065628051758
2007-04-09,44.75,44.380001068115234,44.709999084472656,44.45000076293945,63050200.0,39.492942810058594
2007-04-10,44.68000030517578,44.40999984741211,44.439998626708984,44.68000030517578,76364500.0,39.69728088378906
2007-04-11,44.65999984741211,44.06999969482422,44.63999938964844,44.209999084472656,114012300.0,39.279693603515625
2007-04-12,44.619998931884766,43.95000076293945,44.13999938964844,44.560001373291016,113801300.0,39.59065628051758
2007-04-13,44.720001220703125,44.290000915527344,44.56999969482422,44.650001525878906,94572000.0,39.670623779296875
2007-04-16,45.150001525878906,44.83000183105469,44.83000183105469,45.060001373291016,72803200.0,40.03489303588867
2007-04-17,45.20000076293945,44.959999084472656,45.150001525878906,45.15999984741211,81852300.0,40.12374496459961
2007-04-18,45.22999954223633,44.83000183105469,44.93000030517578,45.0099983215332,82002500.0,39.99047088623047
2007-04-19,45.25,44.720001220703125,44.810001373291016,45.150001525878906,95413000.0,40.114871978759766
2007-04-20,45.66999816894531,45.20000076293945,45.52000045776367,45.400001525878906,122377400.0,40.336997985839844
2007-04-23,45.599998474121094,45.34000015258789,45.459999084472656,45.470001220703125,85303300.0,40.39919662475586
2007-04-24,45.83000183105469,45.33000183105469,45.630001068115234,45.70000076293945,108143700.0,40.603538513183594
2007-04-25,46.31999969482422,45.70000076293945,45.849998474121094,46.310001373291016,106818100.0,41.14550018310547
2007-04-26,46.650001525878906,46.33000183105469,46.41999816894531,46.54999923706055,99308300.0,41.35874557495117
2007-04-27,46.70000076293945,46.290000915527344,46.369998931884766,46.56999969482422,96536500.0,41.37650680541992
2007-04-30,46.529998779296875,45.91999816894531,46.4900016784668,45.959999084472656,93290500.0,40.834529876708984
2007-05-01,46.13999938964844,45.65999984741211,45.970001220703125,45.91999816894531,135044400.0,40.79899978637695
2007-05-02,46.58000183105469,46.04999923706055,46.09000015258789,46.41999816894531,91971600.0,41.24323272705078
2007-05-03,46.720001220703125,46.43000030517578,46.5099983215332,46.59000015258789,98003600.0,41.394287109375
2007-05-04,46.88999938964844,46.41999816894531,46.77000045776367,46.630001068115234,93591800.0,41.42982864379883
2007-05-07,46.779998779296875,46.56999969482422,46.65999984741211,46.630001068115234,47487900.0,41.42982864379883
2007-05-08,46.77000045776367,46.29999923706055,46.470001220703125,46.72999954223633,95138900.0,41.51865768432617
2007-05-09,46.970001220703125,46.459999084472656,46.4900016784668,46.83000183105469,116021000.0,41.60751724243164
2007-05-10,46.779998779296875,46.06999969482422,46.66999816894531,46.189998626708984,171196300.0,41.03889465332031
2007-05-11,46.779998779296875,46.18000030517578,46.2400016784668,46.779998779296875,104767900.0,41.563079833984375
2007-05-14,46.880001068115234,46.189998626708984,46.77000045776367,46.459999084472656,118899200.0,41.27877426147461
2007-05-15,46.70000076293945,45.9900016784668,46.41999816894531,46.099998474121094,179438500.0,40.95893096923828
2007-05-16,46.560001373291016,45.90999984741211,46.20000076293945,46.54999923706055,144420500.0,41.35874557495117
2007-05-17,46.56999969482422,46.290000915527344,46.4900016784668,46.33000183105469,109869100.0,41.16327667236328
2007-05-18,46.709999084472656,46.380001068115234,46.47999954223633,46.709999084472656,104961700.0,41.500885009765625
2007-05-21,47.2400016784668,46.66999816894531,46.7400016784668,47.0099983215332,112831400.0,41.76743698120117
2007-05-22,47.279998779296875,46.869998931884766,47.040000915527344,47.04999923706055,98029100.0,41.802974700927734
2007-05-23,47.369998931884766,46.79999923706055,47.189998626708984,46.83000183105469,119220600.0,41.60751724243164
2007-05-24,47.040000915527344,45.970001220703125,46.86000061035156,46.15999984741211,206268600.0,41.01222610473633
2007-05-25,46.560001373291016,46.18000030517578,46.2599983215332,46.45000076293945,87143200.0,41.2698860168457
2007-05-29,46.86000061035156,46.40999984741211,46.5,46.810001373291016,99702400.0,41.58973693847656
2007-05-30,47.20000076293945,46.349998474121094,46.47999954223633,47.189998626708984,132036500.0,41.92736053466797
2007-05-31,47.52000045776367,47.209999084472656,47.31999969482422,47.40999984741211,109457700.0,42.122833251953125
2007-06-01,47.77000045776367,47.369998931884766,47.58000183105469,47.439998626708984,125089800.0,42.149497985839844
2007-06-04,47.63999938964844,47.2400016784668,47.27000045776367,47.58000183105469,64782700.0,42.273868560791016
2007-06-05,47.58000183105469,47.0,47.45000076293945,47.58000183105469,151160400.0,42.273868560791016
2007-06-06,47.380001068115234,46.959999084472656,47.369998931884766,47.06999969482422,183166500.0,41.82073974609375
2007-06-07,47.209999084472656,46.31999969482422,46.90999984741211,46.34000015258789,221373300.0,41.17216110229492
2007-06-08,46.93000030517578,46.15999984741211,46.31999969482422,46.90999984741211,177587800.0,41.67859649658203
2007-06-11,47.189998626708984,46.7599983215332,46.880001068115234,46.81999969482422,97100400.0,41.5986328125
2007-06-12,47.040000915527344,46.45000076293945,46.56999969482422,46.540000915527344,153967700.0,41.349857330322266
2007-06-13,47.09000015258789,46.540000915527344,46.7400016784668,47.04999923706055,147985300.0,41.802974700927734
2007-06-14,47.4900016784668,47.09000015258789,47.099998474121094,47.36000061035156,101531900.0,42.07840347290039
2007-06-15,47.869998931884766,47.650001525878906,47.7599983215332,47.7599983215332,100378400.0,42.46697235107422
2007-06-18,47.869998931884766,47.66999816894531,47.849998474121094,47.77000045776367,75713200.0,42.47588348388672
2007-06-19,47.86000061035156,47.5099983215332,47.630001068115234,47.7599983215332,109621300.0,42.46697235107422
2007-06-20,47.91999816894531,47.2400016784668,47.83000183105469,47.310001373291016,161889500.0,42.066856384277344
2007-06-21,47.790000915527344,47.08000183105469,47.290000915527344,47.7400016784668,143181300.0,42.449180603027344
2007-06-22,47.709999084472656,47.13999938964844,47.63999938964844,47.290000915527344,153328700.0,42.04906463623047
2007-06-25,47.58000183105469,46.81999969482422,47.29999923706055,47.09000015258789,136602600.0,41.87123489379883
2007-06-26,47.31999969482422,46.7400016784668,47.310001373291016,46.81999969482422,128211900.0,41.631168365478516
2007-06-27,47.560001373291016,46.70000076293945,46.77000045776367,47.540000915527344,141196200.0,42.2713623046875
2007-06-28,47.849998474121094,47.470001220703125,47.52000045776367,47.52000045776367,116546300.0,42.253562927246094
2007-06-29,47.880001068115234,47.209999084472656,47.779998779296875,47.599998474121094,124794700.0,42.32471466064453
2007-07-02,48.04999923706055,47.68000030517578,47.709999084472656,48.029998779296875,80863100.0,42.70705795288086
2007-07-03,48.31999969482422,48.040000915527344,48.09000015258789,48.310001373291016,34803300.0,42.956031799316406
2007-07-05,48.77000045776367,48.290000915527344,48.34000015258789,48.65999984741211,73588500.0,43.26723098754883
2007-07-06,48.90999984741211,48.5,48.709999084472656,48.86000061035156,65804300.0,43.445068359375
2007-07-09,48.97999954223633,48.720001220703125,48.900001525878906,48.88999938964844,66768800.0,43.47175979614258
2007-07-10,48.900001525878906,48.43000030517578,48.619998931884766,48.47999954223633,104383100.0,43.107181549072266
2007-07-11,48.810001373291016,48.31999969482422,48.369998931884766,48.810001373291016,99637600.0,43.40060806274414
2007-07-12,49.66999816894531,48.91999816894531,48.970001220703125,49.560001373291016,107667100.0,44.06748962402344
2007-07-13,49.970001220703125,49.56999969482422,49.630001068115234,49.900001525878906,74232200.0,44.36981201171875
2007-07-16,50.08000183105469,49.7599983215332,49.88999938964844,49.849998474121094,77799500.0,44.32536697387695
2007-07-17,50.29999923706055,49.91999816894531,49.959999084472656,50.22999954223633,124833700.0,44.66324234008789
2007-07-18,50.16999816894531,49.63999938964844,49.95000076293945,50.16999816894531,144915900.0,44.60988998413086
2007-07-19,50.65999984741211,50.310001373291016,50.40999984741211,50.31999969482422,116563800.0,44.743255615234375
2007-07-20,50.36000061035156,49.7400016784668,50.290000915527344,50.04999923706055,163721300.0,44.503170013427734
2007-07-23,50.310001373291016,49.91999816894531,50.220001220703125,50.06999969482422,107464100.0,44.52096939086914
2007-07-24,50.099998474121094,49.04999923706055,49.70000076293945,49.33000183105469,175496200.0,43.862979888916016
2007-07-25,49.66999816894531,49.060001373291016,49.58000183105469,49.400001525878906,170258700.0,43.92522048950195
2007-07-26,49.470001220703125,48.04999923706055,49.060001373291016,48.97999954223633,318522000.0,43.55177688598633
2007-07-27,49.119998931884766,47.9900016784668,48.88999938964844,47.9900016784668,246387600.0,42.6714973449707
2007-07-30,48.72999954223633,47.95000076293945,48.220001220703125,48.54999923706055,166517200.0,43.16941833496094
2007-07-31,48.9900016784668,47.43000030517578,48.970001220703125,47.529998779296875,260224500.0,42.262474060058594
2007-08-01,47.93000030517578,46.97999954223633,47.38999938964844,47.900001525878906,301153900.0,42.59144973754883
2007-08-02,48.43000030517578,47.790000915527344,47.93000030517578,48.34000015258789,177369900.0,42.982696533203125
2007-08-03,48.310001373291016,47.150001525878906,48.25,47.41999816894531,166048400.0,42.164669036865234
2007-08-06,48.02000045776367,47.029998779296875,47.470001220703125,47.970001220703125,190869100.0,42.653709411621094
2007-08-07,48.619998931884766,47.47999954223633,47.880001068115234,48.310001373291016,167109700.0,42.956031799316406
2007-08-08,49.060001373291016,48.400001525878906,48.5099983215332,48.84000015258789,164831200.0,43.427276611328125
2007-08-09,48.970001220703125,47.689998626708984,48.189998626708984,47.709999084472656,242418200.0,42.42253494262695
2007-08-10,47.83000183105469,46.630001068115234,47.20000076293945,47.279998779296875,247006400.0,42.04016876220703
2007-08-13,47.880001068115234,47.47999954223633,47.68000030517578,47.599998474121094,116935100.0,42.32471466064453
2007-08-14,47.7400016784668,46.72999954223633,47.70000076293945,46.790000915527344,153529800.0,41.60447692871094
2007-08-15,47.09000015258789,45.810001373291016,46.68000030517578,45.900001525878906,214854100.0,40.813114166259766
2007-08-16,45.90999984741211,44.38999938964844,45.529998779296875,45.45000076293945,362468700.0,40.41297912597656
2007-08-17,46.59000015258789,45.59000015258789,46.310001373291016,46.310001373291016,223246600.0,41.177669525146484
2007-08-20,46.720001220703125,46.08000183105469,46.4900016784668,46.529998779296875,144715100.0,41.37327575683594
2007-08-21,47.130001068115234,46.38999938964844,46.47999954223633,47.02000045776367,115027200.0,41.808990478515625
2007-08-22,47.70000076293945,47.27000045776367,47.380001068115234,47.65999984741211,115814100.0,42.378047943115234
2007-08-23,47.849998474121094,47.22999954223633,47.790000915527344,47.529998779296875,118663400.0,42.262474060058594
2007-08-24,48.22999954223633,47.31999969482422,47.380001068115234,48.20000076293945,88189200.0,42.85821533203125
2007-08-27,48.20000076293945,47.84000015258789,48.060001373291016,47.880001068115234,72490400.0,42.57367706298828
2007-08-28,47.70000076293945,46.709999084472656,47.599998474121094,46.7400016784668,106024800.0,41.56001281738281
2007-08-29,48.119998931884766,47.04999923706055,47.04999923706055,48.08000183105469,113201000.0,42.75151443481445
2007-08-30,48.7400016784668,47.75,47.83000183105469,48.33000183105469,138930000.0,42.973819732666016
2007-08-31,49.060001373291016,48.61000061035156,48.86000061035156,48.869998931884766,94687200.0,43.45396041870117
2007-09-04,50.0,48.90999984741211,48.93000030517578,49.68000030517578,98480900.0,44.1741828918457
2007-09-05,49.650001525878906,48.869998931884766,49.560001373291016,49.18000030517578,114049300.0,43.729618072509766
2007-09-06,49.36000061035156,48.810001373291016,49.22999954223633,49.13999938964844,99222600.0,43.69404602050781
2007-09-07,48.599998474121094,47.95000076293945,48.529998779296875,48.22999954223633,152438000.0,42.8848991394043
2007-09-10,48.75,47.810001373291016,48.619998931884766,48.20000076293945,125199400.0,42.85821533203125
2007-09-11,48.9900016784668,48.43000030517578,48.5099983215332,48.93000030517578,103064500.0,43.507320404052734
2007-09-12,49.369998931884766,48.779998779296875,48.84000015258789,48.939998626708984,93993400.0,43.516197204589844
2007-09-13,49.349998474121094,48.939998626708984,49.290000915527344,49.18000030517578,80807500.0,43.729618072509766
2007-09-14,49.310001373291016,48.72999954223633,48.79999923706055,49.220001220703125,99801200.0,43.76518249511719
2007-09-17,49.099998474121094,48.59000015258789,49.0,48.810001373291016,84882300.0,43.40060806274414
2007-09-18,50.08000183105469,48.83000183105469,49.09000015258789,50.040000915527344,151452100.0,44.49430465698242
2007-09-19,50.59000015258789,49.97999954223633,50.290000915527344,50.16999816894531,127025800.0,44.60988998413086
2007-09-20,50.2599983215332,49.91999816894531,50.060001373291016,50.029998779296875,109970600.0,44.48540115356445
2007-09-21,50.52000045776367,50.0099983215332,50.279998779296875,50.36000061035156,86829500.0,44.80210876464844
2007-09-24,50.959999084472656,50.33000183105469,50.4900016784668,50.59000015258789,107226800.0,45.00673294067383
2007-09-25,51.06999969482422,50.36000061035156,50.41999816894531,51.06999969482422,101102200.0,45.43376159667969
2007-09-26,51.5099983215332,51.119998931884766,51.36000061035156,51.31999969482422,96124600.0,45.65616226196289
2007-09-27,51.650001525878906,51.36000061035156,51.619998931884766,51.58000183105469,73423200.0,45.887474060058594
2007-09-28,51.68000030517578,51.18000030517578,51.540000915527344,51.40999984741211,75546000.0,45.73623275756836
2007-10-01,52.15999984741211,51.380001068115234,51.45000076293945,52.0,100404100.0,46.26112365722656
2007-10-02,52.060001373291016,51.720001220703125,52.040000915527344,52.0099983215332,71046000.0,46.27001953125
2007-10-03,52.06999969482422,51.5,51.84000015258789,51.650001525878906,106785000.0,45.949745178222656
2007-10-04,51.83000183105469,51.34000015258789,51.75,51.77000045776367,84129300.0,46.05649948120117
2007-10-05,52.900001525878906,52.060001373291016,52.16999816894531,52.81999969482422,115674700.0,46.99062728881836
2007-10-08,53.15999984741211,52.709999084472656,52.79999923706055,53.150001525878906,63022400.0,47.28420639038086
2007-10-09,53.45000076293945,53.029998779296875,53.27000045776367,53.380001068115234,93965600.0,47.48881530761719
2007-10-10,53.56999969482422,53.209999084472656,53.38999938964844,53.5099983215332,91777500.0,47.60446548461914
2007-10-11,53.939998626708984,52.279998779296875,53.790000915527344,52.65999984741211,239786700.0,46.84828186035156
2007-10-12,53.540000915527344,52.79999923706055,52.900001525878906,53.529998779296875,131676000.0,47.622249603271484
2007-10-15,53.709999084472656,52.70000076293945,53.61000061035156,53.119998931884766,121578700.0,47.25751495361328
2007-10-16,53.279998779296875,52.68000030517578,52.790000915527344,52.869998931884766,193676600.0,47.03509521484375
2007-10-17,53.65999984741211,52.68000030517578,53.619998931884766,53.54999923706055,183985200.0,47.64006423950195
2007-10-18,53.88999938964844,53.119998931884766,53.33000183105469,53.779998779296875,144491200.0,47.84468460083008
2007-10-19,53.77000045776367,52.38999938964844,53.77000045776367,52.439998626708984,245111500.0,46.652549743652344
2007-10-22,53.119998931884766,52.02000045776367,52.15999984741211,53.06999969482422,207052100.0,47.21302032470703
2007-10-23,54.209999084472656,53.34000015258789,53.61000061035156,54.18000030517578,162360600.0,48.20054244995117
2007-10-24,53.939998626708984,52.599998474121094,53.7400016784668,53.77000045776367,298293400.0,47.83576965332031
2007-10-25,53.97999954223633,52.75,53.88999938964844,53.04999923706055,233833100.0,47.195228576660156
2007-10-26,54.20000076293945,53.439998626708984,54.08000183105469,53.93000030517578,146690300.0,47.978118896484375
2007-10-29,54.33000183105469,53.84000015258789,54.189998626708984,54.150001525878906,101896600.0,48.173831939697266
2007-10-30,54.560001373291016,53.900001525878906,53.939998626708984,54.2599983215332,114616600.0,48.271705627441406
2007-10-31,55.06999969482422,54.040000915527344,54.470001220703125,55.029998779296875,148431900.0,48.95671463012695
2007-11-01,54.77000045776367,53.970001220703125,54.68000030517578,54.0,181974200.0,48.04039001464844
2007-11-02,54.54999923706055,53.599998474121094,54.41999816894531,54.41999816894531,217882900.0,48.41404342651367
2007-11-05,54.400001525878906,53.59000015258789,53.86000061035156,54.06999969482422,150588900.0,48.102664947509766
2007-11-06,54.689998626708984,53.779998779296875,54.33000183105469,54.68000030517578,131884700.0,48.64535903930664
2007-11-07,54.58000183105469,53.310001373291016,54.220001220703125,53.349998474121094,197908200.0,47.46213150024414
2007-11-08,53.33000183105469,50.79999923706055,53.13999938964844,51.72999954223633,380626400.0,46.02091979980469
2007-11-09,51.119998931884766,50.0,50.72999954223633,50.0,309414900.0,44.481849670410156
2007-11-12,50.2400016784668,48.650001525878906,49.91999816894531,48.72999954223633,283216000.0,43.35200119018555
2007-11-13,50.790000915527344,49.349998474121094,49.38999938964844,50.7400016784668,255625900.0,45.140174865722656
2007-11-14,51.439998626708984,49.900001525878906,51.38999938964844,50.09000015258789,263284100.0,44.56190872192383
2007-11-15,50.540000915527344,49.369998931884766,50.0,49.81999969482422,251548800.0,44.32170104980469
2007-11-16,50.4900016784668,49.34000015258789,50.15999984741211,50.279998779296875,263623700.0,44.73094940185547
2007-11-19,50.45000076293945,49.40999984741211,50.15999984741211,49.70000076293945,198651100.0,44.214942932128906
2007-11-20,50.779998779296875,48.93000030517578,49.959999084472656,49.900001525878906,300763600.0,44.392879486083984
2007-11-21,50.16999816894531,48.849998474121094,49.45000076293945,49.310001373291016,212225400.0,43.86799621582031
2007-11-23,49.970001220703125,49.369998931884766,49.630001068115234,49.84000015258789,46463300.0,44.33951187133789
2007-11-26,50.369998931884766,48.900001525878906,49.970001220703125,48.97999954223633,150352100.0,43.574424743652344
2007-11-27,50.04999923706055,49.099998474121094,49.400001525878906,49.959999084472656,211369300.0,44.44624710083008
2007-11-28,51.70000076293945,50.599998474121094,50.630001068115234,51.47999954223633,216868100.0,45.79850769042969
2007-11-29,51.88999938964844,51.20000076293945,51.279998779296875,51.70000076293945,172087300.0,45.994224548339844
2007-11-30,52.25,50.95000076293945,52.209999084472656,51.310001373291016,171417400.0,45.647274017333984
2007-12-03,51.529998779296875,50.81999969482422,51.09000015258789,50.880001068115234,108625700.0,45.26471710205078
2007-12-04,50.939998626708984,50.380001068115234,50.4900016784668,50.66999816894531,113374100.0,45.07790756225586
2007-12-05,52.0,51.15999984741211,51.20000076293945,51.58000183105469,137614200.0,45.887474060058594
2007-12-06,52.369998931884766,51.61000061035156,51.630001068115234,52.31999969482422,99724500.0,46.54579544067383
2007-12-07,52.540000915527344,52.08000183105469,52.290000915527344,52.33000183105469,88992300.0,46.55470657348633
2007-12-10,52.689998626708984,52.31999969482422,52.459999084472656,52.540000915527344,75657900.0,46.74152374267578
2007-12-11,52.84000015258789,51.209999084472656,52.619998931884766,51.31999969482422,167064300.0,45.65616226196289
2007-12-12,52.43000030517578,50.88999938964844,52.25,51.779998779296875,162975200.0,46.065399169921875
2007-12-13,51.630001068115234,50.97999954223633,51.33000183105469,51.5,153476200.0,45.81630325317383
2007-12-14,51.599998474121094,50.91999816894531,51.09000015258789,50.970001220703125,128396700.0,45.344783782958984
2007-12-17,50.9900016784668,49.709999084472656,50.779998779296875,49.72999954223633,134377000.0,44.241641998291016
2007-12-18,50.27000045776367,49.18000030517578,50.2400016784668,49.88999938964844,154251700.0,44.38397979736328
2007-12-19,50.20000076293945,49.61000061035156,49.88999938964844,49.880001068115234,137970900.0,44.375091552734375
2007-12-20,50.959999084472656,50.20000076293945,50.619998931884766,50.900001525878906,167341700.0,45.282508850097656
2007-12-21,51.900001525878906,51.47999954223633,51.68000030517578,51.849998474121094,107573500.0,46.175750732421875
2007-12-24,52.400001525878906,51.95000076293945,52.0099983215332,52.2400016784668,34499800.0,46.5230712890625
2007-12-26,52.630001068115234,52.0,52.130001068115234,52.5,58492100.0,46.754608154296875
2007-12-27,52.5,51.709999084472656,52.33000183105469,51.869998931884766,65778900.0,46.193565368652344
2007-12-28,52.15999984741211,51.43000030517578,52.040000915527344,51.81999969482422,67545400.0,46.14903259277344
2007-12-31,51.68000030517578,51.209999084472656,51.56999969482422,51.220001220703125,70135600.0,45.61469268798828
2008-01-02,51.470001220703125,50.130001068115234,51.27000045776367,50.40999984741211,152344100.0,44.89333724975586
2008-01-03,50.7599983215332,50.150001525878906,50.40999984741211,50.619998931884766,114103700.0,45.08034133911133
2008-01-04,49.83000183105469,48.209999084472656,49.810001373291016,48.400001525878906,212617600.0,43.103309631347656
2008-01-07,48.599998474121094,47.43000030517578,48.400001525878906,48.16999816894531,235083600.0,42.89847183227539
2008-01-08,48.7599983215332,46.91999816894531,48.27000045776367,46.91999816894531,261669800.0,41.7852668762207
2008-01-09,47.959999084472656,46.459999084472656,47.11000061035156,47.91999816894531,254011800.0,42.67582702636719
2008-01-10,48.40999984741211,47.290000915527344,47.43000030517578,47.9900016784668,249958500.0,42.738189697265625
2008-01-11,47.77000045776367,46.70000076293945,47.72999954223633,47.04999923706055,211685200.0,41.90104675292969
2008-01-14,48.0099983215332,47.310001373291016,47.689998626708984,47.869998931884766,168048500.0,42.63131332397461
2008-01-15,47.52000045776367,46.349998474121094,47.369998931884766,46.54999923706055,241094900.0,41.45576477050781
2008-01-16,46.90999984741211,45.459999084472656,46.189998626708984,46.04999923706055,265625900.0,41.0104866027832
2008-01-17,46.58000183105469,45.20000076293945,46.2400016784668,45.40999984741211,254098800.0,40.440521240234375
2008-01-18,46.13999938964844,44.97999954223633,45.63999938964844,45.349998474121094,273063300.0,40.3870849609375
2008-01-22,44.77000045776367,42.72999954223633,42.83000183105469,44.18000030517578,325732000.0,39.3451042175293
2008-01-23,44.150001525878906,41.61000061035156,42.540000915527344,44.0099983215332,390129000.0,39.19374465942383
2008-01-24,44.93000030517578,44.060001373291016,44.189998626708984,44.90999984741211,250249100.0,39.99523162841797
2008-01-25,45.869998931884766,43.939998626708984,45.869998931884766,43.9900016784668,199299100.0,39.175926208496094
2008-01-28,44.439998626708984,43.56999969482422,44.02000045776367,44.33000183105469,163711200.0,39.47871398925781
2008-01-29,44.68000030517578,44.040000915527344,44.560001373291016,44.40999984741211,138520000.0,39.54996109008789
2008-01-30,45.31999969482422,44.18000030517578,44.25,44.369998931884766,220824400.0,39.514339447021484
2008-01-31,45.59000015258789,43.81999969482422,43.869998931884766,45.130001068115234,246824100.0,40.191162109375
2008-02-01,45.880001068115234,44.880001068115234,45.5,45.59000015258789,161920300.0,40.60082244873047
2008-02-04,45.61000061035156,44.939998626708984,45.58000183105469,44.95000076293945,100209900.0,40.03084945678711
2008-02-05,44.599998474121094,43.63999938964844,44.16999816894531,43.66999816894531,188990400.0,38.89093017578125
2008-02-06,44.16999816894531,42.77000045776367,43.91999816894531,42.810001373291016,178285000.0,38.12504196166992
2008-02-07,43.790000915527344,42.150001525878906,42.33000183105469,43.11000061035156,286254800.0,38.39221954345703
2008-02-08,43.77000045776367,42.939998626708984,43.20000076293945,43.599998474121094,173781300.0,38.828590393066406
2008-02-11,44.220001220703125,43.540000915527344,43.77000045776367,44.06999969482422,119562300.0,39.247161865234375
2008-02-12,44.68000030517578,43.5099983215332,44.34000015258789,43.81999969482422,145412400.0,39.02452087402344
2008-02-13,44.880001068115234,44.15999984741211,44.38999938964844,44.779998779296875,148685900.0,39.879459381103516
2008-02-14,44.849998474121094,43.88999938964844,44.849998474121094,43.970001220703125,170868900.0,39.15811538696289
2008-02-15,43.97999954223633,43.45000076293945,43.72999954223633,43.81999969482422,100053300.0,39.02452087402344
2008-02-19,44.5,43.27000045776367,44.400001525878906,43.7400016784668,110507600.0,38.95328140258789
2008-02-20,44.09000015258789,43.2400016784668,43.2599983215332,43.939998626708984,137338800.0,39.13138961791992
2008-02-21,44.470001220703125,43.34000015258789,44.36000061035156,43.52000045776367,127857000.0,38.757354736328125
2008-02-22,43.689998626708984,42.599998474121094,43.66999816894531,43.68000030517578,157364700.0,38.89984893798828
2008-02-25,44.06999969482422,43.34000015258789,43.630001068115234,43.900001525878906,121444300.0,39.09578323364258
2008-02-26,44.47999954223633,43.369998931884766,43.650001525878906,44.06999969482422,148375900.0,39.247161865234375
2008-02-27,44.459999084472656,43.66999816894531,43.77000045776367,44.290000915527344,125682600.0,39.44308090209961
2008-02-28,44.529998779296875,43.95000076293945,44.119998931884766,44.119998931884766,129196700.0,39.29168701171875
2008-02-29,43.77000045776367,42.849998474121094,43.650001525878906,42.95000076293945,188724500.0,38.24973678588867
2008-03-03,42.9900016784668,42.2400016784668,42.91999816894531,42.66999816894531,132963800.0,38.000370025634766
2008-03-04,43.040000915527344,42.02000045776367,42.400001525878906,42.90999984741211,183851000.0,38.21410369873047
2008-03-05,43.540000915527344,42.75,42.9900016784668,43.119998931884766,183208300.0,38.4011344909668
2008-03-06,43.27000045776367,42.099998474121094,43.09000015258789,42.16999816894531,152752200.0,37.55508041381836
2008-03-07,42.63999938964844,41.380001068115234,41.91999816894531,42.06999969482422,242552400.0,37.466041564941406
2008-03-10,42.13999938964844,41.16999816894531,42.0099983215332,41.2599983215332,146801900.0,36.74467468261719
2008-03-11,42.849998474121094,41.5099983215332,41.86000061035156,42.83000183105469,196755300.0,38.14287567138672
2008-03-12,43.439998626708984,42.599998474121094,43.0,42.709999084472656,155566100.0,38.03599548339844
2008-03-13,43.33000183105469,41.810001373291016,42.22999954223633,43.040000915527344,208967900.0,38.32987594604492
2008-03-14,43.380001068115234,41.7400016784668,43.33000183105469,42.25,309589800.0,37.626346588134766
2008-03-17,42.0099983215332,41.04999923706055,41.290000915527344,41.47999954223633,193130600.0,36.94059371948242
2008-03-18,43.34000015258789,42.11000061035156,42.2400016784668,43.33000183105469,216300400.0,38.58815002441406
2008-03-19,43.599998474121094,42.22999954223633,43.5099983215332,42.2599983215332,216157200.0,37.63523483276367
2008-03-20,43.099998474121094,42.099998474121094,42.349998474121094,43.09000015258789,128397000.0,38.40439987182617
2008-03-24,44.7599983215332,43.279998779296875,43.279998779296875,44.58000183105469,125018000.0,39.732383728027344
2008-03-25,45.06999969482422,44.279998779296875,44.70000076293945,44.83000183105469,118107500.0,39.95518112182617
2008-03-26,44.849998474121094,44.279998779296875,44.66999816894531,44.70000076293945,124824600.0,39.839332580566406
2008-03-27,44.5099983215332,43.709999084472656,44.439998626708984,43.709999084472656,143868600.0,38.95697784423828
2008-03-28,44.34000015258789,43.33000183105469,44.02000045776367,43.4900016784668,111822300.0,38.76089859008789
2008-03-31,44.02000045776367,43.45000076293945,43.650001525878906,43.720001220703125,113644800.0,38.96590042114258
2008-04-01,45.61000061035156,44.40999984741211,44.41999816894531,45.59000015258789,137494400.0,40.63255310058594
2008-04-02,46.02000045776367,45.16999816894531,45.70000076293945,45.4900016784668,132486800.0,40.543426513671875
2008-04-03,45.90999984741211,45.13999938964844,45.290000915527344,45.59000015258789,140033800.0,40.63255310058594
2008-04-04,46.349998474121094,45.400001525878906,45.77000045776367,45.86000061035156,139261000.0,40.873191833496094
2008-04-07,46.40999984741211,45.650001525878906,46.13999938964844,45.7599983215332,102297100.0,40.78406524658203
2008-04-08,45.720001220703125,45.18000030517578,45.40999984741211,45.40999984741211,97435200.0,40.47210693359375
2008-04-09,45.4900016784668,44.630001068115234,45.470001220703125,44.900001525878906,127182300.0,40.017581939697266
2008-04-10,45.84000015258789,44.93000030517578,44.93000030517578,45.540000915527344,112773800.0,40.58799743652344
2008-04-11,45.099998474121094,44.119998931884766,45.02000045776367,44.279998779296875,120135400.0,39.46500015258789
2008-04-14,44.47999954223633,43.95000076293945,44.209999084472656,44.08000183105469,89274600.0,39.286739349365234
2008-04-15,44.349998474121094,43.68000030517578,44.2400016784668,44.13999938964844,124232300.0,39.340213775634766
2008-04-16,45.47999954223633,44.650001525878906,44.689998626708984,45.369998931884766,134027900.0,40.436466217041016
2008-04-17,45.470001220703125,44.97999954223633,45.41999816894531,45.27000045776367,124953100.0,40.34733963012695
2008-04-18,46.93000030517578,46.220001220703125,46.470001220703125,46.709999084472656,133022500.0,41.6307487487793
2008-04-21,47.08000183105469,46.4900016784668,46.619998931884766,47.040000915527344,83303200.0,41.924869537353516
2008-04-22,46.77000045776367,45.93000030517578,46.75,46.34000015258789,104689600.0,41.301002502441406
2008-04-23,47.060001373291016,46.27000045776367,46.68000030517578,46.849998474121094,131086200.0,41.75553512573242
2008-04-24,47.790000915527344,46.38999938964844,46.869998931884766,47.27000045776367,166509000.0,42.129859924316406
2008-04-25,47.349998474121094,46.56999969482422,47.31999969482422,47.150001525878906,121945400.0,42.022918701171875
2008-04-28,47.619998931884766,47.130001068115234,47.2599983215332,47.2400016784668,71244000.0,42.10313034057617
2008-04-29,47.7599983215332,47.060001373291016,47.150001525878906,47.599998474121094,91270600.0,42.42398452758789
2008-04-30,48.060001373291016,47.029998779296875,47.70000076293945,47.209999084472656,132152700.0,42.076385498046875
2008-05-01,48.720001220703125,47.220001220703125,47.22999954223633,48.70000076293945,143596900.0,43.40437316894531
2008-05-02,49.189998626708984,48.34000015258789,49.15999984741211,48.77000045776367,124990000.0,43.46675109863281
2008-05-05,49.029998779296875,48.400001525878906,48.77000045776367,48.630001068115234,75624700.0,43.34197235107422
2008-05-06,49.130001068115234,48.13999938964844,48.4900016784668,48.93000030517578,139582600.0,43.609352111816406
2008-05-07,49.22999954223633,47.869998931884766,48.939998626708984,48.040000915527344,140008300.0,42.81615447998047
2008-05-08,48.70000076293945,48.060001373291016,48.2400016784668,48.400001525878906,128058700.0,43.136993408203125
2008-05-09,48.459999084472656,47.900001525878906,48.040000915527344,48.209999084472656,97062000.0,42.96764373779297
2008-05-12,49.189998626708984,48.20000076293945,48.279998779296875,49.09000015258789,89606500.0,43.751953125
2008-05-13,49.33000183105469,48.7599983215332,49.11000061035156,49.220001220703125,85448100.0,43.86782455444336
2008-05-14,49.93000030517578,49.040000915527344,49.40999984741211,49.11000061035156,143598200.0,43.76979446411133
2008-05-15,50.02000045776367,48.97999954223633,49.119998931884766,49.970001220703125,157248900.0,44.536258697509766
2008-05-16,50.11000061035156,49.45000076293945,50.06999969482422,50.0099983215332,146563200.0,44.571903228759766
2008-05-19,50.470001220703125,49.34000015258789,50.04999923706055,49.650001525878906,140048700.0,44.251060485839844
2008-05-20,49.470001220703125,48.88999938964844,49.470001220703125,49.27000045776367,137163700.0,43.912376403808594
2008-05-21,49.599998474121094,48.02000045776367,49.33000183105469,48.18000030517578,192806700.0,42.940914154052734
2008-05-22,48.689998626708984,48.11000061035156,48.29999923706055,48.349998474121094,153198200.0,43.09241485595703
2008-05-23,48.349998474121094,47.81999969482422,48.18000030517578,48.20000076293945,121698400.0,42.958740234375
2008-05-27,49.11000061035156,48.290000915527344,48.29999923706055,49.04999923706055,106984300.0,43.716304779052734
2008-05-28,49.36000061035156,48.75,49.279998779296875,49.25,121363000.0,43.894569396972656
2008-05-29,49.970001220703125,49.25,49.279998779296875,49.689998626708984,143993000.0,44.286712646484375
2008-05-30,50.2400016784668,49.75,49.880001068115234,50.0099983215332,94153600.0,44.571903228759766
2008-06-02,49.91999816894531,48.959999084472656,49.91999816894531,49.400001525878906,144359900.0,44.02825164794922
2008-06-03,49.900001525878906,48.66999816894531,49.59000015258789,49.130001068115234,167606900.0,43.787601470947266
2008-06-04,50.099998474121094,48.939998626708984,48.97999954223633,49.7599983215332,174870800.0,44.349090576171875
2008-06-05,50.61000061035156,49.70000076293945,49.88999938964844,50.54999923706055,126653700.0,45.05319595336914
2008-06-06,50.209999084472656,49.02000045776367,50.11000061035156,49.029998779296875,189136000.0,43.698486328125
2008-06-09,49.189998626708984,47.95000076293945,49.130001068115234,48.77000045776367,208897300.0,43.46675109863281
2008-06-10,48.939998626708984,48.15999984741211,48.27000045776367,48.540000915527344,162798500.0,43.26177215576172
2008-06-11,48.52000045776367,47.349998474121094,48.439998626708984,47.369998931884766,170366900.0,42.2189826965332
2008-06-12,48.11000061035156,47.0,47.709999084472656,47.41999816894531,189913200.0,42.26355743408203
2008-06-13,48.470001220703125,47.459999084472656,47.709999084472656,48.369998931884766,167855000.0,43.110252380371094
2008-06-16,49.02000045776367,48.06999969482422,48.119998931884766,48.79999923706055,136343900.0,43.49348831176758
2008-06-17,49.060001373291016,48.470001220703125,48.95000076293945,48.540000915527344,122932000.0,43.26177215576172
2008-06-18,48.45000076293945,47.83000183105469,48.2599983215332,48.02000045776367,169338100.0,42.79831314086914
2008-06-19,49.0099983215332,47.61000061035156,47.93000030517578,48.77000045776367,221304200.0,43.46675109863281
2008-06-20,48.349998474121094,47.209999084472656,48.33000183105469,47.41999816894531,197434200.0,42.29304122924805
2008-06-23,47.7400016784668,46.97999954223633,47.61000061035156,47.04999923706055,131488800.0,41.96303939819336
2008-06-24,47.369998931884766,46.40999984741211,46.83000183105469,46.810001373291016,178293800.0,41.749000549316406
2008-06-25,48.0,46.939998626708984,47.0099983215332,47.56999969482422,179023400.0,42.426822662353516
2008-06-26,46.70000076293945,45.63999938964844,46.689998626708984,45.650001525878906,190028300.0,40.714412689208984
2008-06-27,45.900001525878906,44.970001220703125,45.599998474121094,45.650001525878906,181351800.0,40.714412689208984
2008-06-30,45.83000183105469,45.150001525878906,45.5099983215332,45.16999816894531,132912400.0,40.28630065917969
2008-07-01,45.86000061035156,44.68000030517578,44.810001373291016,45.810001373291016,245494300.0,40.85711669921875
2008-07-02,46.130001068115234,44.63999938964844,45.95000076293945,44.709999084472656,199576400.0,39.87604522705078
2008-07-03,45.08000183105469,44.279998779296875,44.97999954223633,44.630001068115234,123118300.0,39.804691314697266
2008-07-07,45.459999084472656,44.2400016784668,45.040000915527344,44.900001525878906,181011300.0,40.04548645019531
2008-07-08,46.0099983215332,44.77000045776367,44.95000076293945,45.970001220703125,206151200.0,40.99980545043945
2008-07-09,46.029998779296875,44.72999954223633,45.959999084472656,44.75,168500300.0,39.91172790527344
2008-07-10,45.41999816894531,44.380001068115234,44.81999969482422,45.279998779296875,238811500.0,40.38440704345703
2008-07-11,45.27000045776367,43.849998474121094,44.810001373291016,44.560001373291016,265514700.0,39.74225616455078
2008-07-14,45.18000030517578,44.06999969482422,45.13999938964844,44.22999954223633,177389800.0,39.447940826416016
2008-07-15,44.93000030517578,43.29999923706055,44.0099983215332,44.2400016784668,283891100.0,39.45684814453125
2008-07-16,45.380001068115234,43.91999816894531,44.36000061035156,45.34000015258789,186047800.0,40.43793487548828
2008-07-17,45.81999969482422,44.97999954223633,45.61000061035156,45.63999938964844,197555100.0,40.70549392700195
2008-07-18,45.16999816894531,44.59000015258789,45.13999938964844,44.59000015258789,160661000.0,39.76902770996094
2008-07-21,45.189998626708984,44.4900016784668,45.0,44.779998779296875,128107800.0,39.9384651184082
2008-07-22,44.810001373291016,43.86000061035156,44.029998779296875,44.779998779296875,152524500.0,39.9384651184082
2008-07-23,45.88999938964844,44.720001220703125,44.849998474121094,45.369998931884766,169259100.0,40.46468734741211
2008-07-24,45.61000061035156,44.650001525878906,45.58000183105469,44.689998626708984,145561000.0,39.85820770263672
2008-07-25,45.47999954223633,44.7599983215332,44.97999954223633,45.27000045776367,111616700.0,40.375484466552734
2008-07-28,45.52000045776367,44.209999084472656,45.2599983215332,44.41999816894531,124028500.0,39.617393493652344
2008-07-29,45.540000915527344,44.56999969482422,44.61000061035156,45.34000015258789,142290900.0,40.43793487548828
2008-07-30,45.81999969482422,44.880001068115234,45.470001220703125,45.56999969482422,165679900.0,40.64305877685547
2008-07-31,46.150001525878906,45.02000045776367,45.119998931884766,45.459999084472656,180473100.0,40.54496383666992
2008-08-01,45.54999923706055,44.400001525878906,45.5099983215332,44.880001068115234,180350400.0,40.02766418457031
2008-08-04,44.91999816894531,44.29999923706055,44.869998931884766,44.43000030517578,116298000.0,39.62632751464844
2008-08-05,45.970001220703125,44.84000015258789,44.88999938964844,45.93000030517578,151657400.0,40.96413040161133
2008-08-06,46.810001373291016,45.58000183105469,45.95000076293945,46.630001068115234,133463700.0,41.58845520019531
2008-08-07,46.849998474121094,46.08000183105469,46.349998474121094,46.27000045776367,152805800.0,41.26737976074219
2008-08-08,47.439998626708984,46.150001525878906,46.2400016784668,47.31999969482422,143121500.0,42.203853607177734
2008-08-11,48.279998779296875,47.13999938964844,47.29999923706055,47.75,157290100.0,42.587364196777344
2008-08-12,48.15999984741211,47.5099983215332,47.7400016784668,47.79999923706055,140549300.0,42.63196563720703
2008-08-13,48.119998931884766,47.25,47.720001220703125,47.70000076293945,169652100.0,42.54277038574219
2008-08-14,48.459999084472656,47.4900016784668,47.540000915527344,48.25,158069200.0,43.03329849243164
2008-08-15,48.56999969482422,47.959999084472656,48.33000183105469,48.15999984741211,123115900.0,42.95302963256836
2008-08-18,48.310001373291016,47.2599983215332,48.29999923706055,47.599998474121094,151399100.0,42.45358657836914
2008-08-19,47.59000015258789,46.75,47.36000061035156,47.0099983215332,155410600.0,41.9273681640625
2008-08-20,47.560001373291016,46.7400016784668,47.34000015258789,47.09000015258789,155466700.0,41.998714447021484
2008-08-21,47.08000183105469,46.380001068115234,46.7400016784668,46.869998931884766,118916200.0,41.80251693725586
2008-08-22,47.68000030517578,47.08000183105469,47.119998931884766,47.4900016784668,96515500.0,42.35547637939453
2008-08-25,47.209999084472656,46.369998931884766,47.15999984741211,46.4900016784668,128076500.0,41.46359634399414
2008-08-26,46.77000045776367,46.119998931884766,46.52000045776367,46.43000030517578,107225500.0,41.41007614135742
2008-08-27,47.09000015258789,46.290000915527344,46.45000076293945,46.72999954223633,108489900.0,41.67761993408203
2008-08-28,47.279998779296875,46.83000183105469,46.91999816894531,47.11000061035156,112808600.0,42.016544342041016
2008-08-29,47.119998931884766,45.91999816894531,46.61000061035156,46.119998931884766,133184300.0,41.13360595703125
2008-09-02,47.08000183105469,45.34000015258789,46.869998931884766,45.54999923706055,162277500.0,40.625213623046875
2008-09-03,45.63999938964844,44.790000915527344,45.45000076293945,45.119998931884766,161682900.0,40.24169921875
2008-09-04,44.90999984741211,43.65999984741211,44.86000061035156,43.65999984741211,219004700.0,38.9395637512207
2008-09-05,43.779998779296875,42.810001373291016,43.279998779296875,43.45000076293945,247977500.0,38.75226593017578
2008-09-08,44.220001220703125,42.68000030517578,44.02000045776367,43.369998931884766,311065100.0,38.680912017822266
2008-09-09,43.790000915527344,42.349998474121094,43.349998474121094,42.45000076293945,214180600.0,37.86037826538086
2008-09-10,43.18000030517578,42.45000076293945,42.86000061035156,42.79999923706055,160658100.0,38.172550201416016
2008-09-11,43.689998626708984,42.16999816894531,42.20000076293945,43.599998474121094,203398200.0,38.88605880737305
2008-09-12,43.709999084472656,42.900001525878906,43.22999954223633,43.43000030517578,172094300.0,38.73442459106445
2008-09-15,43.290000915527344,42.029998779296875,42.400001525878906,42.08000183105469,616772300.0,37.53038787841797
2008-09-16,42.84000015258789,41.43000030517578,41.47999954223633,42.40999984741211,349506500.0,37.82470703125
2008-09-17,42.41999816894531,40.189998626708984,41.869998931884766,40.209999084472656,340088000.0,35.8625602722168
2008-09-18,41.970001220703125,39.5,41.099998474121094,41.56999969482422,423934000.0,37.07555389404297
2008-09-19,43.83000183105469,42.099998474121094,43.77000045776367,42.900001525878906,263394000.0,38.287532806396484
2008-09-22,42.84000015258789,40.79999923706055,42.7400016784668,40.880001068115234,164698200.0,36.48470687866211
2008-09-23,41.75,40.439998626708984,41.20000076293945,40.56999969482422,184011200.0,36.208038330078125
2008-09-24,41.2599983215332,40.52000045776367,40.810001373291016,40.849998474121094,159270800.0,36.45793151855469
2008-09-25,42.02000045776367,41.029998779296875,41.22999954223633,41.5,148586800.0,37.03805160522461
2008-09-26,41.4900016784668,40.220001220703125,40.310001373291016,41.08000183105469,182678600.0,36.6632080078125
2008-09-29,40.380001068115234,37.18000030517578,40.2599983215332,37.81999969482422,307954400.0,33.75370407104492
2008-09-30,39.29999923706055,37.599998474121094,37.720001220703125,38.90999984741211,195436700.0,34.72651290893555
2008-10-01,38.970001220703125,38.029998779296875,38.84000015258789,38.5,174033300.0,34.36060333251953
2008-10-02,38.25,36.63999938964844,38.25,36.75,192124000.0,32.79874801635742
2008-10-03,38.18000030517578,36.099998474121094,37.2599983215332,36.18000030517578,272116100.0,32.29002380371094
2008-10-06,35.529998779296875,32.90999984741211,35.2599983215332,34.86000061035156,394046600.0,31.111957550048828
2008-10-07,35.20000076293945,32.27000045776367,35.13999938964844,32.650001525878906,329365700.0,29.139568328857422
2008-10-08,34.119998931884766,31.84000015258789,31.950000762939453,32.38999938964844,452066500.0,28.907522201538086
2008-10-09,33.68000030517578,30.969999313354492,33.150001525878906,31.520000457763672,352433900.0,28.131071090698242
2008-10-10,32.47999954223633,29.3799991607666,30.520000457763672,31.31999969482422,472339100.0,27.95256996154785
2008-10-13,35.25,32.400001525878906,32.86000061035156,35.130001068115234,276998700.0,31.352928161621094
2008-10-14,36.150001525878906,33.189998626708984,36.150001525878906,33.61000061035156,341595900.0,29.996349334716797
2008-10-15,33.349998474121094,30.540000915527344,33.22999954223633,30.600000381469727,312088500.0,27.309988021850586
2008-10-16,32.27000045776367,29.25,30.809999465942383,32.2599983215332,494783500.0,28.79150390625
2008-10-17,33.650001525878906,31.40999984741211,31.670000076293945,32.29999923706055,326571300.0,28.82720375061035
2008-10-20,33.2599983215332,31.700000762939453,32.7599983215332,33.20000076293945,232783400.0,29.63043975830078
2008-10-21,33.2599983215332,31.479999542236328,32.65999984741211,31.479999542236328,239932400.0,28.095369338989258
2008-10-22,31.600000381469727,29.709999084472656,31.3700008392334,30.610000610351562,289993600.0,27.318904876708984
2008-10-23,31.09000015258789,28.899999618530273,30.489999771118164,30.489999771118164,377966900.0,27.211807250976562
2008-10-24,30.25,28.09000015258789,28.229999542236328,29.510000228881836,322129500.0,26.337169647216797
2008-10-27,30.200000762939453,28.65999984741211,29.170000076293945,28.690000534057617,239302300.0,25.6053409576416
2008-10-28,31.8799991607666,28.850000381469727,29.68000030517578,31.860000610351562,327239500.0,28.43450355529785
2008-10-29,33.08000183105469,31.25,31.90999984741211,31.780000686645508,341316000.0,28.36311149597168
2008-10-30,33.060001373291016,31.979999542236328,32.66999816894531,32.84000015258789,255292100.0,29.30914306640625
2008-10-31,33.43000030517578,32.09000015258789,32.369998931884766,32.88999938964844,224261000.0,29.35376739501953
2008-11-03,33.290000915527344,32.5099983215332,32.810001373291016,32.81999969482422,128455500.0,29.291296005249023
2008-11-04,34.0099983215332,32.97999954223633,33.459999084472656,33.75,182487600.0,30.121309280395508
2008-11-05,33.599998474121094,31.920000076293945,33.529998779296875,31.989999771118164,183893900.0,28.5505313873291
2008-11-06,31.8700008392334,30.399999618530273,31.489999771118164,30.559999465942383,220677200.0,27.2742862701416
2008-11-07,31.479999542236328,30.59000015258789,30.920000076293945,31.190000534057617,176946200.0,27.8365478515625
2008-11-10,31.969999313354492,30.399999618530273,31.969999313354492,30.770000457763672,142584500.0,27.46170997619629
2008-11-11,30.760000228881836,29.719999313354492,30.479999542236328,30.100000381469727,162869800.0,26.86374855041504
2008-11-12,29.799999237060547,28.649999618530273,29.649999618530273,28.709999084472656,184946400.0,25.623191833496094
2008-11-13,30.530000686645508,27.280000686645508,28.610000610351562,30.459999084472656,317943900.0,27.18503189086914
2008-11-14,30.420000076293945,28.8700008392334,29.780000686645508,28.979999542236328,259407000.0,25.864158630371094
2008-11-17,29.229999542236328,28.260000228881836,28.489999771118164,28.3700008392334,202835200.0,25.319746017456055
2008-11-18,28.75,27.389999389648438,28.559999465942383,28.34000015258789,252661800.0,25.292972564697266
2008-11-19,28.780000686645508,26.790000915527344,28.399999618530273,26.860000610351562,244180600.0,23.972097396850586
2008-11-20,27.450000762939453,25.469999313354492,26.530000686645508,25.559999465942383,342472400.0,22.811866760253906
2008-11-21,26.68000030517578,25.049999237060547,26.010000228881836,26.670000076293945,282746800.0,23.802520751953125
2008-11-24,28.639999389648438,26.979999542236328,27.219999313354492,28.299999237060547,225058200.0,25.257265090942383
2008-11-25,28.639999389648438,27.520000457763672,28.610000610351562,28.170000076293945,202968700.0,25.141246795654297
2008-11-26,29.360000610351562,27.809999465942383,27.8799991607666,29.350000381469727,164912000.0,26.194372177124023
2008-11-28,29.190000534057617,28.829999923706055,29.020000457763672,29.1200008392334,41238200.0,25.989107131958008
2008-12-01,28.510000228881836,26.889999389648438,28.5,26.93000030517578,149161500.0,24.034574508666992
2008-12-02,27.889999389648438,26.84000015258789,27.299999237060547,27.829999923706055,181743000.0,24.83780288696289
2008-12-03,28.709999084472656,27.06999969482422,27.1299991607666,28.6200008392334,230944900.0,25.542861938476562
2008-12-04,28.780000686645508,27.31999969482422,28.170000076293945,27.809999465942383,188868700.0,24.81995391845703
2008-12-05,29.06999969482422,26.950000762939453,27.5,28.940000534057617,212283700.0,25.828460693359375
2008-12-08,30.459999084472656,29.440000534057617,29.59000015258789,30.079999923706055,185782500.0,26.845888137817383
2008-12-09,30.829999923706055,29.56999969482422,29.68000030517578,30.010000228881836,178148300.0,26.783416748046875
2008-12-10,30.459999084472656,29.6200008392334,30.100000381469727,29.90999984741211,162335100.0,26.694164276123047
2008-12-11,30.270000457763672,28.940000534057617,29.809999465942383,29.09000015258789,167161400.0,25.96233367919922
2008-12-12,29.860000610351562,28.469999313354492,28.690000534057617,29.68000030517578,158600100.0,26.488901138305664
2008-12-15,29.760000228881836,28.739999771118164,29.729999542236328,29.15999984741211,107887000.0,26.024805068969727
2008-12-16,30.65999984741211,29.100000381469727,29.420000076293945,30.559999465942383,169300100.0,27.2742862701416
2008-12-17,30.600000381469727,29.81999969482422,30.25,30.190000534057617,159813500.0,26.94407081604004
2008-12-18,30.399999618530273,29.360000610351562,30.190000534057617,29.65999984741211,142656400.0,26.471040725708008
2008-12-19,30.3700008392334,29.65999984741211,29.93000030517578,29.860000610351562,118308900.0,26.688236236572266
2008-12-22,29.920000076293945,28.739999771118164,29.860000610351562,29.209999084472656,95379600.0,26.107276916503906
2008-12-23,29.6200008392334,28.889999389648438,29.329999923706055,29.059999465942383,68764800.0,25.97321128845215
2008-12-24,29.209999084472656,28.979999542236328,29.200000762939453,29.139999389648438,27194700.0,26.04471778869629
2008-12-26,29.229999542236328,28.969999313354492,29.200000762939453,29.1299991607666,20937000.0,26.035778045654297
2008-12-29,29.239999771118164,28.459999084472656,29.209999084472656,28.889999389648438,52688300.0,25.821269989013672
2008-12-30,29.59000015258789,28.940000534057617,28.969999313354492,29.489999771118164,77089500.0,26.35753631591797
2008-12-31,30.079999923706055,29.450000762939453,29.459999084472656,29.739999771118164,89189700.0,26.580976486206055
2009-01-02,31.1299991607666,29.690000534057617,29.75,31.030000686645508,107891500.0,27.733957290649414
2009-01-05,31.329999923706055,30.59000015258789,30.829999923706055,31.020000457763672,91751900.0,27.725021362304688
2009-01-06,31.6299991607666,31.110000610351562,31.25,31.329999923706055,136791700.0,28.002090454101562
2009-01-07,30.899999618530273,30.190000534057617,30.729999542236328,30.440000534057617,133879800.0,27.206623077392578
2009-01-08,30.799999237060547,30.079999923706055,30.3799991607666,30.760000228881836,131926600.0,27.492639541625977
2009-01-09,30.790000915527344,29.920000076293945,30.770000457763672,30.06999969482422,117137900.0,26.875930786132812
2009-01-12,30.149999618530273,29.200000762939453,30.110000610351562,29.520000457763672,102726200.0,26.38435173034668
2009-01-13,29.979999542236328,29.18000030517578,29.510000228881836,29.530000686645508,186266700.0,26.393295288085938
2009-01-14,29.280000686645508,28.469999313354492,29.190000534057617,28.6299991607666,136294000.0,25.588882446289062
2009-01-15,29.34000015258789,28.06999969482422,28.56999969482422,29.100000381469727,192567200.0,26.00896453857422
2009-01-16,29.600000381469727,28.700000762939453,29.5,29.420000076293945,175478100.0,26.294967651367188
2009-01-20,29.43000030517578,27.959999084472656,29.299999237060547,27.959999084472656,135105800.0,24.99005889892578
2009-01-21,29.190000534057617,28.100000381469727,28.43000030517578,29.149999618530273,149179600.0,26.053653717041016
2009-01-22,29.229999542236328,28.260000228881836,28.520000457763672,28.760000228881836,200602700.0,25.705087661743164
2009-01-23,29.350000381469727,28.139999389648438,28.290000915527344,28.899999618530273,170164100.0,25.830217361450195
2009-01-26,29.59000015258789,28.75,28.940000534057617,29.110000610351562,140398700.0,26.017902374267578
2009-01-27,29.56999969482422,29.1200008392334,29.1200008392334,29.31999969482422,110591300.0,26.205591201782227
2009-01-28,30.649999618530273,29.809999465942383,29.809999465942383,30.350000381469727,139722800.0,27.126192092895508
2009-01-29,30.399999618530273,29.479999542236328,29.979999542236328,29.579999923706055,130731800.0,26.437978744506836
2009-01-30,29.93000030517578,28.940000534057617,29.799999237060547,29.059999465942383,140334200.0,25.97321128845215
2009-02-02,29.610000610351562,28.739999771118164,28.780000686645508,29.40999984741211,126796100.0,26.286041259765625
2009-02-03,30.43000030517578,29.030000686645508,29.469999313354492,29.8700008392334,120541100.0,26.697175979614258
2009-02-04,30.8700008392334,29.790000915527344,29.940000534057617,29.90999984741211,175780900.0,26.732919692993164
2009-02-05,30.770000457763672,29.459999084472656,29.479999542236328,30.56999969482422,217578900.0,27.322816848754883
2009-02-06,31.510000228881836,30.579999923706055,30.68000030517578,31.3700008392334,164513200.0,28.037841796875
2009-02-09,31.670000076293945,31.190000534057617,31.389999389648438,31.5,98856900.0,28.154035568237305
2009-02-10,31.68000030517578,30.100000381469727,31.299999237060547,30.34000015258789,232795200.0,27.117250442504883
2009-02-11,30.530000686645508,29.729999542236328,30.3799991607666,30.200000762939453,169117200.0,26.99211883544922
2009-02-12,30.610000610351562,29.639999389648438,29.850000381469727,30.56999969482422,201151400.0,27.322816848754883
2009-02-13,30.780000686645508,30.290000915527344,30.479999542236328,30.43000030517578,145066700.0,27.197690963745117
2009-02-17,29.670000076293945,29.059999465942383,29.489999771118164,29.219999313354492,157783300.0,26.116214752197266
2009-02-18,29.670000076293945,28.8700008392334,29.40999984741211,29.239999771118164,161271900.0,26.13409423828125
2009-02-19,29.610000610351562,28.719999313354492,29.420000076293945,28.790000915527344,155322400.0,25.731895446777344
2009-02-20,29.149999618530273,28.389999389648438,28.469999313354492,28.8700008392334,210752400.0,25.803396224975586
2009-02-23,29.049999237060547,27.729999542236328,29.030000686645508,27.860000610351562,169473500.0,24.900678634643555
2009-02-24,28.979999542236328,27.959999084472656,28.010000228881836,28.780000686645508,181337300.0,25.722951889038086
2009-02-25,29.170000076293945,28.139999389648438,28.610000610351562,28.59000015258789,220224700.0,25.55313491821289
2009-02-26,28.950000762939453,27.700000762939453,28.780000686645508,27.790000915527344,211218500.0,24.83811378479004
2009-02-27,27.979999542236328,27.389999389648438,27.5,27.530000686645508,204492600.0,24.605731964111328
2009-03-02,27.510000228881836,26.469999313354492,27.1200008392334,26.639999389648438,188180400.0,23.810270309448242
2009-03-03,27.15999984741211,26.420000076293945,26.860000610351562,26.6200008392334,158758800.0,23.792390823364258
2009-03-04,27.709999084472656,26.920000076293945,27.010000228881836,27.329999923706055,164911000.0,24.426977157592773
2009-03-05,27.239999771118164,26.420000076293945,27.030000686645508,26.510000228881836,199626900.0,23.69407081604004
2009-03-06,26.809999465942383,25.709999084472656,26.649999618530273,26.299999237060547,218421600.0,23.506380081176758
2009-03-09,26.809999465942383,25.6299991607666,26.09000015258789,25.739999771118164,181098800.0,23.005868911743164
2009-03-10,27.389999389648438,26.15999984741211,26.25,27.329999923706055,175068200.0,24.426977157592773
2009-03-11,27.989999771118164,27.260000228881836,27.610000610351562,27.75,173094900.0,24.80236053466797
2009-03-12,28.760000228881836,27.440000534057617,27.729999542236328,28.670000076293945,184395100.0,25.624635696411133
2009-03-13,28.84000015258789,28.31999969482422,28.65999984741211,28.739999771118164,156783500.0,25.68720245361328
2009-03-16,28.979999542236328,28.190000534057617,28.93000030517578,28.260000228881836,190269800.0,25.258190155029297
2009-03-17,29.329999923706055,28.299999237060547,28.399999618530273,29.329999923706055,169773800.0,26.21453285217285
2009-03-18,30.200000762939453,29.079999923706055,29.209999084472656,29.700000762939453,208033900.0,26.54523277282715
2009-03-19,30.1299991607666,29.459999084472656,30.110000610351562,29.68000030517578,146753400.0,26.52735710144043
2009-03-20,30.030000686645508,28.979999542236328,29.690000534057617,29.18000030517578,149410800.0,26.123600006103516
2009-03-23,30.940000534057617,29.200000762939453,29.899999618530273,30.899999618530273,179499000.0,27.663436889648438
2009-03-24,30.8799991607666,30.309999465942383,30.639999389648438,30.329999923706055,118757600.0,27.15313720703125
2009-03-25,31.049999237060547,29.65999984741211,30.59000015258789,30.469999313354492,190555200.0,27.278478622436523
2009-03-26,31.459999084472656,30.420000076293945,30.799999237060547,31.40999984741211,182459500.0,28.12002182006836
2009-03-27,31.18000030517578,30.709999084472656,31.0,30.81999969482422,156108100.0,27.59181022644043
2009-03-30,30.31999969482422,29.6200008392334,30.299999237060547,30.059999465942383,162919700.0,26.911415100097656
2009-03-31,30.950000762939453,30.270000457763672,30.290000915527344,30.31999969482422,150243800.0,27.144187927246094
2009-04-01,30.8799991607666,29.790000915527344,29.940000534057617,30.770000457763672,137950000.0,27.547054290771484
2009-04-02,32.27000045776367,31.229999542236328,31.31999969482422,31.760000228881836,212272400.0,28.433351516723633
2009-04-03,32.400001525878906,31.829999923706055,32.09000015258789,32.349998474121094,134577300.0,28.961563110351562
2009-04-06,32.33000183105469,31.649999618530273,31.989999771118164,32.27000045776367,160413700.0,28.889942169189453
2009-04-07,31.920000076293945,31.209999084472656,31.920000076293945,31.420000076293945,147531200.0,28.128969192504883
2009-04-08,32.150001525878906,31.489999771118164,31.729999542236328,31.950000762939453,126126000.0,28.60345458984375
2009-04-09,33.0099983215332,32.43000030517578,32.54999923706055,32.939998626708984,131871500.0,29.489755630493164
2009-04-13,33.06999969482422,32.529998779296875,32.84000015258789,32.88999938964844,119310500.0,29.44500160217285
2009-04-14,32.880001068115234,32.27000045776367,32.689998626708984,32.4900016784668,124069000.0,29.086898803710938
2009-04-15,32.43000030517578,31.850000381469727,32.2599983215332,32.400001525878906,124808200.0,29.00632095336914
2009-04-16,33.43000030517578,32.5099983215332,32.849998474121094,33.2400016784668,171168000.0,29.758337020874023
2009-04-17,33.5,32.93000030517578,33.16999816894531,33.310001373291016,129835400.0,29.821002960205078
2009-04-20,32.81999969482422,32.060001373291016,32.709999084472656,32.2400016784668,123080500.0,28.86308479309082
2009-04-21,32.7400016784668,32.08000183105469,32.119998931884766,32.689998626708984,145490200.0,29.26594352722168
2009-04-22,33.529998779296875,32.38999938964844,32.5,32.790000915527344,165040500.0,29.3554744720459
2009-04-23,33.13999938964844,32.4900016784668,33.0,33.11000061035156,181666600.0,29.641944885253906
2009-04-24,33.93000030517578,33.06999969482422,33.34000015258789,33.689998626708984,141170000.0,30.16119384765625
2009-04-27,34.060001373291016,33.349998474121094,33.41999816894531,33.72999954223633,120749100.0,30.19700813293457
2009-04-28,33.90999984741211,33.36000061035156,33.52000045776367,33.47999954223633,108968000.0,29.973201751708984
2009-04-29,34.400001525878906,33.70000076293945,33.75,33.939998626708984,141413600.0,30.385005950927734
2009-04-30,34.900001525878906,34.040000915527344,34.38999938964844,34.279998779296875,144120400.0,30.689401626586914
2009-05-01,34.540000915527344,34.0099983215332,34.27000045776367,34.369998931884766,100112000.0,30.76997947692871
2009-05-04,35.09000015258789,34.52000045776367,34.68000030517578,35.04999923706055,119317400.0,31.378755569458008
2009-05-05,35.060001373291016,34.630001068115234,34.9900016784668,35.02000045776367,113569500.0,31.351890563964844
2009-05-06,35.34000015258789,34.459999084472656,35.290000915527344,35.029998779296875,178840500.0,31.360857009887695
2009-05-07,35.27000045776367,33.880001068115234,35.27000045776367,34.209999084472656,216484700.0,30.626728057861328
2009-05-08,34.7400016784668,33.880001068115234,34.470001220703125,34.22999954223633,183507300.0,30.6446475982666
2009-05-11,34.720001220703125,33.68000030517578,33.790000915527344,34.349998474121094,142775900.0,30.752071380615234
2009-05-12,34.47999954223633,33.52000045776367,34.41999816894531,33.93000030517578,147842200.0,30.376062393188477
2009-05-13,33.650001525878906,32.959999084472656,33.630001068115234,33.02000045776367,175548300.0,29.56138038635254
2009-05-14,33.70000076293945,33.08000183105469,33.099998474121094,33.38999938964844,140021700.0,29.892635345458984
2009-05-15,33.81999969482422,33.22999954223633,33.34000015258789,33.369998931884766,121326400.0,29.874723434448242
2009-05-18,34.279998779296875,33.38999938964844,33.599998474121094,34.2400016784668,114333400.0,30.653593063354492
2009-05-19,34.7400016784668,33.95000076293945,34.15999984741211,34.400001525878906,129086400.0,30.796836853027344
2009-05-20,35.040000915527344,34.18000030517578,34.529998779296875,34.279998779296875,131873700.0,30.689401626586914
2009-05-21,34.2599983215332,33.310001373291016,34.02000045776367,33.650001525878906,139253200.0,30.125404357910156
2009-05-22,33.970001220703125,33.31999969482422,33.779998779296875,33.540000915527344,83510600.0,30.026912689208984
2009-05-26,34.83000183105469,33.18000030517578,33.25,34.790000915527344,144857200.0,31.14598846435547
2009-05-27,35.189998626708984,34.43000030517578,34.689998626708984,34.54999923706055,121348800.0,30.931121826171875
2009-05-28,35.06999969482422,34.209999084472656,34.7599983215332,34.95000076293945,118931300.0,31.289234161376953
2009-05-29,35.5,34.7599983215332,34.970001220703125,35.380001068115234,111535700.0,31.674184799194336
2009-06-01,36.5,35.61000061035156,35.7599983215332,36.38999938964844,119126200.0,32.578392028808594
2009-06-02,36.790000915527344,36.11000061035156,36.189998626708984,36.439998626708984,126858600.0,32.62316131591797
2009-06-03,36.369998931884766,35.93000030517578,36.33000183105469,36.33000183105469,93329800.0,32.524681091308594
2009-06-04,36.790000915527344,36.34000015258789,36.40999984741211,36.7400016784668,89280600.0,32.8917350769043
2009-06-05,37.08000183105469,36.41999816894531,36.959999084472656,36.779998779296875,121958800.0,32.92753982543945
2009-06-08,36.95000076293945,36.119998931884766,36.54999923706055,36.66999816894531,89194100.0,32.829063415527344
2009-06-09,37.16999816894531,36.66999816894531,36.84000015258789,36.95000076293945,109187800.0,33.079750061035156
2009-06-10,37.16999816894531,36.290000915527344,37.15999984741211,36.81999969482422,133404700.0,32.963356018066406
2009-06-11,37.22999954223633,36.75,36.77000045776367,36.81999969482422,147909800.0,32.963356018066406
2009-06-12,36.720001220703125,36.20000076293945,36.66999816894531,36.650001525878906,109452500.0,32.8111572265625
2009-06-15,36.33000183105469,35.58000183105469,36.29999923706055,35.900001525878906,112152900.0,32.13973617553711
2009-06-16,36.189998626708984,35.52000045776367,36.040000915527344,35.54999923706055,110550300.0,31.826379776000977
2009-06-17,36.209999084472656,35.45000076293945,35.70000076293945,35.88999938964844,153421800.0,32.130760192871094
2009-06-18,36.060001373291016,35.56999969482422,35.83000183105469,35.81999969482422,126266700.0,32.0681037902832
2009-06-19,36.36000061035156,35.90999984741211,36.04999923706055,36.15999984741211,122044700.0,32.41231155395508
2009-06-22,35.88999938964844,35.02000045776367,35.83000183105469,35.08000183105469,137714900.0,31.44423484802246
2009-06-23,35.2599983215332,34.77000045776367,35.18000030517578,35.0,114903100.0,31.372526168823242
2009-06-24,35.869998931884766,35.279998779296875,35.29999923706055,35.59000015258789,103314600.0,31.901371002197266
2009-06-25,36.36000061035156,35.279998779296875,35.36000061035156,36.290000915527344,112538200.0,32.52883529663086
2009-06-26,36.5,36.04999923706055,36.119998931884766,36.369998931884766,87677300.0,32.60054016113281
2009-06-29,36.75,36.119998931884766,36.470001220703125,36.45000076293945,93817600.0,32.6722412109375
2009-06-30,36.72999954223633,36.11000061035156,36.54999923706055,36.380001068115234,97843000.0,32.6095085144043
2009-07-01,36.84000015258789,36.38999938964844,36.560001373291016,36.400001525878906,85976000.0,32.6274299621582
2009-07-02,36.099998474121094,35.5,36.09000015258789,35.599998474121094,113309800.0,31.91034698486328
2009-07-06,35.540000915527344,35.040000915527344,35.380001068115234,35.40999984741211,107632500.0,31.740047454833984
2009-07-07,35.4900016784668,34.5099983215332,35.41999816894531,34.529998779296875,149773000.0,30.951236724853516
2009-07-08,34.869998931884766,34.29999923706055,34.7400016784668,34.709999084472656,152776400.0,31.112567901611328
2009-07-09,35.0099983215332,34.650001525878906,34.84000015258789,34.77000045776367,97851500.0,31.166362762451172
2009-07-10,35.13999938964844,34.560001373291016,34.66999816894531,34.91999816894531,108482000.0,31.30081558227539
2009-07-13,35.599998474121094,34.47999954223633,34.95000076293945,35.59000015258789,127140300.0,31.901371002197266
2009-07-14,35.790000915527344,35.400001525878906,35.54999923706055,35.720001220703125,115631700.0,32.017913818359375
2009-07-15,36.93000030517578,36.13999938964844,36.31999969482422,36.91999816894531,160869700.0,33.09352111816406
2009-07-16,37.439998626708984,36.720001220703125,36.75,37.36000061035156,120142500.0,33.4879264831543
2009-07-17,37.56999969482422,37.16999816894531,37.349998474121094,37.560001373291016,104906500.0,33.667205810546875
2009-07-20,38.0,37.61000061035156,37.7599983215332,37.91999816894531,97168800.0,33.989898681640625
2009-07-21,38.18000030517578,37.63999938964844,38.06999969482422,38.18000030517578,130587600.0,34.22294616699219
2009-07-22,38.689998626708984,38.130001068115234,38.209999084472656,38.5,113808600.0,34.50978469848633
2009-07-23,39.4900016784668,38.38999938964844,38.459999084472656,39.349998474121094,160239300.0,35.27168273925781
2009-07-24,39.369998931884766,38.779998779296875,38.93000030517578,39.04999923706055,109312300.0,35.00277328491211
2009-07-27,39.40999984741211,38.869998931884766,39.33000183105469,39.349998474121094,94718600.0,35.27168273925781
2009-07-28,39.59000015258789,38.93000030517578,39.18000030517578,39.08000183105469,111564300.0,35.02967071533203
2009-07-29,39.43000030517578,39.0,39.31999969482422,39.34000015258789,126538200.0,35.262733459472656
2009-07-30,40.18000030517578,39.5099983215332,39.75,39.56999969482422,108969900.0,35.46889114379883
2009-07-31,39.849998474121094,39.40999984741211,39.56999969482422,39.45000076293945,78208300.0,35.3613166809082
2009-08-03,40.060001373291016,39.63999938964844,39.869998931884766,40.040000915527344,111722800.0,35.89016342163086
2009-08-04,40.189998626708984,39.77000045776367,39.849998474121094,40.040000915527344,100690800.0,35.89016342163086
2009-08-05,40.13999938964844,39.459999084472656,40.130001068115234,39.72999954223633,118093000.0,35.612308502197266
2009-08-06,39.93000030517578,39.2400016784668,39.81999969482422,39.380001068115234,116937500.0,35.298583984375
2009-08-07,40.06999969482422,39.59000015258789,39.91999816894531,39.880001068115234,107442100.0,35.74675369262695
2009-08-10,39.849998474121094,39.34000015258789,39.7400016784668,39.599998474121094,87163200.0,35.49577331542969
2009-08-11,39.5,39.04999923706055,39.470001220703125,39.2599983215332,91922700.0,35.191017150878906
2009-08-12,40.220001220703125,39.20000076293945,39.22999954223633,39.869998931884766,147240000.0,35.737796783447266
2009-08-13,40.15999984741211,39.63999938964844,40.11000061035156,40.09000015258789,110107000.0,35.93498611450195
2009-08-14,39.959999084472656,39.279998779296875,39.869998931884766,39.630001068115234,124480200.0,35.52265930175781
2009-08-17,39.0099983215332,38.459999084472656,38.959999084472656,38.47999954223633,131797200.0,34.491844177246094
2009-08-18,39.11000061035156,38.61000061035156,38.720001220703125,39.029998779296875,84496200.0,34.98484802246094
2009-08-19,39.400001525878906,38.540000915527344,38.56999969482422,39.29999923706055,88036300.0,35.22685623168945
2009-08-20,39.84000015258789,39.20000076293945,39.279998779296875,39.7599983215332,81473500.0,35.63918685913086
2009-08-21,40.36000061035156,39.7400016784668,39.9900016784668,40.290000915527344,114660200.0,36.114261627197266
2009-08-24,40.56999969482422,40.099998474121094,40.36000061035156,40.25,109904900.0,36.07840347290039
2009-08-25,40.7599983215332,40.25,40.34000015258789,40.369998931884766,92900400.0,36.185977935791016
2009-08-26,40.599998474121094,40.08000183105469,40.279998779296875,40.29999923706055,96407500.0,36.123226165771484
2009-08-27,40.470001220703125,39.66999816894531,40.290000915527344,40.400001525878906,121957800.0,36.21285629272461
2009-08-28,41.08000183105469,40.15999984741211,40.900001525878906,40.439998626708984,114300900.0,36.24871063232422
2009-08-31,40.20000076293945,39.790000915527344,40.13999938964844,40.029998779296875,96415300.0,35.88120651245117
2009-09-01,40.59000015258789,39.15999984741211,39.88999938964844,39.279998779296875,162958900.0,35.208946228027344
2009-09-02,39.470001220703125,39.040000915527344,39.06999969482422,39.25,92757200.0,35.18204879760742
2009-09-03,39.56999969482422,39.02000045776367,39.439998626708984,39.5099983215332,76783100.0,35.415096282958984
2009-09-04,40.380001068115234,39.52000045776367,39.58000183105469,40.36000061035156,74866600.0,36.17700958251953
2009-09-08,40.779998779296875,40.459999084472656,40.68000030517578,40.7400016784668,71024400.0,36.51762390136719
2009-09-09,41.290000915527344,40.59000015258789,40.77000045776367,41.09000015258789,99280800.0,36.83135223388672
2009-09-10,41.529998779296875,41.0,41.11000061035156,41.47999954223633,99289100.0,37.18092727661133
2009-09-11,41.619998931884766,41.220001220703125,41.5099983215332,41.52000045776367,93868400.0,37.2167854309082
2009-09-14,41.709999084472656,41.209999084472656,41.25,41.68000030517578,90435600.0,37.360198974609375
2009-09-15,41.95000076293945,41.56999969482422,41.650001525878906,41.810001373291016,91594600.0,37.47672653198242
2009-09-16,42.47999954223633,41.84000015258789,42.0,42.41999816894531,96888500.0,38.023502349853516
2009-09-17,42.65999984741211,42.209999084472656,42.310001373291016,42.40999984741211,102169600.0,38.014549255371094
2009-09-18,42.619998931884766,42.209999084472656,42.540000915527344,42.439998626708984,87444200.0,38.0782356262207
2009-09-21,42.70000076293945,42.15999984741211,42.20000076293945,42.56999969482422,71351400.0,38.19487762451172
2009-09-22,42.83000183105469,42.439998626708984,42.810001373291016,42.650001525878906,75638400.0,38.266666412353516
2009-09-23,43.16999816894531,42.380001068115234,42.83000183105469,42.45000076293945,143924100.0,38.08721923828125
2009-09-24,42.689998626708984,41.77000045776367,42.619998931884766,42.06999969482422,111016400.0,37.74626541137695
2009-09-25,42.09000015258789,41.58000183105469,41.7599983215332,41.70000076293945,109216000.0,37.414302825927734
2009-09-28,42.65999984741211,41.88999938964844,41.93000030517578,42.40999984741211,84478500.0,38.05133056640625
2009-09-29,42.619998931884766,42.029998779296875,42.40999984741211,42.220001220703125,106686400.0,37.88085174560547
2009-09-30,42.599998474121094,41.599998474121094,42.38999938964844,42.25,173102700.0,37.90776062011719
2009-10-01,42.130001068115234,41.0,42.099998474121094,41.0,140119100.0,36.786224365234375
2009-10-02,41.25,40.720001220703125,40.720001220703125,40.880001068115234,145286400.0,36.67857360839844
2009-10-05,41.400001525878906,40.83000183105469,41.09000015258789,41.209999084472656,97054200.0,36.97465133666992
2009-10-06,42.13999938964844,41.41999816894531,41.439998626708984,41.939998626708984,124628000.0,37.62961959838867
2009-10-07,42.08000183105469,41.77000045776367,41.88999938964844,42.060001373291016,93787600.0,37.73728942871094
2009-10-08,42.619998931884766,42.13999938964844,42.310001373291016,42.2400016784668,107850400.0,37.8987922668457
2009-10-09,42.54999923706055,42.060001373291016,42.150001525878906,42.47999954223633,62828000.0,38.11412811279297
2009-10-12,42.869998931884766,42.279998779296875,42.650001525878906,42.56999969482422,53221900.0,38.19487762451172
2009-10-13,42.75,42.369998931884766,42.529998779296875,42.58000183105469,70939300.0,38.203857421875
2009-10-14,43.209999084472656,42.849998474121094,43.11000061035156,43.15999984741211,91004900.0,38.72425079345703
2009-10-15,43.119998931884766,42.869998931884766,42.93000030517578,43.060001373291016,85772800.0,38.6345329284668
2009-10-16,42.9900016784668,42.47999954223633,42.900001525878906,42.779998779296875,111859300.0,38.3832893371582
2009-10-19,43.27000045776367,42.59000015258789,42.810001373291016,43.209999084472656,83512000.0,38.76910400390625
2009-10-20,43.459999084472656,42.939998626708984,43.459999084472656,43.220001220703125,89847900.0,38.778079986572266
2009-10-21,43.81999969482422,43.060001373291016,43.209999084472656,43.13999938964844,110397400.0,38.706302642822266
2009-10-22,43.4900016784668,42.790000915527344,43.060001373291016,43.310001373291016,85871800.0,38.85883331298828
2009-10-23,43.72999954223633,43.02000045776367,43.72999954223633,43.130001068115234,117020400.0,38.69732666015625
2009-10-26,43.7599983215332,42.790000915527344,43.20000076293945,42.9900016784668,107068600.0,38.57170867919922
2009-10-27,43.11000061035156,42.18000030517578,42.93000030517578,42.34000015258789,121438200.0,37.988521575927734
2009-10-28,42.31999969482422,41.29999923706055,42.189998626708984,41.38999938964844,143553600.0,37.13615036010742
2009-10-29,42.189998626708984,41.540000915527344,41.630001068115234,42.09000015258789,85207600.0,37.76420974731445
2009-10-30,42.150001525878906,40.91999816894531,42.060001373291016,40.959999084472656,162796500.0,36.750343322753906
2009-11-02,41.56999969482422,40.63999938964844,41.0,41.130001068115234,142456600.0,36.90288162231445
2009-11-03,41.31999969482422,40.84000015258789,40.90999984741211,41.2599983215332,95107000.0,37.01950454711914
2009-11-04,41.869998931884766,41.279998779296875,41.529998779296875,41.33000183105469,107970600.0,37.08232116699219
2009-11-05,42.400001525878906,41.779998779296875,41.810001373291016,42.349998474121094,135204800.0,37.997501373291016
2009-11-06,42.650001525878906,42.08000183105469,42.119998931884766,42.599998474121094,96312300.0,38.22178268432617
2009-11-09,43.52000045776367,42.880001068115234,42.93000030517578,43.5099983215332,101620800.0,39.03827667236328
2009-11-10,43.77000045776367,43.400001525878906,43.459999084472656,43.619998931884766,72846500.0,39.136966705322266
2009-11-11,44.13999938964844,43.61000061035156,43.95000076293945,43.900001525878906,84676200.0,39.388179779052734
2009-11-12,44.15999984741211,43.54999923706055,43.93000030517578,43.650001525878906,92426100.0,39.16389083862305
2009-11-13,44.13999938964844,43.630001068115234,43.779998779296875,44.0099983215332,87959500.0,39.48686981201172
2009-11-16,44.650001525878906,44.119998931884766,44.20000076293945,44.459999084472656,87776100.0,39.89064407348633
2009-11-17,44.599998474121094,44.25,44.34000015258789,44.599998474121094,81884000.0,40.01625442504883
2009-11-18,44.4900016784668,44.04999923706055,44.459999084472656,44.349998474121094,100240800.0,39.79195022583008
2009-11-19,44.08000183105469,43.349998474121094,44.04999923706055,43.65999984741211,114558000.0,39.172855377197266
2009-11-20,43.54999923706055,43.279998779296875,43.43000030517578,43.439998626708984,70912100.0,38.97547149658203
2009-11-23,44.400001525878906,43.86000061035156,43.88999938964844,44.13999938964844,91621500.0,39.60353088378906
2009-11-24,44.150001525878906,43.72999954223633,44.119998931884766,43.9900016784668,60670000.0,39.46894454956055
2009-11-25,44.220001220703125,44.0099983215332,44.13999938964844,44.18000030517578,37630100.0,39.639400482177734
2009-11-27,43.83000183105469,42.900001525878906,42.970001220703125,43.5099983215332,61230000.0,39.03827667236328
2009-11-30,43.619998931884766,43.11000061035156,43.40999984741211,43.560001373291016,84819400.0,39.0831298828125
2009-12-01,44.29999923706055,43.880001068115234,43.88999938964844,44.0099983215332,81817800.0,39.48686981201172
2009-12-02,44.4900016784668,43.97999954223633,44.15999984741211,44.06999969482422,81653600.0,39.54071044921875
2009-12-03,44.5,43.880001068115234,44.22999954223633,43.88999938964844,72460400.0,39.379215240478516
2009-12-04,44.72999954223633,43.65999984741211,44.45000076293945,44.119998931884766,125062600.0,39.5855712890625
2009-12-07,44.290000915527344,43.81999969482422,44.09000015258789,43.90999984741211,67471900.0,39.39716720581055
2009-12-08,44.0,43.36000061035156,43.65999984741211,43.63999938964844,86621400.0,39.15489959716797
2009-12-09,44.119998931884766,43.31999969482422,43.599998474121094,44.08000183105469,78820500.0,39.5496940612793
2009-12-10,44.540000915527344,44.2400016784668,44.27000045776367,44.29999923706055,76722400.0,39.74708557128906
2009-12-11,44.59000015258789,43.95000076293945,44.540000915527344,44.130001068115234,66643700.0,39.59455490112305
2009-12-14,44.599998474121094,44.189998626708984,44.43000030517578,44.54999923706055,47965500.0,39.971378326416016
2009-12-15,44.66999816894531,44.16999816894531,44.40999984741211,44.29999923706055,61171100.0,39.74708557128906
2009-12-16,44.70000076293945,44.290000915527344,44.470001220703125,44.36000061035156,61629700.0,39.800926208496094
2009-12-17,44.209999084472656,43.7599983215332,44.15999984741211,43.81999969482422,90440900.0,39.31641387939453
2009-12-18,44.47999954223633,44.0,44.15999984741211,44.459999084472656,96442600.0,39.957210540771484
2009-12-21,45.130001068115234,44.66999816894531,44.689998626708984,44.959999084472656,82357400.0,40.40657043457031
2009-12-22,45.290000915527344,45.029998779296875,45.11000061035156,45.22999954223633,51569100.0,40.64921951293945
2009-12-23,45.56999969482422,45.209999084472656,45.31999969482422,45.560001373291016,73932200.0,40.945796966552734
2009-12-24,45.97999954223633,45.599998474121094,45.61000061035156,45.97999954223633,31770400.0,41.32325744628906
2009-12-28,46.29999923706055,45.939998626708984,46.09000015258789,46.220001220703125,49381400.0,41.53894805908203
2009-12-29,46.25,45.9900016784668,46.22999954223633,46.029998779296875,32410200.0,41.368194580078125
2009-12-30,46.2599983215332,45.959999084472656,45.97999954223633,46.16999816894531,57612700.0,41.4940071105957
2009-12-31,46.279998779296875,45.75,46.2599983215332,45.75,50079200.0,41.11656188964844
2010-01-04,46.4900016784668,46.27000045776367,46.33000183105469,46.41999816894531,62822800.0,41.71868896484375
2010-01-05,46.5,46.15999984741211,46.38999938964844,46.41999816894531,62935600.0,41.71868896484375
2010-01-06,46.54999923706055,46.06999969482422,46.400001525878906,46.13999938964844,96033000.0,41.46704864501953
2010-01-07,46.27000045776367,45.91999816894531,46.209999084472656,46.16999816894531,77094100.0,41.4940071105957
2010-01-08,46.54999923706055,45.93000030517578,46.06999969482422,46.54999923706055,88886600.0,41.83552932739258
2010-01-11,46.63999938964844,46.119998931884766,46.61000061035156,46.36000061035156,104673400.0,41.66476821899414
2010-01-12,46.13999938964844,45.529998779296875,46.08000183105469,45.779998779296875,90673900.0,41.14352798461914
2010-01-13,46.4900016784668,45.61000061035156,45.91999816894531,46.349998474121094,100661000.0,41.655792236328125
2010-01-14,46.52000045776367,46.220001220703125,46.2599983215332,46.38999938964844,75209000.0,41.691734313964844
2010-01-15,46.54999923706055,45.650001525878906,46.470001220703125,45.849998474121094,126849300.0,41.2064094543457
2010-01-19,46.63999938964844,45.95000076293945,45.959999084472656,46.59000015258789,84388200.0,41.87148666381836
2010-01-20,46.599998474121094,45.43000030517578,46.2599983215332,45.91999816894531,145680000.0,41.26932907104492
2010-01-21,46.349998474121094,45.29999923706055,46.04999923706055,45.4900016784668,204939600.0,40.88288879394531
2010-01-22,45.47999954223633,44.040000915527344,45.34000015258789,44.15999984741211,171098700.0,39.687583923339844
2010-01-25,44.599998474121094,44.119998931884766,44.43000030517578,44.310001373291016,154218700.0,39.82238006591797
2010-01-26,44.88999938964844,44.04999923706055,44.2599983215332,44.349998474121094,140816500.0,39.85834503173828
2010-01-27,44.849998474121094,44.0099983215332,44.27000045776367,44.70000076293945,161632700.0,40.17290496826172
2010-01-28,44.43000030517578,43.31999969482422,44.400001525878906,43.54999923706055,221439800.0,39.139366149902344
2010-01-29,44.02000045776367,42.630001068115234,43.90999984741211,42.790000915527344,212099600.0,38.456336975097656
2010-02-01,43.279998779296875,42.880001068115234,42.900001525878906,43.2599983215332,136827100.0,38.878726959228516
2010-02-02,43.779998779296875,43.029998779296875,43.33000183105469,43.650001525878906,110727700.0,39.2292366027832
2010-02-03,43.970001220703125,43.41999816894531,43.439998626708984,43.88999938964844,93581600.0,39.44493103027344
2010-02-04,43.65999984741211,42.619998931884766,43.56999969482422,42.619998931884766,151652500.0,38.30354690551758
2010-02-05,43.02000045776367,42.119998931884766,42.72999954223633,42.97999954223633,213618600.0,38.62710189819336
2010-02-08,43.18000030517578,42.63999938964844,42.90999984741211,42.66999816894531,94354400.0,38.34847640991211
2010-02-09,43.5099983215332,42.7599983215332,43.18000030517578,43.11000061035156,118956000.0,38.743934631347656
2010-02-10,43.310001373291016,42.75,43.11000061035156,43.02000045776367,94102900.0,38.66304016113281
2010-02-11,43.790000915527344,42.7599983215332,43.029998779296875,43.66999816894531,93050800.0,39.247215270996094
2010-02-12,43.880001068115234,43.15999984741211,43.279998779296875,43.7599983215332,93938500.0,39.328094482421875
2010-02-16,44.349998474121094,43.849998474121094,44.08000183105469,44.31999969482422,83861400.0,39.83137893676758
2010-02-17,44.56999969482422,44.2599983215332,44.52000045776367,44.56999969482422,82691700.0,40.05607223510742
2010-02-18,44.93000030517578,44.45000076293945,44.540000915527344,44.849998474121094,65752600.0,40.307701110839844
2010-02-19,45.04999923706055,44.619998931884766,44.72999954223633,44.83000183105469,80416500.0,40.289737701416016
2010-02-22,45.029998779296875,44.560001373291016,45.0099983215332,44.7400016784668,72055000.0,40.20883560180664
2010-02-23,44.7400016784668,43.95000076293945,44.709999084472656,44.15999984741211,95814400.0,39.687583923339844
2010-02-24,44.790000915527344,44.31999969482422,44.38999938964844,44.61000061035156,86591000.0,40.09202194213867
2010-02-25,44.70000076293945,43.83000183105469,44.13999938964844,44.599998474121094,97961300.0,40.083030700683594
2010-02-26,44.86000061035156,44.400001525878906,44.59000015258789,44.7599983215332,66222400.0,40.2268180847168
2010-03-01,45.4900016784668,44.95000076293945,44.959999084472656,45.40999984741211,77290100.0,40.81098937988281
2010-03-02,45.849998474121094,45.45000076293945,45.56999969482422,45.54999923706055,76368500.0,40.93680953979492
2010-03-03,45.81999969482422,45.43000030517578,45.65999984741211,45.599998474121094,65735500.0,40.98175811767578
2010-03-04,45.810001373291016,45.400001525878906,45.630001068115234,45.75,54470900.0,41.11656188964844
2010-03-05,46.540000915527344,45.9900016784668,46.09000015258789,46.439998626708984,68136300.0,41.736671447753906
2010-03-08,46.63999938964844,46.439998626708984,46.459999084472656,46.529998779296875,58712400.0,41.81755065917969
2010-03-09,47.04999923706055,46.400001525878906,46.43000030517578,46.790000915527344,98002800.0,42.05122375488281
2010-03-10,47.279998779296875,46.79999923706055,46.81999969482422,47.16999816894531,102578900.0,42.39275360107422
2010-03-11,47.349998474121094,46.97999954223633,47.060001373291016,47.349998474121094,67510300.0,42.554508209228516
2010-03-12,47.529998779296875,47.099998474121094,47.5,47.36000061035156,64068300.0,42.56349563598633
2010-03-15,47.380001068115234,46.90999984741211,47.2599983215332,47.2400016784668,60150500.0,42.455650329589844
2010-03-16,47.61000061035156,47.22999954223633,47.38999938964844,47.540000915527344,74950600.0,42.725257873535156
2010-03-17,47.900001525878906,47.529998779296875,47.61000061035156,47.66999816894531,75643500.0,42.842105865478516
2010-03-18,47.880001068115234,47.599998474121094,47.709999084472656,47.83000183105469,77829400.0,42.98589324951172
2010-03-19,47.95000076293945,47.31999969482422,47.91999816894531,47.4900016784668,86337100.0,42.725887298583984
2010-03-22,48.11000061035156,47.25,47.29999923706055,47.91999816894531,71902800.0,43.112754821777344
2010-03-23,48.29999923706055,47.77000045776367,47.9900016784668,48.25,59182600.0,43.40964889526367
2010-03-24,48.16999816894531,47.90999984741211,48.16999816894531,48.02000045776367,62995700.0,43.20271682739258
2010-03-25,48.599998474121094,47.900001525878906,48.41999816894531,47.95000076293945,76294800.0,43.139739990234375
2010-03-26,48.33000183105469,47.7400016784668,48.150001525878906,48.0,78067900.0,43.18473434448242
2010-03-29,48.400001525878906,48.099998474121094,48.2400016784668,48.22999954223633,57993300.0,43.39164352416992
2010-03-30,48.54999923706055,48.060001373291016,48.380001068115234,48.38999938964844,49437300.0,43.535606384277344
2010-03-31,48.45000076293945,48.06999969482422,48.2400016784668,48.15999984741211,59947400.0,43.32866287231445
2010-04-01,48.70000076293945,47.790000915527344,48.36000061035156,48.15999984741211,83728600.0,43.32866287231445
2010-04-05,48.720001220703125,48.13999938964844,48.27000045776367,48.61000061035156,56220300.0,43.7335319519043
2010-04-06,48.900001525878906,48.38999938964844,48.5,48.75,54097100.0,43.8594856262207
2010-04-07,48.869998931884766,48.369998931884766,48.68000030517578,48.630001068115234,77211500.0,43.75151824951172
2010-04-08,48.81999969482422,48.2400016784668,48.4900016784668,48.7400016784668,68314300.0,43.85047912597656
2010-04-09,49.04999923706055,48.630001068115234,48.75,49.029998779296875,54227300.0,44.11140060424805
2010-04-12,49.20000076293945,48.939998626708984,49.04999923706055,49.06999969482422,44280600.0,44.14738082885742
2010-04-13,49.349998474121094,48.86000061035156,49.02000045776367,49.31999969482422,59376000.0,44.37229537963867
2010-04-14,49.91999816894531,49.5,49.58000183105469,49.90999984741211,69004800.0,44.90312576293945
2010-04-15,50.189998626708984,49.869998931884766,49.869998931884766,50.130001068115234,72254200.0,45.10105514526367
2010-04-16,50.119998931884766,49.20000076293945,49.95000076293945,49.529998779296875,127388000.0,44.56122970581055
2010-04-19,49.65999984741211,48.900001525878906,49.349998474121094,49.5,98251700.0,44.534244537353516
2010-04-20,49.880001068115234,49.43000030517578,49.77000045776367,49.75,69543700.0,44.759159088134766
2010-04-21,50.189998626708984,49.720001220703125,50.09000015258789,50.029998779296875,74748700.0,45.011077880859375
2010-04-22,50.36000061035156,49.2599983215332,49.54999923706055,50.310001373291016,110477200.0,45.263004302978516
2010-04-23,50.56999969482422,50.09000015258789,50.29999923706055,50.52000045776367,77205200.0,45.45191955566406
2010-04-26,50.650001525878906,50.29999923706055,50.56999969482422,50.40999984741211,67361000.0,45.35295867919922
2010-04-27,50.43000030517578,49.209999084472656,50.209999084472656,49.34000015258789,112608000.0,44.39030456542969
2010-04-28,49.630001068115234,48.97999954223633,49.599998474121094,49.369998931884766,130082100.0,44.417293548583984
2010-04-29,50.33000183105469,49.61000061035156,49.650001525878906,50.22999954223633,84180200.0,45.19101333618164
2010-04-30,50.290000915527344,49.20000076293945,50.209999084472656,49.2400016784668,110897000.0,44.300331115722656
2010-05-03,50.16999816894531,49.43000030517578,49.45000076293945,49.93000030517578,74169700.0,44.921112060546875
2010-05-04,49.31999969482422,48.08000183105469,49.31999969482422,48.43000030517578,141136500.0,43.571590423583984
2010-05-05,48.5,47.63999938964844,47.91999816894531,48.18000030517578,128560200.0,43.3466682434082
2010-05-06,48.31999969482422,42.63999938964844,47.849998474121094,46.56999969482422,274356800.0,41.89818572998047
2010-05-07,46.79999923706055,44.279998779296875,46.220001220703125,45.40999984741211,288200400.0,40.854549407958984
2010-05-10,47.79999923706055,47.310001373291016,47.43000030517578,47.77000045776367,136041600.0,42.97779846191406
2010-05-11,48.38999938964844,47.20000076293945,47.290000915527344,47.720001220703125,113016100.0,42.93281173706055
2010-05-12,48.65999984741211,47.900001525878906,47.97999954223633,48.619998931884766,85462400.0,43.74253463745117
2010-05-13,48.790000915527344,47.72999954223633,48.40999984741211,47.849998474121094,102844300.0,43.049781799316406
2010-05-14,47.52000045776367,46.380001068115234,47.4900016784668,46.93000030517578,147386100.0,42.22206497192383
2010-05-17,47.27000045776367,46.06999969482422,47.02000045776367,47.08000183105469,120969600.0,42.357017517089844
2010-05-18,47.58000183105469,46.220001220703125,47.47999954223633,46.43000030517578,153072100.0,41.77222442626953
2010-05-19,46.630001068115234,45.54999923706055,46.2599983215332,46.060001373291016,159000300.0,41.439334869384766
2010-05-20,45.279998779296875,44.25,45.15999984741211,44.349998474121094,189289800.0,39.90088653564453
2010-05-21,45.63999938964844,43.4900016784668,43.65999984741211,44.84000015258789,190631100.0,40.34173583984375
2010-05-24,45.33000183105469,44.63999938964844,44.81999969482422,44.65999984741211,113038000.0,40.17976760864258
2010-05-25,44.7599983215332,43.22999954223633,43.68000030517578,44.70000076293945,155643000.0,40.21577072143555
2010-05-26,45.56999969482422,44.119998931884766,45.0099983215332,44.20000076293945,140203200.0,39.76593017578125
2010-05-27,45.88999938964844,45.09000015258789,45.20000076293945,45.869998931884766,110671600.0,41.26839065551758
2010-05-28,45.9900016784668,45.20000076293945,45.95000076293945,45.599998474121094,128535300.0,41.025489807128906
2010-06-01,46.25,45.130001068115234,45.43000030517578,45.18000030517578,104242700.0,40.64762878417969
2010-06-02,46.279998779296875,45.130001068115234,45.439998626708984,46.25,97249300.0,41.61027145385742
2010-06-03,46.77000045776367,46.08000183105469,46.380001068115234,46.689998626708984,98928400.0,42.006141662597656
2010-06-04,46.290000915527344,44.939998626708984,45.70000076293945,45.09000015258789,112849900.0,40.566650390625
2010-06-07,45.459999084472656,44.220001220703125,45.31999969482422,44.27000045776367,88436600.0,39.82891082763672
2010-06-08,44.47999954223633,43.59000015258789,44.349998474121094,44.189998626708984,133030100.0,39.75693130493164
2010-06-09,44.90999984741211,43.689998626708984,44.5,43.81999969482422,101949200.0,39.424041748046875
2010-06-10,45.119998931884766,44.2400016784668,44.36000061035156,45.06999969482422,76892300.0,40.54866027832031
2010-06-11,45.540000915527344,44.61000061035156,44.61000061035156,45.5,74346800.0,40.935516357421875
2010-06-14,46.2400016784668,45.40999984741211,45.91999816894531,45.4900016784668,68085000.0,40.926517486572266
2010-06-15,46.77000045776367,45.45000076293945,45.72999954223633,46.709999084472656,76332600.0,42.024131774902344
2010-06-16,47.13999938964844,46.5,46.58000183105469,46.900001525878906,78399700.0,42.195072174072266
2010-06-17,47.18000030517578,46.63999938964844,47.15999984741211,47.04999923706055,77111900.0,42.33002471923828
2010-06-18,47.34000015258789,46.86000061035156,47.04999923706055,47.0,75921400.0,42.36518478393555
2010-06-21,47.68000030517578,46.33000183105469,47.599998474121094,46.599998474121094,95488100.0,42.004615783691406
2010-06-22,47.13999938964844,46.150001525878906,46.79999923706055,46.2400016784668,94493400.0,41.68013000488281
2010-06-23,46.470001220703125,45.689998626708984,46.290000915527344,46.04999923706055,92397600.0,41.50886535644531
2010-06-24,45.9900016784668,45.20000076293945,45.849998474121094,45.349998474121094,114145900.0,40.877899169921875
2010-06-25,45.65999984741211,44.95000076293945,45.5099983215332,45.27000045776367,88740300.0,40.88603210449219
2010-06-28,45.54999923706055,44.810001373291016,45.27000045776367,45.11000061035156,71350000.0,40.741519927978516
2010-06-29,44.459999084472656,43.06999969482422,44.41999816894531,43.369998931884766,136384200.0,39.17002487182617
2010-06-30,43.66999816894531,42.63999938964844,43.22999954223633,42.709999084472656,101313200.0,38.57392120361328
2010-07-01,42.959999084472656,41.77000045776367,42.84000015258789,42.59000015258789,158695000.0,38.46556091308594
2010-07-02,42.81999969482422,42.09000015258789,42.65999984741211,42.470001220703125,78565300.0,38.35718536376953
2010-07-06,43.369998931884766,42.25,43.099998474121094,42.599998474121094,88591900.0,38.47458267211914
2010-07-07,44.0099983215332,42.70000076293945,42.7400016784668,43.959999084472656,72448400.0,39.702880859375
2010-07-08,44.380001068115234,43.68000030517578,44.310001373291016,44.20000076293945,78264600.0,39.91964340209961
2010-07-09,44.630001068115234,44.08000183105469,44.18000030517578,44.619998931884766,47851200.0,40.298973083496094
2010-07-12,45.029998779296875,44.459999084472656,44.58000183105469,44.75,60927500.0,40.416378021240234
2010-07-13,45.5,44.79999923706055,45.13999938964844,45.33000183105469,93310500.0,40.940208435058594
2010-07-14,45.810001373291016,45.2400016784668,45.41999816894531,45.560001373291016,87687100.0,41.14793395996094
2010-07-15,45.7400016784668,44.9900016784668,45.470001220703125,45.599998474121094,95992500.0,41.18406677246094
2010-07-16,45.630001068115234,44.29999923706055,45.439998626708984,44.34000015258789,98831900.0,40.04609298706055
2010-07-19,44.810001373291016,44.099998474121094,44.470001220703125,44.720001220703125,81800800.0,40.389286041259766
2010-07-20,45.2599983215332,43.86000061035156,44.0,45.2599983215332,89061200.0,40.876991271972656
2010-07-21,45.7599983215332,44.560001373291016,45.7400016784668,44.63999938964844,83577000.0,40.31703186035156
2010-07-22,45.97999954223633,45.2400016784668,45.27000045776367,45.77000045776367,82890300.0,41.33760070800781
2010-07-23,46.099998474121094,45.380001068115234,45.459999084472656,46.060001373291016,81056100.0,41.599510192871094
2010-07-26,46.459999084472656,45.90999984741211,46.119998931884766,46.439998626708984,64850900.0,41.94272232055664
2010-07-27,46.720001220703125,46.209999084472656,46.63999938964844,46.41999816894531,67655600.0,41.924652099609375
2010-07-28,46.58000183105469,45.880001068115234,46.369998931884766,46.04999923706055,51988200.0,41.590484619140625
2010-07-29,46.40999984741211,45.25,46.31999969482422,45.709999084472656,85669500.0,41.28342056274414
2010-07-30,46.09000015258789,45.06999969482422,45.33000183105469,45.810001373291016,98958100.0,41.37373352050781
2010-08-02,46.790000915527344,46.209999084472656,46.38999938964844,46.66999816894531,68706800.0,42.15043258666992
2010-08-03,46.70000076293945,46.25,46.63999938964844,46.470001220703125,60856600.0,41.969818115234375
2010-08-04,46.9900016784668,46.5,46.68000030517578,46.939998626708984,43820600.0,42.39430618286133
2010-08-05,46.91999816894531,46.52000045776367,46.709999084472656,46.83000183105469,39150200.0,42.29494857788086
2010-08-06,46.849998474121094,46.04999923706055,46.31999969482422,46.7599983215332,71339200.0,42.23173904418945
2010-08-09,47.189998626708984,46.790000915527344,47.0,47.08000183105469,26927600.0,42.5207405090332
2010-08-10,46.95000076293945,46.279998779296875,46.70000076293945,46.66999816894531,86694500.0,42.15043258666992
2010-08-11,45.91999816894531,45.209999084472656,45.900001525878906,45.400001525878906,92219700.0,41.00344467163086
2010-08-12,45.2400016784668,44.45000076293945,44.529998779296875,45.040000915527344,66000200.0,40.67829513549805
2010-08-13,45.060001373291016,44.709999084472656,44.869998931884766,44.720001220703125,46387300.0,40.389286041259766
2010-08-16,45.11000061035156,44.29999923706055,44.5,44.79999923706055,55472900.0,40.46153259277344
2010-08-17,45.779998779296875,45.029998779296875,45.119998931884766,45.369998931884766,56927100.0,40.976341247558594
2010-08-18,45.81999969482422,45.11000061035156,45.279998779296875,45.54999923706055,61835400.0,41.13889694213867
2010-08-19,45.459999084472656,44.560001373291016,45.279998779296875,44.86000061035156,82969500.0,40.51573944091797
2010-08-20,45.029998779296875,44.540000915527344,44.790000915527344,44.91999816894531,65806700.0,40.56991958618164
2010-08-23,45.34000015258789,44.459999084472656,45.20000076293945,44.47999954223633,69612200.0,40.17253875732422
2010-08-24,44.119998931884766,43.470001220703125,43.970001220703125,43.650001525878906,79095800.0,39.42291259765625
2010-08-25,44.2599983215332,43.27000045776367,43.34000015258789,44.06999969482422,87247900.0,39.80223083496094
2010-08-26,44.31999969482422,43.5,44.220001220703125,43.540000915527344,91199000.0,39.32355880737305
2010-08-27,44.15999984741211,42.970001220703125,43.86000061035156,44.06999969482422,109568800.0,39.80223083496094
2010-08-30,44.25,43.599998474121094,43.86000061035156,43.61000061035156,49373200.0,39.386775970458984
2010-08-31,43.849998474121094,43.18000030517578,43.380001068115234,43.459999084472656,72066900.0,39.25129699707031
2010-09-01,44.90999984741211,44.06999969482422,44.099998474121094,44.7599983215332,83523100.0,40.4254150390625
2010-09-02,45.279998779296875,44.72999954223633,44.84000015258789,45.2599983215332,41816800.0,40.876991271972656
2010-09-03,46.02000045776367,45.54999923706055,45.7599983215332,46.0099983215332,64041100.0,41.554359436035156
2010-09-07,46.029998779296875,45.630001068115234,45.81999969482422,45.70000076293945,51195200.0,41.27436447143555
2010-09-08,46.45000076293945,45.81999969482422,45.83000183105469,46.25,66879800.0,41.7711181640625
2010-09-09,46.70000076293945,46.31999969482422,46.65999984741211,46.43000030517578,61476400.0,41.93368911743164
2010-09-10,46.66999816894531,46.25,46.47999954223633,46.599998474121094,66995700.0,42.087215423583984
2010-09-13,47.369998931884766,46.939998626708984,46.959999084472656,47.25,64523400.0,42.67427444458008
2010-09-14,47.70000076293945,47.08000183105469,47.189998626708984,47.45000076293945,91405800.0,42.85490798950195
2010-09-15,47.79999923706055,47.189998626708984,47.33000183105469,47.75,67108200.0,43.125858306884766
2010-09-16,47.97999954223633,47.540000915527344,47.65999984741211,47.939998626708984,66885800.0,43.297454833984375
2010-09-17,48.13999938964844,47.75,48.13999938964844,47.9900016784668,76372600.0,43.44411849975586
2010-09-20,48.93000030517578,48.11000061035156,48.16999816894531,48.83000183105469,84475000.0,44.20454406738281
2010-09-21,49.16999816894531,48.61000061035156,48.86000061035156,48.81999969482422,82272000.0,44.19549560546875
2010-09-22,49.02000045776367,48.41999816894531,48.619998931884766,48.689998626708984,88315900.0,44.07780838012695
2010-09-23,49.15999984741211,48.31999969482422,48.369998931884766,48.66999816894531,85040000.0,44.059688568115234
2010-09-24,49.689998626708984,49.150001525878906,49.220001220703125,49.65999984741211,79495900.0,44.955928802490234
2010-09-27,49.75,49.349998474121094,49.630001068115234,49.38999938964844,43859800.0,44.71148681640625
2010-09-28,49.540000915527344,48.59000015258789,49.5099983215332,49.369998931884766,104922900.0,44.693397521972656
2010-09-29,49.529998779296875,49.11000061035156,49.29999923706055,49.290000915527344,81679200.0,44.62096405029297
2010-09-30,49.84000015258789,48.75,49.540000915527344,49.06999969482422,122458600.0,44.42179489135742
2010-10-01,49.529998779296875,48.779998779296875,49.47999954223633,49.0099983215332,77675400.0,44.36750793457031
2010-10-04,49.04999923706055,48.20000076293945,48.869998931884766,48.47999954223633,71359900.0,43.8876838684082
2010-10-05,49.7599983215332,49.0,49.029998779296875,49.65999984741211,99301300.0,44.955928802490234
2010-10-06,49.709999084472656,48.90999984741211,49.599998474121094,49.22999954223633,81831200.0,44.566654205322266
2010-10-07,49.540000915527344,49.0,49.5099983215332,49.40999984741211,75693300.0,44.7296028137207
2010-10-08,49.869998931884766,49.08000183105469,49.43000030517578,49.75,83223900.0,45.03740310668945
2010-10-11,50.02000045776367,49.619998931884766,49.779998779296875,49.77000045776367,46880000.0,45.05549621582031
2010-10-12,50.209999084472656,49.2599983215332,49.689998626708984,50.11000061035156,88571700.0,45.36330795288086
2010-10-13,50.75,50.279998779296875,50.43000030517578,50.52000045776367,71122900.0,45.734458923339844
2010-10-14,50.63999938964844,50.16999816894531,50.54999923706055,50.41999816894531,68464000.0,45.643917083740234
2010-10-15,51.5,50.630001068115234,51.040000915527344,51.4900016784668,104654000.0,46.612571716308594
2010-10-18,51.720001220703125,51.29999923706055,51.5,51.29999923706055,72399400.0,46.440574645996094
2010-10-19,51.29999923706055,50.41999816894531,50.81999969482422,50.81999969482422,105739800.0,46.00603485107422
2010-10-20,51.56999969482422,50.869998931884766,50.959999084472656,51.189998626708984,80861400.0,46.340980529785156
2010-10-21,51.709999084472656,50.790000915527344,51.5099983215332,51.290000915527344,85885400.0,46.43152618408203
2010-10-22,51.689998626708984,51.209999084472656,51.29999923706055,51.63999938964844,47406900.0,46.74836349487305
2010-10-25,52.22999954223633,51.849998474121094,51.849998474121094,51.88999938964844,51413900.0,46.97468185424805
2010-10-26,52.150001525878906,51.41999816894531,51.630001068115234,52.029998779296875,60498300.0,47.10141372680664
2010-10-27,52.22999954223633,51.65999984741211,51.7599983215332,52.189998626708984,57483400.0,47.24626541137695
2010-10-28,52.45000076293945,51.84000015258789,52.40999984741211,52.29999923706055,61220000.0,47.34584426879883
2010-10-29,52.4900016784668,52.16999816894531,52.29999923706055,52.18000030517578,46668700.0,47.23721694946289
2010-11-01,52.75,51.97999954223633,52.369998931884766,52.220001220703125,60555600.0,47.27342224121094
2010-11-02,52.93000030517578,52.58000183105469,52.650001525878906,52.779998779296875,48137500.0,47.78037643432617
2010-11-03,53.040000915527344,52.36000061035156,52.83000183105469,53.02000045776367,126225800.0,47.99763488769531
2010-11-04,53.86000061035156,53.5,53.599998474121094,53.66999816894531,84201000.0,48.58607864379883
2010-11-05,53.810001373291016,53.5099983215332,53.70000076293945,53.66999816894531,77937100.0,48.58607864379883
2010-11-08,53.83000183105469,53.45000076293945,53.58000183105469,53.7400016784668,39623500.0,48.64944839477539
2010-11-09,54.040000915527344,53.209999084472656,53.95000076293945,53.45000076293945,66828700.0,48.38691329956055
2010-11-10,53.77000045776367,53.099998474121094,53.52000045776367,53.720001220703125,83553700.0,48.631324768066406
2010-11-11,53.47999954223633,52.65999984741211,52.90999984741211,53.380001068115234,85163600.0,48.32355499267578
2010-11-12,53.369998931884766,52.11000061035156,53.099998474121094,52.5099983215332,99164300.0,47.535953521728516
2010-11-15,52.880001068115234,52.290000915527344,52.779998779296875,52.310001373291016,56723400.0,47.35490036010742
2010-11-16,52.25,50.849998474121094,51.939998626708984,51.45000076293945,101097000.0,46.57634353637695
2010-11-17,51.869998931884766,51.349998474121094,51.47999954223633,51.599998474121094,77836200.0,46.71215057373047
2010-11-18,52.790000915527344,52.130001068115234,52.15999984741211,52.43000030517578,71488300.0,47.46354293823242
2010-11-19,52.59000015258789,52.13999938964844,52.36000061035156,52.470001220703125,54506100.0,47.49973678588867
2010-11-22,52.90999984741211,52.16999816894531,52.2599983215332,52.90999984741211,69918900.0,47.898067474365234
2010-11-23,52.45000076293945,51.77000045776367,52.369998931884766,52.06999969482422,76818300.0,47.137630462646484
2010-11-24,53.25,52.560001373291016,52.58000183105469,53.119998931884766,53444200.0,48.088172912597656
2010-11-26,53.130001068115234,52.66999816894531,52.779998779296875,52.77000045776367,23640300.0,47.771331787109375
2010-11-29,52.900001525878906,52.099998474121094,52.70000076293945,52.72999954223633,89269100.0,47.735103607177734
2010-11-30,52.7400016784668,51.880001068115234,52.18000030517578,52.09000015258789,118862100.0,47.155738830566406
2010-12-01,53.459999084472656,52.84000015258789,52.86000061035156,53.189998626708984,81758800.0,48.15154266357422
2010-12-02,53.810001373291016,53.209999084472656,53.27000045776367,53.72999954223633,56844600.0,48.64037322998047
2010-12-03,53.939998626708984,53.5,53.5,53.869998931884766,38014200.0,48.76712417602539
2010-12-06,53.95000076293945,53.68000030517578,53.880001068115234,53.849998474121094,39312000.0,48.74903106689453
2010-12-07,54.52000045776367,53.81999969482422,54.5,53.880001068115234,59067300.0,48.77618408203125
2010-12-08,54.150001525878906,53.689998626708984,54.02000045776367,54.08000183105469,48066900.0,48.95723342895508
2010-12-09,54.439998626708984,53.95000076293945,54.40999984741211,54.130001068115234,51679800.0,49.00250244140625
2010-12-10,54.54999923706055,54.09000015258789,54.290000915527344,54.4900016784668,44696200.0,49.328399658203125
2010-12-13,54.7400016784668,54.27000045776367,54.70000076293945,54.29999923706055,53110200.0,49.15638732910156
2010-12-14,54.619998931884766,54.22999954223633,54.439998626708984,54.400001525878906,69884800.0,49.246917724609375
2010-12-15,54.70000076293945,54.029998779296875,54.369998931884766,54.15999984741211,76951900.0,49.0296516418457
2010-12-16,54.65999984741211,54.060001373291016,54.209999084472656,54.58000183105469,65519400.0,49.40986633300781
2010-12-17,54.68000030517578,54.40999984741211,54.540000915527344,54.52000045776367,36844200.0,49.45341110229492
2010-12-20,54.7599983215332,54.15999984741211,54.619998931884766,54.560001373291016,48159600.0,49.48970031738281
2010-12-21,54.88999938964844,54.619998931884766,54.77000045776367,54.88999938964844,35775400.0,49.78902053833008
2010-12-22,54.959999084472656,54.790000915527344,54.869998931884766,54.880001068115234,35766500.0,49.77996063232422
2010-12-23,54.869998931884766,54.61000061035156,54.779998779296875,54.7400016784668,21664800.0,49.6529655456543
2010-12-27,54.86000061035156,54.209999084472656,54.58000183105469,54.77000045776367,29263700.0,49.68018341064453
2010-12-28,54.91999816894531,54.54999923706055,54.880001068115234,54.66999816894531,24160500.0,49.58946990966797
2010-12-29,54.900001525878906,54.72999954223633,54.81999969482422,54.790000915527344,24132700.0,49.69831848144531
2010-12-30,54.79999923706055,54.54999923706055,54.790000915527344,54.65999984741211,27553300.0,49.58040237426758
2010-12-31,54.619998931884766,54.209999084472656,54.59000015258789,54.459999084472656,38540100.0,49.398983001708984
2011-01-03,55.689998626708984,54.95000076293945,54.970001220703125,55.310001373291016,90994300.0,50.17000198364258
2011-01-04,55.54999923706055,54.91999816894531,55.5099983215332,55.27000045776367,43851500.0,50.13370895385742
2011-01-05,55.7599983215332,55.06999969482422,55.099998474121094,55.7400016784668,43787400.0,50.56002426147461
2011-01-06,55.959999084472656,55.68000030517578,55.79999923706055,55.91999816894531,46139600.0,50.72331237792969
2011-01-07,56.04999923706055,55.31999969482422,56.02000045776367,55.869998931884766,72261700.0,50.67795181274414
2011-01-10,56.18000030517578,55.58000183105469,55.75,56.08000183105469,55551800.0,50.86844253540039
2011-01-11,56.36000061035156,55.95000076293945,56.310001373291016,56.15999984741211,56663800.0,50.94100570678711
2011-01-12,56.560001373291016,56.20000076293945,56.43000030517578,56.560001373291016,51979300.0,51.30381774902344
2011-01-13,56.72999954223633,56.40999984741211,56.599998474121094,56.58000183105469,47364500.0,51.321964263916016
2011-01-14,57.02000045776367,56.459999084472656,56.599998474121094,57.0,43867400.0,51.702938079833984
2011-01-18,57.22999954223633,56.4900016784668,56.56999969482422,57.15999984741211,65805600.0,51.84807205200195
2011-01-19,57.2599983215332,56.31999969482422,57.2599983215332,56.5099983215332,67767200.0,51.25847625732422
2011-01-20,56.349998474121094,55.68000030517578,56.27000045776367,56.11000061035156,92357800.0,50.89564514160156
2011-01-21,56.4900016784668,55.650001525878906,56.38999938964844,55.68000030517578,59673300.0,50.50559997558594
2011-01-24,56.459999084472656,55.68000030517578,55.790000915527344,56.45000076293945,64103300.0,51.20405578613281
2011-01-25,56.54999923706055,56.04999923706055,56.16999816894531,56.529998779296875,55305100.0,51.276615142822266
2011-01-26,56.97999954223633,56.45000076293945,56.61000061035156,56.83000183105469,60547700.0,51.548744201660156
2011-01-27,57.349998474121094,56.91999816894531,57.0099983215332,57.18000030517578,53656100.0,51.8662109375
2011-01-28,57.220001220703125,55.470001220703125,57.16999816894531,55.72999954223633,123359900.0,50.55097198486328
2011-01-31,56.15999984741211,55.38999938964844,55.810001373291016,56.0,70571300.0,50.79588317871094
2011-02-01,57.18000030517578,56.36000061035156,56.41999816894531,57.04999923706055,76952900.0,51.74829864501953
2011-02-02,57.16999816894531,56.84000015258789,56.93000030517578,56.959999084472656,48661000.0,51.666664123535156
2011-02-03,57.13999938964844,56.400001525878906,56.849998474121094,57.060001373291016,45341900.0,51.75738525390625
2011-02-04,57.41999816894531,56.900001525878906,57.04999923706055,57.380001068115234,47647800.0,52.04762268066406
2011-02-07,57.970001220703125,57.400001525878906,57.4900016784668,57.650001525878906,45627100.0,52.292545318603516
2011-02-08,58.06999969482422,57.560001373291016,57.66999816894531,58.029998779296875,38099900.0,52.637210845947266
2011-02-09,58.119998931884766,57.75,57.939998626708984,57.93000030517578,62540800.0,52.546504974365234
2011-02-10,58.099998474121094,57.4900016784668,57.54999923706055,58.02000045776367,70194700.0,52.62815856933594
2011-02-11,58.47999954223633,57.77000045776367,57.849998474121094,58.439998626708984,47853500.0,53.00912094116211
2011-02-14,58.65999984741211,58.380001068115234,58.439998626708984,58.58000183105469,48506100.0,53.136112213134766
2011-02-15,58.56999969482422,58.22999954223633,58.439998626708984,58.5,39723800.0,53.06353759765625
2011-02-16,59.040000915527344,58.630001068115234,58.650001525878906,58.880001068115234,53061700.0,53.40823745727539
2011-02-17,58.970001220703125,58.54999923706055,58.59000015258789,58.86000061035156,38361900.0,53.390098571777344
2011-02-18,58.970001220703125,58.5099983215332,58.86000061035156,58.72999954223633,44334300.0,53.27218246459961
2011-02-22,58.130001068115234,56.939998626708984,57.93000030517578,57.029998779296875,92598100.0,51.73015594482422
2011-02-23,57.22999954223633,56.130001068115234,57.029998779296875,56.560001373291016,97842900.0,51.30381774902344
2011-02-24,57.029998779296875,56.13999938964844,56.68000030517578,56.86000061035156,98716100.0,51.57595443725586
2011-02-25,57.720001220703125,57.119998931884766,57.18000030517578,57.650001525878906,54094600.0,52.292545318603516
2011-02-28,58.04999923706055,57.43000030517578,57.880001068115234,57.77000045776367,51402800.0,52.40138626098633
2011-03-01,58.02000045776367,56.70000076293945,58.02000045776367,56.84000015258789,91993900.0,51.55780792236328
2011-03-02,57.5099983215332,56.790000915527344,56.810001373291016,57.13999938964844,61552900.0,51.829925537109375
2011-03-03,58.369998931884766,57.66999816894531,57.66999816894531,58.27000045776367,64146600.0,52.854915618896484
2011-03-04,58.2599983215332,57.59000015258789,58.25,57.970001220703125,62328400.0,52.58280563354492
2011-03-07,58.2599983215332,56.66999816894531,58.209999084472656,57.189998626708984,98470000.0,51.875282287597656
2011-03-08,57.68000030517578,56.77000045776367,57.119998931884766,57.41999816894531,62399100.0,52.08390808105469
2011-03-09,57.27000045776367,56.720001220703125,57.209999084472656,57.029998779296875,84764200.0,51.73015594482422
2011-03-10,56.52000045776367,55.90999984741211,56.38999938964844,56.13999938964844,102894400.0,50.92286682128906
2011-03-11,56.65999984741211,55.81999969482422,55.81999969482422,56.4900016784668,81679400.0,51.24034118652344
2011-03-14,56.59000015258789,55.86000061035156,56.18000030517578,56.290000915527344,73565800.0,51.05892562866211
2011-03-15,55.81999969482422,54.470001220703125,54.63999938964844,55.4900016784668,101276500.0,50.333255767822266
2011-03-16,55.34000015258789,53.77000045776367,55.029998779296875,54.150001525878906,176507700.0,49.11780548095703
2011-03-17,55.2400016784668,54.130001068115234,55.0099983215332,54.650001525878906,94434500.0,49.571327209472656
2011-03-18,55.220001220703125,54.40999984741211,55.220001220703125,54.45000076293945,94887200.0,49.45960235595703
2011-03-21,55.779998779296875,54.5,55.279998779296875,55.5,57423000.0,50.413368225097656
2011-03-22,55.61000061035156,55.279998779296875,55.58000183105469,55.400001525878906,36162100.0,50.322540283203125
2011-03-23,55.869998931884766,54.81999969482422,55.20000076293945,55.709999084472656,60365100.0,50.60411834716797
2011-03-24,56.81999969482422,55.81999969482422,56.130001068115234,56.70000076293945,69502400.0,51.50339126586914
2011-03-25,57.220001220703125,56.72999954223633,56.880001068115234,56.84000015258789,74131100.0,51.63056182861328
2011-03-28,57.099998474121094,56.5,57.09000015258789,56.529998779296875,37824000.0,51.34896469116211
2011-03-29,57.08000183105469,56.22999954223633,56.400001525878906,57.08000183105469,47994800.0,51.84856414794922
2011-03-30,57.43000030517578,57.08000183105469,57.36000061035156,57.349998474121094,44935900.0,52.09379959106445
2011-03-31,57.47999954223633,57.150001525878906,57.25,57.43000030517578,50004300.0,52.166481018066406
2011-04-01,57.900001525878906,57.290000915527344,57.720001220703125,57.459999084472656,68031800.0,52.1937255859375
2011-04-04,57.68000030517578,57.02000045776367,57.619998931884766,57.27000045776367,48659100.0,52.021148681640625
2011-04-05,57.4900016784668,57.0,57.15999984741211,57.119998931884766,55349400.0,51.884891510009766
2011-04-06,57.72999954223633,56.93000030517578,57.560001373291016,57.2599983215332,49532100.0,52.012054443359375
2011-04-07,57.599998474121094,56.810001373291016,57.2400016784668,57.220001220703125,60697000.0,51.975730895996094
2011-04-08,57.56999969482422,56.650001525878906,57.47999954223633,56.95000076293945,42782200.0,51.73048400878906
2011-04-11,57.290000915527344,56.560001373291016,57.16999816894531,56.7599983215332,42451700.0,51.557884216308594
2011-04-12,56.63999938964844,56.150001525878906,56.5,56.369998931884766,50422800.0,51.20363235473633
2011-04-13,57.0,56.400001525878906,56.790000915527344,56.849998474121094,49979800.0,51.6396598815918
2011-04-14,56.83000183105469,56.22999954223633,56.459999084472656,56.75,53544100.0,51.54880905151367
2011-04-15,56.869998931884766,56.279998779296875,56.529998779296875,56.650001525878906,68530000.0,51.45796203613281
2011-04-18,56.27000045776367,55.31999969482422,56.08000183105469,56.25,69065000.0,51.094642639160156
2011-04-19,56.599998474121094,56.099998474121094,56.400001525878906,56.599998474121094,38608400.0,51.41254425048828
2011-04-20,57.939998626708984,57.529998779296875,57.599998474121094,57.880001068115234,67397500.0,52.57525634765625
2011-04-21,58.470001220703125,58.15999984741211,58.439998626708984,58.34000015258789,43666800.0,52.993080139160156
2011-04-25,58.52000045776367,58.279998779296875,58.38999938964844,58.4900016784668,25376800.0,53.12933349609375
2011-04-26,59.029998779296875,58.5099983215332,58.63999938964844,58.81999969482422,49400000.0,53.4290885925293
2011-04-27,59.290000915527344,58.65999984741211,58.93000030517578,59.220001220703125,56465500.0,53.792423248291016
2011-04-28,59.22999954223633,58.880001068115234,59.040000915527344,59.130001068115234,48100000.0,53.7106819152832
2011-04-29,59.290000915527344,58.97999954223633,59.02000045776367,59.08000183105469,44831200.0,53.665252685546875
2011-05-02,59.34000015258789,58.81999969482422,59.16999816894531,58.970001220703125,48149400.0,53.565345764160156
2011-05-03,59.0,58.33000183105469,58.939998626708984,58.689998626708984,38100000.0,53.31099319458008
2011-05-04,58.869998931884766,58.11000061035156,58.720001220703125,58.599998474121094,53097200.0,53.229251861572266
2011-05-05,58.970001220703125,58.08000183105469,58.310001373291016,58.279998779296875,72200000.0,52.93858337402344
2011-05-06,59.20000076293945,58.310001373291016,58.86000061035156,58.470001220703125,72507000.0,53.111167907714844
2011-05-09,58.91999816894531,58.34000015258789,58.56999969482422,58.689998626708984,40022000.0,53.31099319458008
2011-05-10,59.279998779296875,58.779998779296875,58.86000061035156,59.189998626708984,38053600.0,53.76517868041992
2011-05-11,59.310001373291016,58.36000061035156,59.099998474121094,58.7599983215332,61900000.0,53.37459182739258
2011-05-12,59.189998626708984,58.2400016784668,58.58000183105469,59.11000061035156,66100000.0,53.6925163269043
2011-05-13,59.06999969482422,58.38999938964844,58.970001220703125,58.40999984741211,63506600.0,53.05666732788086
2011-05-16,58.31999969482422,57.27000045776367,58.13999938964844,57.400001525878906,73115300.0,52.13923263549805
2011-05-17,57.56999969482422,56.97999954223633,57.099998474121094,57.560001373291016,63136000.0,52.284568786621094
2011-05-18,58.13999938964844,57.40999984741211,57.47999954223633,58.040000915527344,42351100.0,52.720584869384766
2011-05-19,58.34000015258789,57.849998474121094,58.220001220703125,58.209999084472656,35015800.0,52.875
2011-05-20,58.209999084472656,57.689998626708984,58.150001525878906,57.77000045776367,44703300.0,52.47532272338867
2011-05-23,57.150001525878906,56.650001525878906,56.97999954223633,56.91999816894531,43700000.0,51.70322036743164
2011-05-24,57.06999969482422,56.560001373291016,57.060001373291016,56.56999969482422,39314800.0,51.38530731201172
2011-05-25,57.060001373291016,56.470001220703125,56.5,56.790000915527344,41369000.0,51.585140228271484
2011-05-26,57.29999923706055,56.61000061035156,56.619998931884766,57.13999938964844,40564100.0,51.9030647277832
2011-05-27,57.4900016784668,57.189998626708984,57.2400016784668,57.43000030517578,30127200.0,52.166481018066406
2011-05-31,58.36000061035156,57.66999816894531,57.970001220703125,58.36000061035156,47590100.0,53.011234283447266
2011-06-01,58.36000061035156,57.040000915527344,58.220001220703125,57.09000015258789,51795000.0,51.85765075683594
2011-06-02,57.40999984741211,56.88999938964844,57.20000076293945,57.209999084472656,50198100.0,51.96664047241211
2011-06-03,56.9900016784668,56.27000045776367,56.54999923706055,56.349998474121094,57773700.0,51.185462951660156
2011-06-06,56.529998779296875,55.86000061035156,56.220001220703125,55.88999938964844,50175600.0,50.76762771606445
2011-06-07,56.2599983215332,55.75,56.040000915527344,55.790000915527344,46311100.0,50.67678451538086
2011-06-08,55.77000045776367,55.22999954223633,55.66999816894531,55.38999938964844,46426400.0,50.31344223022461
2011-06-09,55.7599983215332,55.22999954223633,55.40999984741211,55.4900016784668,45307500.0,50.40427780151367
2011-06-10,55.34000015258789,54.59000015258789,55.22999954223633,54.63999938964844,53740600.0,49.6322021484375
2011-06-13,54.93000030517578,54.45000076293945,54.66999816894531,54.63999938964844,37736800.0,49.6322021484375
2011-06-14,55.470001220703125,55.029998779296875,55.060001373291016,55.34000015258789,40565300.0,50.26804733276367
2011-06-15,55.150001525878906,54.18000030517578,54.810001373291016,54.290000915527344,59022400.0,49.31427764892578
2011-06-16,54.5,53.619998931884766,54.31999969482422,54.08000183105469,66316200.0,49.12350845336914
2011-06-17,54.599998474121094,53.630001068115234,54.400001525878906,53.790000915527344,70337000.0,48.969661712646484
2011-06-20,54.22999954223633,53.63999938964844,53.63999938964844,54.06999969482422,37402900.0,49.22456741333008
2011-06-21,55.290000915527344,54.029998779296875,54.2599983215332,55.22999954223633,55892800.0,50.280609130859375
2011-06-22,55.31999969482422,54.81999969482422,55.0,54.83000183105469,36833300.0,49.91646194458008
2011-06-23,55.369998931884766,54.060001373291016,54.2400016784668,55.34000015258789,80743300.0,50.38076400756836
2011-06-24,55.130001068115234,54.27000045776367,55.08000183105469,54.380001068115234,56298300.0,49.506778717041016
2011-06-27,55.529998779296875,54.31999969482422,54.439998626708984,55.25,49968900.0,50.29882049560547
2011-06-28,56.08000183105469,55.290000915527344,55.369998931884766,56.06999969482422,47028800.0,51.04534149169922
2011-06-29,56.40999984741211,55.900001525878906,56.20000076293945,56.29999923706055,65407300.0,51.25471496582031
2011-06-30,57.09000015258789,56.470001220703125,56.5,57.04999923706055,50347200.0,51.937522888183594
2011-07-01,57.9900016784668,56.91999816894531,57.08000183105469,57.90999984741211,53203900.0,52.72045135498047
2011-07-05,58.2599983215332,57.83000183105469,57.970001220703125,58.20000076293945,43128800.0,52.98446273803711
2011-07-06,58.4900016784668,57.939998626708984,58.130001068115234,58.38999938964844,49282700.0,53.15742874145508
2011-07-07,59.36000061035156,58.7400016784668,58.83000183105469,59.189998626708984,54799800.0,53.88574981689453
2011-07-08,59.040000915527344,58.369998931884766,58.68000030517578,59.029998779296875,69519500.0,53.740081787109375
2011-07-11,58.709999084472656,57.7599983215332,58.40999984741211,57.959999084472656,52080800.0,52.765968322753906
2011-07-12,58.06999969482422,57.459999084472656,57.95000076293945,57.52000045776367,84000700.0,52.36540222167969
2011-07-13,58.34000015258789,57.54999923706055,57.939998626708984,57.7599983215332,82378100.0,52.583885192871094
2011-07-14,58.18000030517578,56.869998931884766,57.90999984741211,57.09000015258789,98774200.0,51.97393798828125
2011-07-15,57.849998474121094,57.310001373291016,57.72999954223633,57.849998474121094,68281500.0,52.66584014892578
2011-07-18,57.790000915527344,56.97999954223633,57.529998779296875,57.540000915527344,59512200.0,52.38359451293945
2011-07-19,58.900001525878906,58.09000015258789,58.09000015258789,58.849998474121094,73904600.0,53.576194763183594
2011-07-20,59.189998626708984,58.5,59.18000030517578,58.599998474121094,57085500.0,53.34861755371094
2011-07-21,59.31999969482422,58.34000015258789,58.65999984741211,58.9900016784668,70148800.0,53.70367431640625
2011-07-22,59.70000076293945,58.91999816894531,58.959999084472656,59.599998474121094,43620400.0,54.259002685546875
2011-07-25,59.810001373291016,59.02000045776367,59.130001068115234,59.47999954223633,48916100.0,54.14975357055664
2011-07-26,59.83000183105469,59.31999969482422,59.439998626708984,59.630001068115234,40918900.0,54.28631591796875
2011-07-27,59.290000915527344,57.939998626708984,59.2400016784668,58.09000015258789,83969500.0,52.88432693481445
2011-07-28,58.93000030517578,57.88999938964844,58.119998931884766,58.189998626708984,61031900.0,52.97534942626953
2011-07-29,58.61000061035156,57.439998626708984,57.720001220703125,58.0,82860500.0,52.80238342285156
2011-08-01,58.81999969482422,57.029998779296875,58.70000076293945,57.72999954223633,85421100.0,52.55658721923828
2011-08-02,57.720001220703125,56.209999084472656,57.459999084472656,56.27000045776367,90853300.0,51.2274169921875
2011-08-03,56.880001068115234,55.349998474121094,56.34000015258789,56.810001373291016,103612300.0,51.719032287597656
2011-08-04,56.09000015258789,54.16999816894531,56.0,54.16999816894531,132830000.0,49.31561279296875
2011-08-05,55.029998779296875,52.31999969482422,54.720001220703125,53.83000183105469,214111800.0,49.00606918334961
2011-08-08,53.119998931884766,50.59000015258789,52.18000030517578,50.59000015258789,204804500.0,46.056427001953125
2011-08-09,53.08000183105469,49.93000030517578,51.349998474121094,53.029998779296875,193707100.0,48.27776336669922
2011-08-10,53.040000915527344,50.79999923706055,51.83000183105469,50.86000061035156,205917900.0,46.30221939086914
2011-08-11,53.689998626708984,51.34000015258789,51.59000015258789,53.099998474121094,143825300.0,48.34149932861328
2011-08-12,53.900001525878906,52.880001068115234,53.43000030517578,53.56999969482422,90483300.0,48.769378662109375
2011-08-15,54.36000061035156,53.529998779296875,53.790000915527344,54.36000061035156,73554300.0,49.488582611083984
2011-08-16,54.349998474121094,53.18000030517578,53.83000183105469,53.900001525878906,89219200.0,49.06979751586914
2011-08-17,54.41999816894531,53.02000045776367,53.970001220703125,53.58000183105469,84416600.0,48.77848815917969
2011-08-18,52.13999938964844,50.47999954223633,52.130001068115234,50.95000076293945,130019400.0,46.38416290283203
2011-08-19,51.66999816894531,49.9900016784668,50.41999816894531,50.029998779296875,96674600.0,45.546607971191406
2011-08-22,51.2400016784668,50.060001373291016,51.22999954223633,50.209999084472656,77107700.0,45.710487365722656
2011-08-23,52.279998779296875,50.34000015258789,50.54999923706055,52.279998779296875,75688400.0,47.594974517822266
2011-08-24,52.790000915527344,51.709999084472656,52.130001068115234,52.689998626708984,80197700.0,47.968238830566406
2011-08-25,52.900001525878906,51.650001525878906,52.65999984741211,51.83000183105469,93623700.0,47.185306549072266
2011-08-26,53.310001373291016,51.150001525878906,51.65999984741211,53.130001068115234,91573300.0,48.368804931640625
2011-08-29,54.66999816894531,53.63999938964844,53.65999984741211,54.61000061035156,45985800.0,49.716182708740234
2011-08-30,55.29999923706055,54.11000061035156,54.40999984741211,54.970001220703125,61617900.0,50.04391860961914
2011-08-31,55.7400016784668,54.599998474121094,55.29999923706055,55.060001373291016,60900400.0,50.1258430480957
2011-09-01,55.63999938964844,54.459999084472656,55.20000076293945,54.560001373291016,57158400.0,49.67066192626953
2011-09-02,54.61000061035156,52.9900016784668,53.58000183105469,53.279998779296875,58185700.0,48.50537872314453
2011-09-06,53.369998931884766,51.90999984741211,52.040000915527344,53.290000915527344,52992200.0,48.514461517333984
2011-09-07,54.650001525878906,53.900001525878906,54.04999923706055,54.63999938964844,48952200.0,49.743499755859375
2011-09-08,55.16999816894531,54.209999084472656,54.36000061035156,54.38999938964844,61422800.0,49.51589584350586
2011-09-09,54.2400016784668,52.849998474121094,54.0099983215332,53.18000030517578,63663500.0,48.41432189941406
2011-09-12,53.900001525878906,52.56999969482422,52.59000015258789,53.86000061035156,65973000.0,49.03339385986328
2011-09-13,54.689998626708984,53.79999923706055,54.060001373291016,54.58000183105469,59020000.0,49.688865661621094
2011-09-14,55.97999954223633,54.31999969482422,54.86000061035156,55.36000061035156,90757300.0,50.398963928222656
2011-09-15,56.279998779296875,55.38999938964844,55.959999084472656,56.18000030517578,83536100.0,51.145477294921875
2011-09-16,56.650001525878906,56.09000015258789,56.20000076293945,56.59000015258789,91902100.0,51.614288330078125
2011-09-19,56.90999984741211,55.43000030517578,55.88999938964844,56.61000061035156,73042900.0,51.632530212402344
2011-09-20,57.349998474121094,56.22999954223633,56.900001525878906,56.36000061035156,66570100.0,51.40450668334961
2011-09-21,56.93000030517578,55.369998931884766,56.650001525878906,55.380001068115234,79938000.0,50.51068115234375
2011-09-22,54.459999084472656,52.75,53.970001220703125,53.58000183105469,151885500.0,48.86894989013672
2011-09-23,54.380001068115234,53.09000015258789,53.130001068115234,54.150001525878906,85940600.0,49.38883590698242
2011-09-26,54.880001068115234,53.209999084472656,54.41999816894531,54.779998779296875,96261400.0,49.963436126708984
2011-09-27,56.20000076293945,54.97999954223633,55.709999084472656,55.349998474121094,81148600.0,50.48331832885742
2011-09-28,55.970001220703125,54.400001525878906,55.59000015258789,54.529998779296875,76757100.0,49.73541259765625
2011-09-29,55.43000030517578,52.970001220703125,55.36000061035156,53.880001068115234,116900200.0,49.142574310302734
2011-09-30,53.61000061035156,52.459999084472656,53.15999984741211,52.4900016784668,104870100.0,47.874794006347656
2011-10-03,52.849998474121094,51.11000061035156,52.02000045776367,51.13999938964844,99149500.0,46.64349365234375
2011-10-04,52.290000915527344,50.099998474121094,50.619998931884766,52.189998626708984,137013700.0,47.601165771484375
2011-10-05,53.68000030517578,51.65999984741211,52.060001373291016,53.529998779296875,108825700.0,48.823326110839844
2011-10-06,54.439998626708984,53.209999084472656,53.459999084472656,54.43000030517578,71939200.0,49.64421463012695
2011-10-07,54.65999984741211,53.720001220703125,54.400001525878906,54.06999969482422,72525200.0,49.31586456298828
2011-10-10,55.939998626708984,54.88999938964844,54.9900016784668,55.939998626708984,48230200.0,51.02143859863281
2011-10-11,56.459999084472656,55.70000076293945,55.790000915527344,56.31999969482422,66449100.0,51.36802673339844
2011-10-12,57.22999954223633,56.560001373291016,56.86000061035156,56.599998474121094,85627600.0,51.6234016418457
2011-10-13,57.189998626708984,56.43000030517578,56.4900016784668,57.119998931884766,63443700.0,52.09769058227539
2011-10-14,58.189998626708984,57.5099983215332,57.81999969482422,58.18000030517578,65643600.0,53.06448745727539
2011-10-17,58.09000015258789,56.970001220703125,57.90999984741211,57.279998779296875,65161300.0,52.24361801147461
2011-10-18,58.290000915527344,56.65999984741211,57.189998626708984,57.9900016784668,91434600.0,52.891197204589844
2011-10-19,57.849998474121094,56.68000030517578,57.66999816894531,56.869998931884766,67639400.0,51.86968231201172
2011-10-20,56.91999816894531,55.790000915527344,56.86000061035156,56.59000015258789,80378300.0,51.614288330078125
2011-10-21,57.65999984741211,56.779998779296875,57.189998626708984,57.29999923706055,60455800.0,52.261863708496094
2011-10-24,58.650001525878906,57.310001373291016,57.5099983215332,58.4900016784668,61449500.0,53.347225189208984
2011-10-25,58.31999969482422,57.220001220703125,58.29999923706055,57.34000015258789,65299200.0,52.29835510253906
2011-10-26,57.779998779296875,56.209999084472656,57.65999984741211,57.27000045776367,98193800.0,52.2344970703125
2011-10-27,59.20000076293945,58.029998779296875,58.63999938964844,58.849998474121094,104455500.0,53.67555618286133
2011-10-28,59.0099983215332,58.5,58.52000045776367,58.939998626708984,42950000.0,53.75766372680664
2011-10-31,58.63999938964844,57.90999984741211,58.43000030517578,57.95000076293945,60520200.0,52.854713439941406
2011-11-01,57.90999984741211,56.119998931884766,56.52000045776367,56.439998626708984,99933000.0,51.477474212646484
2011-11-02,57.15999984741211,56.380001068115234,57.029998779296875,56.91999816894531,65003800.0,51.91526412963867
2011-11-03,58.18000030517578,56.709999084472656,57.369998931884766,58.099998474121094,78994200.0,52.991519927978516
2011-11-04,58.04999923706055,57.220001220703125,57.81999969482422,57.79999923706055,61527800.0,52.71790313720703
2011-11-07,58.25,57.16999816894531,57.7599983215332,58.209999084472656,65559000.0,53.09185028076172
2011-11-08,58.97999954223633,57.970001220703125,58.630001068115234,58.880001068115234,62906900.0,53.70294952392578
2011-11-09,57.83000183105469,56.630001068115234,57.7400016784668,56.810001373291016,69539000.0,51.81494903564453
2011-11-10,57.41999816894531,56.22999954223633,57.369998931884766,56.779998779296875,66052400.0,51.78758239746094
2011-11-11,58.02000045776367,57.20000076293945,57.27000045776367,57.849998474121094,54471000.0,52.76351547241211
2011-11-14,58.0099983215332,57.279998779296875,57.689998626708984,57.4900016784668,44617600.0,52.435157775878906
2011-11-15,58.36000061035156,57.2599983215332,57.31999969482422,58.130001068115234,52203900.0,53.01888656616211
2011-11-16,58.15999984741211,57.060001373291016,57.709999084472656,57.16999816894531,68342800.0,52.14329147338867
2011-11-17,57.040000915527344,55.47999954223633,57.02000045776367,55.83000183105469,101706900.0,50.92111587524414
2011-11-18,55.900001525878906,55.29999923706055,55.84000015258789,55.400001525878906,60417000.0,50.52892303466797
2011-11-21,54.72999954223633,53.779998779296875,54.650001525878906,54.34000015258789,52283700.0,49.5621223449707
2011-11-22,54.68000030517578,53.869998931884766,54.20000076293945,54.52000045776367,51940100.0,49.72629928588867
2011-11-23,54.16999816894531,53.2599983215332,54.11000061035156,53.290000915527344,48437300.0,48.60444259643555
2011-11-25,53.66999816894531,52.869998931884766,53.060001373291016,52.880001068115234,25448100.0,48.23048782348633
2011-11-28,54.790000915527344,54.13999938964844,54.16999816894531,54.720001220703125,46710700.0,49.90871047973633
2011-11-29,55.099998474121094,54.220001220703125,54.689998626708984,54.380001068115234,52056700.0,49.59859085083008
2011-11-30,56.439998626708984,55.66999816894531,55.86000061035156,56.38999938964844,66918600.0,51.43186950683594
2011-12-01,56.93000030517578,56.349998474121094,56.380001068115234,56.779998779296875,45362200.0,51.78758239746094
2011-12-02,57.34000015258789,56.56999969482422,57.34000015258789,56.619998931884766,36938900.0,51.64165496826172
2011-12-05,57.619998931884766,56.91999816894531,57.470001220703125,57.2400016784668,40492200.0,52.207130432128906
2011-12-06,57.45000076293945,56.88999938964844,57.290000915527344,57.08000183105469,38670000.0,52.06120681762695
2011-12-07,57.34000015258789,56.349998474121094,56.91999816894531,57.08000183105469,44576200.0,52.06120681762695
2011-12-08,57.150001525878906,56.0099983215332,56.709999084472656,56.119998931884766,51692600.0,51.18560791015625
2011-12-09,57.189998626708984,56.2400016784668,56.2599983215332,57.02000045776367,55757900.0,52.00648498535156
2011-12-12,57.0099983215332,55.900001525878906,56.41999816894531,56.380001068115234,55411700.0,51.42274856567383
2011-12-13,56.97999954223633,55.529998779296875,56.75,55.7599983215332,68557700.0,50.85727310180664
2011-12-14,55.59000015258789,54.58000183105469,55.54999923706055,54.88999938964844,63682800.0,50.063758850097656
2011-12-15,55.41999816894531,54.65999984741211,55.36000061035156,54.7400016784668,58732900.0,49.92695236206055
2011-12-16,55.61000061035156,54.77000045776367,54.869998931884766,54.86000061035156,60978900.0,50.18400955200195
2011-12-19,55.20000076293945,54.16999816894531,55.06999969482422,54.31999969482422,46733900.0,49.69002151489258
2011-12-20,56.0,55.16999816894531,55.20000076293945,55.93000030517578,81758800.0,51.16279602050781
2011-12-21,55.63999938964844,54.4900016784668,55.599998474121094,55.130001068115234,78552300.0,50.430992126464844
2011-12-22,55.630001068115234,55.16999816894531,55.25,55.599998474121094,40334100.0,50.86091995239258
2011-12-23,56.08000183105469,55.58000183105469,55.709999084472656,56.08000183105469,26594600.0,51.30002212524414
2011-12-27,56.41999816894531,55.93000030517578,55.9900016784668,56.2400016784668,21443500.0,51.49137496948242
2011-12-28,56.2599983215332,55.439998626708984,56.16999816894531,55.59000015258789,38180100.0,50.896244049072266
2011-12-29,56.029998779296875,55.5,55.68000030517578,55.9900016784668,28077900.0,51.26247787475586
2011-12-30,56.119998931884766,55.81999969482422,55.869998931884766,55.83000183105469,21832400.0,51.11598205566406
2012-01-03,57.189998626708984,56.75,56.90999984741211,56.900001525878906,39514100.0,52.095645904541016
2012-01-04,57.220001220703125,56.560001373291016,56.810001373291016,57.13999938964844,29403400.0,52.31538009643555
2012-01-05,57.65999984741211,56.79999923706055,57.02000045776367,57.61000061035156,41260600.0,52.74569320678711
2012-01-06,57.939998626708984,57.400001525878906,57.619998931884766,57.810001373291016,46325200.0,52.928810119628906
2012-01-09,57.97999954223633,57.43000030517578,57.959999084472656,57.619998931884766,39195500.0,52.75484085083008
2012-01-10,58.400001525878906,57.63999938964844,58.22999954223633,58.040000915527344,35949900.0,53.13938522338867
2012-01-11,58.290000915527344,57.810001373291016,58.029998779296875,58.15999984741211,37144100.0,53.2492561340332
2012-01-12,58.470001220703125,57.86000061035156,58.290000915527344,58.38999938964844,26188300.0,53.45983123779297
2012-01-13,58.20000076293945,57.68000030517578,58.08000183105469,58.18000030517578,35980400.0,53.2675666809082
2012-01-17,58.959999084472656,58.4900016784668,58.689998626708984,58.709999084472656,41790800.0,53.752811431884766
2012-01-18,59.4900016784668,58.68000030517578,58.81999969482422,59.4900016784668,48692700.0,54.46694564819336
2012-01-19,59.970001220703125,59.650001525878906,59.7599983215332,59.86000061035156,47774500.0,54.80570602416992
2012-01-20,59.79999923706055,59.560001373291016,59.599998474121094,59.77000045776367,41041700.0,54.72332000732422
2012-01-23,60.209999084472656,59.439998626708984,59.779998779296875,59.790000915527344,40958300.0,54.74161911010742
2012-01-24,59.84000015258789,59.40999984741211,59.52000045776367,59.68000030517578,38440200.0,54.64091110229492
2012-01-25,60.58000183105469,59.83000183105469,60.2599983215332,60.43000030517578,61591800.0,55.32758331298828
2012-01-26,60.79999923706055,59.93000030517578,60.689998626708984,60.220001220703125,37852700.0,55.13532257080078
2012-01-27,60.5099983215332,60.060001373291016,60.09000015258789,60.400001525878906,45532300.0,55.30012893676758
2012-01-30,60.540000915527344,59.65999984741211,59.88999938964844,60.45000076293945,42797800.0,55.345890045166016
2012-01-31,60.86000061035156,60.13999938964844,60.75,60.529998779296875,51449600.0,55.419132232666016
2012-02-01,61.2400016784668,60.65999984741211,60.880001068115234,61.02000045776367,46146700.0,55.86777114868164
2012-02-02,61.40999984741211,60.970001220703125,61.220001220703125,61.209999084472656,46373600.0,56.04172134399414
2012-02-03,62.119998931884766,61.68000030517578,61.779998779296875,62.04999923706055,36453800.0,56.810787200927734
2012-02-06,62.02000045776367,61.65999984741211,61.81999969482422,62.0,28541300.0,56.76502227783203
2012-02-07,62.25,61.66999816894531,61.95000076293945,62.130001068115234,37935700.0,56.88404083251953
2012-02-08,62.459999084472656,61.90999984741211,62.13999938964844,62.459999084472656,41171100.0,57.18619155883789
2012-02-09,62.97999954223633,62.31999969482422,62.70000076293945,62.90999984741211,46856400.0,57.59818649291992
2012-02-10,62.63999938964844,62.25,62.459999084472656,62.470001220703125,58090500.0,57.195343017578125
2012-02-13,63.130001068115234,62.650001525878906,62.939998626708984,63.04999923706055,36810200.0,57.72635269165039
2012-02-14,63.220001220703125,62.689998626708984,62.90999984741211,63.209999084472656,51648200.0,57.872859954833984
2012-02-15,63.86000061035156,62.66999816894531,63.5099983215332,62.77000045776367,105709100.0,57.47002029418945
2012-02-16,63.70000076293945,62.630001068115234,62.790000915527344,63.630001068115234,83642300.0,58.25739669799805
2012-02-17,63.689998626708984,63.150001525878906,63.63999938964844,63.43000030517578,76112300.0,58.074275970458984
2012-02-21,63.88999938964844,63.209999084472656,63.5,63.61000061035156,38141300.0,58.23908615112305
2012-02-22,63.68000030517578,63.22999954223633,63.4900016784668,63.31999969482422,43174700.0,57.97356414794922
2012-02-23,63.810001373291016,63.09000015258789,63.400001525878906,63.7400016784668,54250000.0,58.35810089111328
2012-02-24,64.06999969482422,63.79999923706055,63.91999816894531,63.959999084472656,41364900.0,58.55953598022461
2012-02-27,64.26000213623047,63.33000183105469,63.61000061035156,64.05000305175781,42678500.0,58.64194107055664
2012-02-28,64.69999694824219,64.02999877929688,64.11000061035156,64.69999694824219,43717500.0,59.2370491027832
2012-02-29,64.95999908447266,64.19999694824219,64.75,64.41000366210938,59784400.0,58.97154235839844
2012-03-01,64.9800033569336,64.45999908447266,64.6500015258789,64.91999816894531,67558900.0,59.4384765625
2012-03-02,65.08000183105469,64.66000366210938,64.83000183105469,64.87000274658203,33358200.0,59.39269256591797
2012-03-05,64.91000366210938,63.9900016784668,64.83000183105469,64.19999694824219,45788800.0,58.77925491333008
2012-03-06,63.720001220703125,63.22999954223633,63.56999969482422,63.56999969482422,54638600.0,58.20246505737305
2012-03-07,64.20999908447266,63.77000045776367,63.869998931884766,64.05999755859375,42741800.0,58.65107727050781
2012-03-08,64.94000244140625,64.30000305175781,64.44000244140625,64.75,43711100.0,59.282806396484375
2012-03-09,65.13999938964844,64.81999969482422,64.86000061035156,65.0199966430664,43117200.0,59.530025482177734
2012-03-12,65.11000061035156,64.72000122070312,65.0,65.05000305175781,32687300.0,59.55750274658203
2012-03-13,66.26000213623047,65.2699966430664,65.4000015258789,66.26000213623047,61559100.0,60.66533279418945
2012-03-14,66.73999786376953,66.08000183105469,66.33000183105469,66.48999786376953,59926900.0,60.87592315673828
2012-03-15,66.81999969482422,66.3499984741211,66.69000244140625,66.68000030517578,65531200.0,61.04987335205078
2012-03-16,66.66999816894531,66.36000061035156,66.66999816894531,66.5199966430664,53023100.0,61.00677490234375
2012-03-19,67.1500015258789,66.44999694824219,66.62999725341797,66.98999786376953,60966200.0,61.43781280517578
2012-03-20,67.18000030517578,66.45999908447266,66.63999938964844,67.11000061035156,47290600.0,61.54787063598633
2012-03-21,67.48999786376953,67.02999877929688,67.12000274658203,67.12000274658203,39648100.0,61.55704116821289
2012-03-22,67.13999938964844,66.68000030517578,66.72000122070312,66.9800033569336,56953900.0,61.42863464355469
2012-03-23,67.08000183105469,66.55999755859375,67.05999755859375,66.94000244140625,45541700.0,61.3919563293457
2012-03-26,68.11000061035156,67.33000183105469,67.38999938964844,68.11000061035156,40855300.0,62.464988708496094
2012-03-27,68.48999786376953,68.12999725341797,68.16000366210938,68.20999908447266,37278200.0,62.556678771972656
2012-03-28,68.51000213623047,67.54000091552734,68.25,67.94000244140625,44421900.0,62.30907440185547
2012-03-29,67.93000030517578,67.19999694824219,67.5999984741211,67.68000030517578,53975300.0,62.070613861083984
2012-03-30,68.0199966430664,67.27999877929688,67.9800033569336,67.55000305175781,39480900.0,61.95139694213867
2012-04-02,68.33999633789062,67.36000061035156,67.4800033569336,68.25,40031600.0,62.59336471557617
2012-04-03,68.55000305175781,67.8499984741211,68.30999755859375,68.2300033569336,45539900.0,62.575035095214844
2012-04-04,67.76000213623047,66.91000366210938,67.72000122070312,67.30000305175781,54088100.0,61.72212219238281
2012-04-05,67.77999877929688,67.12999725341797,67.18000030517578,67.72000122070312,42979900.0,62.107295989990234
2012-04-09,67.4800033569336,66.76000213623047,66.87999725341797,67.20999908447266,36908200.0,61.63957595825195
2012-04-10,67.44000244140625,65.91999816894531,67.18000030517578,66.12999725341797,69254200.0,60.649085998535156
2012-04-11,66.88999938964844,66.27999877929688,66.70999908447266,66.44999694824219,62950000.0,60.94255065917969
2012-04-12,67.27999877929688,66.4800033569336,66.58000183105469,67.20999908447266,57407400.0,61.63957595825195
2012-04-13,67.19999694824219,66.16000366210938,66.9800033569336,66.19000244140625,55227500.0,60.704132080078125
2012-04-16,66.55999755859375,65.23999786376953,66.5199966430664,65.44999694824219,57588000.0,60.02544021606445
2012-04-17,66.98999786376953,65.62999725341797,65.7300033569336,66.77999877929688,47362400.0,61.245208740234375
2012-04-18,67.0,66.41000366210938,66.58999633789062,66.61000061035156,42536100.0,61.08930206298828
2012-04-19,67.16999816894531,65.62000274658203,66.37000274658203,65.86000061035156,81110900.0,60.4014778137207
2012-04-20,66.51000213623047,65.58000183105469,66.22000122070312,65.68000030517578,59906900.0,60.23639678955078
2012-04-23,65.18000030517578,64.48999786376953,65.05999755859375,65.08000183105469,70514400.0,59.68610763549805
2012-04-24,65.2300033569336,64.44999694824219,64.95999908447266,64.7300033569336,49661500.0,59.36512756347656
2012-04-25,66.48999786376953,65.97000122070312,66.06999969482422,66.44999694824219,57526900.0,60.94255065917969
2012-04-26,66.98999786376953,66.3499984741211,66.44000244140625,66.83999633789062,41799500.0,61.30023956298828
2012-04-27,67.44999694824219,66.7699966430664,67.12000274658203,67.23999786376953,46003800.0,61.66706848144531
2012-04-30,67.16999816894531,66.70999908447266,67.04000091552734,66.76000213623047,37787700.0,61.226871490478516
2012-05-01,67.62999725341797,66.58999633789062,66.69000244140625,66.87000274658203,37643800.0,61.32773208618164
2012-05-02,67.11000061035156,66.37999725341797,66.54000091552734,67.05999755859375,38299300.0,61.50200653076172
2012-05-03,67.1500015258789,66.18000030517578,67.0999984741211,66.3499984741211,51297600.0,60.85084533691406
2012-05-04,66.3499984741211,64.69000244140625,65.73999786376953,64.69999694824219,107554000.0,59.337608337402344
2012-05-07,65.06999969482422,64.29000091552734,64.30999755859375,64.76000213623047,50267800.0,59.39263916015625
2012-05-08,64.73999786376953,63.47999954223633,64.3499984741211,64.5199966430664,72659700.0,59.172523498535156
2012-05-09,64.68000030517578,63.5099983215332,63.77000045776367,64.31999969482422,85715300.0,58.98910140991211
2012-05-10,64.62999725341797,63.95000076293945,64.61000061035156,64.19000244140625,49448900.0,58.869873046875
2012-05-11,64.86000061035156,63.90999984741211,63.970001220703125,64.18000030517578,47099900.0,58.86069869995117
2012-05-14,64.08000183105469,63.47999954223633,63.630001068115234,63.58000183105469,46360000.0,58.3104362487793
2012-05-15,64.2699966430664,63.2599983215332,63.75,63.369998931884766,66908600.0,58.11783981323242
2012-05-16,63.779998779296875,62.810001373291016,63.59000015258789,62.939998626708984,52825900.0,57.72347640991211
2012-05-17,63.060001373291016,61.599998474121094,62.959999084472656,61.61000061035156,62253900.0,56.50370407104492
2012-05-18,61.959999084472656,60.7599983215332,61.79999923706055,60.810001373291016,79496500.0,55.77001190185547
2012-05-21,62.56999969482422,60.849998474121094,60.93000030517578,62.5099983215332,61473000.0,57.3291015625
2012-05-22,62.95000076293945,61.9900016784668,62.689998626708984,62.439998626708984,62954800.0,57.264915466308594
2012-05-23,62.709999084472656,61.369998931884766,61.90999984741211,62.560001373291016,56951100.0,57.37495803833008
2012-05-24,62.709999084472656,61.689998626708984,62.650001525878906,62.150001525878906,83131200.0,56.99893569946289
2012-05-25,62.31999969482422,61.88999938964844,62.209999084472656,62.06999969482422,32078900.0,56.925567626953125
2012-05-29,63.150001525878906,62.279998779296875,62.650001525878906,62.86000061035156,44216700.0,57.65010070800781
2012-05-30,62.54999923706055,61.68000030517578,62.290000915527344,62.33000183105469,56431800.0,57.16403579711914
2012-05-31,62.40999984741211,61.59000015258789,62.25,62.060001373291016,55260100.0,56.916419982910156
2012-06-01,61.31999969482422,60.38999938964844,60.939998626708984,60.40999984741211,71430800.0,55.40315628051758
2012-06-04,60.959999084472656,60.040000915527344,60.58000183105469,60.869998931884766,74119500.0,55.82503128051758
2012-06-05,61.2400016784668,60.630001068115234,60.65999984741211,61.119998931884766,47916900.0,56.054325103759766
2012-06-06,62.56999969482422,61.52000045776367,61.58000183105469,62.52000045776367,58781800.0,57.33829879760742
2012-06-07,63.18000030517578,62.220001220703125,63.18000030517578,62.27000045776367,38414800.0,57.10901641845703
2012-06-08,62.95000076293945,61.959999084472656,62.16999816894531,62.869998931884766,39730800.0,57.65927505493164
2012-06-11,63.380001068115234,61.77000045776367,63.349998474121094,61.810001373291016,51008900.0,56.68714141845703
2012-06-12,62.59000015258789,61.68000030517578,62.099998474121094,62.560001373291016,48802600.0,57.37495803833008
2012-06-13,62.849998474121094,61.91999816894531,62.380001068115234,62.130001068115234,50840100.0,56.9806022644043
2012-06-14,62.61000061035156,61.79999923706055,62.119998931884766,62.36000061035156,65170600.0,57.19156265258789
2012-06-15,63.08000183105469,62.36000061035156,62.38999938964844,62.9900016784668,41536100.0,57.902103424072266
2012-06-18,63.7400016784668,62.630001068115234,62.72999954223633,63.58000183105469,32191200.0,58.444454193115234
2012-06-19,64.51000213623047,63.849998474121094,63.900001525878906,64.23999786376953,36476500.0,59.0511360168457
2012-06-20,64.56999969482422,63.810001373291016,64.37999725341797,64.29000091552734,51389700.0,59.09709930419922
2012-06-21,64.30999755859375,62.619998931884766,64.23999786376953,62.689998626708984,42492700.0,57.6263427734375
2012-06-22,63.43000030517578,62.72999954223633,62.900001525878906,63.349998474121094,29504200.0,58.2330322265625
2012-06-25,62.849998474121094,61.95000076293945,62.83000183105469,62.130001068115234,33136400.0,57.11156463623047
2012-06-26,62.70000076293945,62.060001373291016,62.34000015258789,62.52000045776367,30611100.0,57.4700813293457
2012-06-27,63.18000030517578,62.689998626708984,62.7599983215332,62.900001525878906,35705800.0,57.819374084472656
2012-06-28,62.470001220703125,61.540000915527344,62.43000030517578,62.20000076293945,49793400.0,57.17591857910156
2012-06-29,64.16000366210938,63.209999084472656,63.400001525878906,64.16000366210938,44761300.0,58.977603912353516
2012-07-02,64.37999725341797,63.869998931884766,64.25,64.3499984741211,33425600.0,59.15226745605469
2012-07-03,64.88999938964844,64.29000091552734,64.38999938964844,64.88999938964844,15895100.0,59.64864730834961
2012-07-05,65.25,64.4800033569336,64.83000183105469,64.93000030517578,37016200.0,59.685394287109375
2012-07-06,64.69000244140625,63.650001525878906,64.62999725341797,64.12000274658203,40684100.0,58.94083023071289
2012-07-09,64.26000213623047,63.68000030517578,64.05000305175781,64.0,35628300.0,58.830535888671875
2012-07-10,64.51000213623047,63.119998931884766,64.3499984741211,63.369998931884766,47365700.0,58.25141906738281
2012-07-11,63.459999084472656,62.5,63.290000915527344,63.02000045776367,43432000.0,57.92969512939453
2012-07-12,62.689998626708984,61.86000061035156,62.52000045776367,62.43000030517578,57680400.0,57.3873405456543
2012-07-13,63.52000045776367,62.560001373291016,62.599998474121094,63.380001068115234,32357200.0,58.260597229003906
2012-07-16,63.52000045776367,62.95000076293945,63.2400016784668,63.20000076293945,27621400.0,58.09514617919922
2012-07-17,63.7400016784668,62.630001068115234,63.599998474121094,63.529998779296875,42467800.0,58.39848709106445
2012-07-18,64.58000183105469,63.38999938964844,63.40999984741211,64.38999938964844,44489700.0,59.18903350830078
2012-07-19,65.30999755859375,64.72000122070312,64.83999633789062,65.0999984741211,53017800.0,59.8416748046875
2012-07-20,65.0999984741211,64.20999908447266,65.08000183105469,64.23999786376953,40573100.0,59.0511360168457
2012-07-23,63.68000030517578,62.5099983215332,62.9900016784668,63.459999084472656,48657800.0,58.33414077758789
2012-07-24,63.65999984741211,62.54999923706055,63.56999969482422,62.959999084472656,57269700.0,57.87452697753906
2012-07-25,62.95000076293945,62.150001525878906,62.470001220703125,62.540000915527344,46264400.0,57.48844909667969
2012-07-26,63.72999954223633,62.970001220703125,63.439998626708984,63.369998931884766,41928200.0,58.25141906738281
2012-07-27,64.98999786376953,63.63999938964844,63.83000183105469,64.87000274658203,42621000.0,59.63025665283203
2012-07-30,65.30999755859375,64.5999984741211,65.02999877929688,64.81999969482422,37821300.0,59.584293365478516
2012-07-31,65.18000030517578,64.73999786376953,64.91999816894531,64.80000305175781,34588300.0,59.56592559814453
2012-08-01,65.27999877929688,64.3499984741211,65.26000213623047,64.61000061035156,30920200.0,59.391265869140625
2012-08-02,65.0199966430664,63.90999984741211,64.12000274658203,64.37999725341797,40534900.0,59.17982482910156
2012-08-03,65.87999725341797,65.19000244140625,65.41999816894531,65.5999984741211,42117400.0,60.301292419433594
2012-08-06,66.38999938964844,65.80000305175781,65.94000244140625,66.0999984741211,23523600.0,60.76089859008789
2012-08-07,66.91999816894531,66.27999877929688,66.37999725341797,66.6500015258789,28223300.0,61.2664794921875
2012-08-08,66.76000213623047,66.37000274658203,66.4800033569336,66.62000274658203,20723500.0,61.2388916015625
2012-08-09,66.91000366210938,66.48999786376953,66.61000061035156,66.81999969482422,20726200.0,61.42274856567383
2012-08-10,66.87999725341797,66.41000366210938,66.58000183105469,66.86000061035156,20312000.0,61.45950698852539
2012-08-13,67.02999877929688,66.5,66.83999633789062,67.0199966430664,19890300.0,61.606597900390625
2012-08-14,67.41000366210938,66.86000061035156,67.2699966430664,67.05000305175781,24218700.0,61.63416290283203
2012-08-15,67.31999969482422,66.98999786376953,67.0,67.22000122070312,29100400.0,61.790428161621094
2012-08-16,68.16999816894531,67.38999938964844,67.47000122070312,68.0199966430664,35699900.0,62.525821685791016
2012-08-17,68.33000183105469,68.01000213623047,68.16999816894531,68.31999969482422,22584800.0,62.801597595214844
2012-08-20,68.43000030517578,68.0,68.2699966430664,68.41999816894531,26924000.0,62.89351272583008
2012-08-21,68.87999725341797,67.87999725341797,68.5999984741211,68.1500015258789,41391000.0,62.645328521728516
2012-08-22,68.55999755859375,67.80999755859375,68.0,68.43000030517578,44555700.0,62.9027214050293
2012-08-23,68.33999633789062,67.69000244140625,68.12000274658203,67.87000274658203,28800400.0,62.387943267822266
2012-08-24,68.44999694824219,67.5999984741211,67.70999908447266,68.29000091552734,38384800.0,62.774009704589844
2012-08-27,68.66999816894531,68.25,68.58000183105469,68.4000015258789,20671400.0,62.8751335144043
2012-08-28,68.58999633789062,68.11000061035156,68.33999633789062,68.4000015258789,27337900.0,62.8751335144043
2012-08-29,68.56999969482422,68.11000061035156,68.4000015258789,68.4000015258789,26672400.0,62.8751335144043
2012-08-30,68.12999725341797,67.5999984741211,68.0999984741211,67.70999908447266,24425400.0,62.24085235595703
2012-08-31,68.44999694824219,67.47000122070312,68.19999694824219,68.16000366210938,42128000.0,62.65449523925781
2012-09-04,68.3499984741211,67.41999816894531,68.02999877929688,68.08999633789062,32017200.0,62.59016036987305
2012-09-05,68.3499984741211,67.83999633789062,68.05999755859375,68.0199966430664,26129300.0,62.525821685791016
2012-09-06,69.55000305175781,68.41999816894531,68.44000244140625,69.52999877929688,43100000.0,63.913875579833984
2012-09-07,69.55000305175781,69.2300033569336,69.37000274658203,69.43000030517578,32958600.0,63.82194137573242
2012-09-10,69.4000015258789,68.48999786376953,69.25,68.54000091552734,25490000.0,63.00383758544922
2012-09-11,68.81999969482422,68.31999969482422,68.55000305175781,68.43000030517578,29810100.0,62.9027214050293
2012-09-12,68.80999755859375,68.20999908447266,68.68000030517578,68.62999725341797,42203400.0,63.08655548095703
2012-09-13,69.86000061035156,68.62000274658203,68.69000244140625,69.55999755859375,45417800.0,63.94144058227539
2012-09-14,70.43000030517578,69.79000091552734,69.80999755859375,70.18000030517578,38880300.0,64.5113296508789
2012-09-17,70.23999786376953,69.95999908447266,70.22000122070312,70.20999908447266,31798400.0,64.5389175415039
2012-09-18,70.30000305175781,70.0199966430664,70.02999877929688,70.2699966430664,27169800.0,64.59407043457031
2012-09-19,70.58000183105469,70.05999755859375,70.26000213623047,70.4000015258789,36484600.0,64.71357727050781
2012-09-20,70.4000015258789,69.87000274658203,70.05999755859375,70.33000183105469,42520200.0,64.64924621582031
2012-09-21,70.54000091552734,70.08000183105469,70.4800033569336,70.1500015258789,23678500.0,64.66766357421875
2012-09-24,69.86000061035156,69.41999816894531,69.56999969482422,69.73999786376953,32341600.0,64.28971099853516
2012-09-25,70.08000183105469,68.7300033569336,69.91999816894531,68.76000213623047,41299600.0,63.38630294799805
2012-09-26,68.70999908447266,67.8499984741211,68.66999816894531,68.19999694824219,32770400.0,62.87004852294922
2012-09-27,69.30000305175781,68.25,68.37000274658203,69.13999938964844,25339500.0,63.736602783203125
2012-09-28,69.12000274658203,68.51000213623047,68.91000366210938,68.56999969482422,30112600.0,63.211143493652344
2012-10-01,69.33000183105469,68.25,68.9000015258789,68.47000122070312,37715300.0,63.11895751953125
2012-10-02,68.9800033569336,68.12999725341797,68.7699966430664,68.66999816894531,33254300.0,63.30333709716797
2012-10-03,69.23999786376953,68.58999633789062,68.86000061035156,69.11000061035156,38236000.0,63.708946228027344
2012-10-04,69.54000091552734,69.0,69.22000122070312,69.3499984741211,26128600.0,63.93018341064453
2012-10-05,69.80000305175781,68.80000305175781,69.69999694824219,68.9800033569336,25207900.0,63.589115142822266
2012-10-08,68.72000122070312,68.19000244140625,68.58000183105469,68.3499984741211,30911500.0,63.00833511352539
2012-10-09,68.33999633789062,67.0999984741211,68.16999816894531,67.26000213623047,67974000.0,62.00352096557617
2012-10-10,67.43000030517578,66.80000305175781,67.23999786376953,66.91999816894531,45134300.0,61.69011306762695
2012-10-11,67.47000122070312,66.66999816894531,67.41999816894531,66.70999908447266,30469400.0,61.496517181396484
2012-10-12,67.05999755859375,66.55000305175781,66.69999694824219,66.68000030517578,24891200.0,61.468841552734375
2012-10-15,67.26000213623047,66.52999877929688,66.93000030517578,67.16999816894531,22220100.0,61.920555114746094
2012-10-16,68.19999694824219,67.25,67.2699966430664,68.12000274658203,33960600.0,62.796321868896484
2012-10-17,68.30000305175781,67.68000030517578,67.7699966430664,68.08000183105469,33439400.0,62.759437561035156
2012-10-18,68.08000183105469,67.04000091552734,67.86000061035156,67.29000091552734,61707600.0,62.03118896484375
2012-10-19,67.2699966430664,65.5999984741211,67.20999908447266,65.68000030517578,75362600.0,60.54701614379883
2012-10-22,66.19000244140625,65.5,65.6500015258789,66.0199966430664,38621500.0,60.86043167114258
2012-10-23,65.94999694824219,65.19000244140625,65.4800033569336,65.38999938964844,52591200.0,60.27967071533203
2012-10-24,65.87000274658203,65.05999755859375,65.76000213623047,65.16000366210938,39872400.0,60.06764221191406
2012-10-25,65.72000122070312,64.97000122070312,65.61000061035156,65.16000366210938,52688700.0,60.06764221191406
2012-10-26,65.62000274658203,64.6500015258789,65.16000366210938,65.3499984741211,54213100.0,60.2427978515625
2012-10-31,65.38999938964844,64.7300033569336,65.2699966430664,64.94999694824219,38524500.0,59.874053955078125
2012-11-01,66.0,65.16999816894531,65.36000061035156,65.87000274658203,26945000.0,60.722164154052734
2012-11-02,66.20999908447266,65.11000061035156,66.16999816894531,65.16999816894531,44083000.0,60.07686233520508
2012-11-05,65.7300033569336,65.04000091552734,65.18000030517578,65.5999984741211,28094700.0,60.47325897216797
2012-11-06,66.16999816894531,65.45999908447266,65.70999908447266,65.72000122070312,29608400.0,60.583885192871094
2012-11-07,65.0999984741211,63.900001525878906,65.0199966430664,64.16999816894531,70737800.0,59.155006408691406
2012-11-08,64.5,63.15999984741211,64.3499984741211,63.15999984741211,58585800.0,58.22394943237305
2012-11-09,64.11000061035156,63.15999984741211,63.20000076293945,63.43000030517578,51542100.0,58.47284698486328
2012-11-12,63.869998931884766,63.25,63.79999923706055,63.41999816894531,32663700.0,58.463619232177734
2012-11-13,63.58000183105469,62.779998779296875,62.93000030517578,62.97999954223633,43288300.0,58.05802536010742
2012-11-14,63.36000061035156,62.13999938964844,63.290000915527344,62.2400016784668,82655300.0,57.3758544921875
2012-11-15,62.4900016784668,61.79999923706055,62.279998779296875,62.029998779296875,55124200.0,57.1822509765625
2012-11-16,62.47999954223633,61.310001373291016,62.08000183105469,62.29999923706055,70873100.0,57.43116760253906
2012-11-19,63.83000183105469,62.959999084472656,62.97999954223633,63.779998779296875,55306400.0,58.79549026489258
2012-11-20,63.88999938964844,63.189998626708984,63.7599983215332,63.79999923706055,52012700.0,58.81393051147461
2012-11-21,64.0199966430664,63.599998474121094,63.869998931884766,63.93000030517578,19611700.0,58.93376922607422
2012-11-23,64.91999816894531,64.25,64.29000091552734,64.9000015258789,16462900.0,59.82796859741211
2012-11-26,65.22000122070312,64.54000091552734,64.73999786376953,65.18000030517578,26430900.0,60.08609390258789
2012-11-27,65.4000015258789,64.8499984741211,65.16999816894531,64.95999908447266,25828600.0,59.88328170776367
2012-11-28,65.56999969482422,64.25,64.6500015258789,65.5199966430664,37295800.0,60.39950942993164
2012-11-29,66.13999938964844,65.58000183105469,65.87000274658203,65.91000366210938,41136100.0,60.759029388427734
2012-11-30,65.97000122070312,65.61000061035156,65.91999816894531,65.80000305175781,33497400.0,60.65763854980469
2012-12-03,66.37000274658203,65.63999938964844,66.30999755859375,65.66999816894531,28240000.0,60.537784576416016
2012-12-04,65.7699966430664,65.19999694824219,65.69999694824219,65.62999725341797,49584500.0,60.50091552734375
2012-12-05,65.54000091552734,64.55000305175781,65.52999877929688,64.9000015258789,54076200.0,59.82796859741211
2012-12-06,65.4800033569336,64.52999877929688,64.69999694824219,65.31999969482422,47512300.0,60.215145111083984
2012-12-07,65.70999908447266,64.70999908447266,65.63999938964844,64.93000030517578,30089400.0,59.855628967285156
2012-12-10,65.45999908447266,64.75,64.75,65.12000274658203,33219600.0,60.03076934814453
2012-12-11,66.33999633789062,65.5199966430664,65.56999969482422,65.97000122070312,40750800.0,60.8143310546875
2012-12-12,66.31999969482422,65.6500015258789,66.31999969482422,65.83000183105469,45917700.0,60.685298919677734
2012-12-13,66.16000366210938,65.02999877929688,65.69999694824219,65.30999755859375,45467700.0,60.205928802490234
2012-12-14,65.08000183105469,64.47000122070312,64.87000274658203,64.69000244140625,39630300.0,59.634376525878906
2012-12-17,65.56999969482422,64.66000366210938,64.75,65.55000305175781,42302900.0,60.42715835571289
2012-12-18,66.6500015258789,65.69999694824219,65.87999725341797,66.55000305175781,55596000.0,61.3489990234375
2012-12-19,66.76000213623047,66.22000122070312,66.73999786376953,66.26000213623047,34832500.0,61.08167266845703
2012-12-20,66.41000366210938,65.93000030517578,66.37999725341797,66.26000213623047,40754300.0,61.08167266845703
2012-12-21,65.27999877929688,64.5999984741211,64.87999725341797,65.19999694824219,51152900.0,60.43928146362305
2012-12-24,65.13999938964844,64.91999816894531,65.02999877929688,65.06999969482422,11418300.0,60.31877517700195
2012-12-26,65.18000030517578,64.29000091552734,65.12000274658203,64.5,21751300.0,59.79038619995117
2012-12-27,64.63999938964844,63.599998474121094,64.55999755859375,64.4000015258789,52933200.0,59.69770431518555
2012-12-28,64.43000030517578,63.75,63.90999984741211,63.779998779296875,33082100.0,59.12295913696289
2012-12-31,65.25,63.58000183105469,63.709999084472656,65.12999725341797,57544000.0,60.37439727783203
2013-01-02,67.2300033569336,66.4800033569336,66.7300033569336,67.19999694824219,70695900.0,62.29323196411133
2013-01-03,67.33999633789062,66.6500015258789,67.19999694824219,66.8499984741211,47366500.0,61.96879577636719
2013-01-04,66.87999725341797,66.47000122070312,66.87999725341797,66.62999725341797,33972500.0,61.764862060546875
2013-01-07,66.76000213623047,66.25,66.45999908447266,66.6500015258789,26766200.0,61.78340530395508
2013-01-08,66.81999969482422,66.16999816894531,66.63999938964844,66.5199966430664,28734900.0,61.662906646728516
2013-01-09,66.94999694824219,66.55000305175781,66.62000274658203,66.7699966430664,25600300.0,61.89463806152344
2013-01-10,67.2699966430664,66.55000305175781,67.2300033569336,67.16999816894531,37528000.0,62.26542663574219
2013-01-11,67.29000091552734,67.0,67.13999938964844,67.26000213623047,21158600.0,62.34886932373047
2013-01-14,67.1500015258789,66.66999816894531,66.91999816894531,66.95999908447266,36768500.0,62.070762634277344
2013-01-15,66.7300033569336,66.33000183105469,66.62999725341797,66.62999725341797,31675300.0,61.764862060546875
2013-01-16,67.12999725341797,66.5999984741211,66.72000122070312,66.9000015258789,33822300.0,62.0151481628418
2013-01-17,67.4800033569336,67.05999755859375,67.16999816894531,67.22000122070312,32024200.0,62.31179428100586
2013-01-18,67.13999938964844,66.7699966430664,67.0199966430664,67.06999969482422,31992000.0,62.17274475097656
2013-01-22,67.2300033569336,66.7300033569336,67.13999938964844,67.18000030517578,32123100.0,62.27470397949219
2013-01-23,67.79000091552734,67.45999908447266,67.55999755859375,67.58999633789062,31975700.0,62.65476608276367
2013-01-24,67.27999877929688,66.55999755859375,66.66000366210938,66.66000366210938,42596300.0,61.79267883300781
2013-01-25,67.19000244140625,66.73999786376953,66.87000274658203,67.0,39240100.0,62.10784912109375
2013-01-28,67.37999725341797,66.93000030517578,67.01000213623047,67.1500015258789,32926100.0,62.246891021728516
2013-01-29,67.30999755859375,66.62999725341797,67.06999969482422,67.16000366210938,35554700.0,62.25615692138672
2013-01-30,67.4800033569336,66.87000274658203,67.27999877929688,67.0199966430664,34445000.0,62.126365661621094
2013-01-31,67.3499984741211,66.80999755859375,66.98999786376953,66.87000274658203,34870500.0,61.98734664916992
2013-02-01,67.77999877929688,67.06999969482422,67.33999633789062,67.66000366210938,53120800.0,62.719635009765625
2013-02-04,67.45999908447266,66.45999908447266,67.2699966430664,66.4800033569336,48483700.0,61.62582015991211
2013-02-05,67.66999816894531,66.61000061035156,66.7699966430664,67.45999908447266,35120300.0,62.53426742553711
2013-02-06,67.55000305175781,67.04000091552734,67.23999786376953,67.23999786376953,43593200.0,62.330318450927734
2013-02-07,67.37000274658203,66.55999755859375,67.31999969482422,67.30000305175781,46017900.0,62.38594055175781
2013-02-08,68.12999725341797,67.62999725341797,67.63999938964844,67.98999786376953,39837200.0,63.02555847167969
2013-02-11,68.05999755859375,67.77999877929688,68.02999877929688,68.01000213623047,17650400.0,63.04410171508789
2013-02-12,68.05000305175781,67.66000366210938,67.91999816894531,67.7300033569336,22057900.0,62.7845344543457
2013-02-13,68.2300033569336,67.7699966430664,67.93000030517578,67.97000122070312,23494700.0,63.00702667236328
2013-02-14,68.05000305175781,67.62000274658203,67.66000366210938,67.94999694824219,24478800.0,62.98847198486328
2013-02-15,68.11000061035156,67.55999755859375,67.94000244140625,67.75,25333600.0,62.803077697753906
2013-02-19,68.26000213623047,67.86000061035156,67.87999725341797,68.23999786376953,23436500.0,63.25729751586914
2013-02-20,68.25,67.18000030517578,68.22000122070312,67.19000244140625,38200300.0,62.283973693847656
2013-02-21,67.01000213623047,66.2300033569336,66.94000244140625,66.47000122070312,45855600.0,61.61655044555664
2013-02-22,67.1500015258789,66.58999633789062,66.8499984741211,67.13999938964844,21968000.0,62.23763656616211
2013-02-25,67.80999755859375,66.25,67.56999969482422,66.30999755859375,40927600.0,61.46823501586914
2013-02-26,66.68000030517578,65.95999908447266,66.4000015258789,66.55999755859375,42088800.0,61.6999626159668
2013-02-27,67.6500015258789,66.47000122070312,66.55999755859375,67.23999786376953,36339500.0,62.330318450927734
2013-02-28,67.73999786376953,67.08999633789062,67.25,67.0999984741211,28557300.0,62.200557708740234
2013-03-01,67.5,66.54000091552734,66.87000274658203,67.37999725341797,31617200.0,62.46010208129883
2013-03-04,67.69000244140625,67.06999969482422,67.16000366210938,67.68000030517578,19380500.0,62.73819351196289
2013-03-05,68.7699966430664,68.08000183105469,68.08000183105469,68.68000030517578,35581900.0,63.665191650390625
2013-03-06,68.91000366210938,68.41999816894531,68.88999938964844,68.51000213623047,29071100.0,63.507591247558594
2013-03-07,68.80000305175781,68.44999694824219,68.58999633789062,68.69000244140625,21775900.0,63.67442321777344
2013-03-08,69.0199966430664,68.5,68.91999816894531,68.7699966430664,26159900.0,63.74859619140625
2013-03-11,68.98999786376953,68.47000122070312,68.68000030517578,68.97000122070312,23187900.0,63.93400573730469
2013-03-12,68.93000030517578,68.38999938964844,68.7699966430664,68.72000122070312,27575400.0,63.70225524902344
2013-03-13,68.88999938964844,68.38999938964844,68.80999755859375,68.62999725341797,34297300.0,63.61882019042969
2013-03-14,69.01000213623047,68.70999908447266,68.87000274658203,68.86000061035156,31530800.0,63.83202362060547
2013-03-15,68.79000091552734,68.33999633789062,68.75,68.51000213623047,30752600.0,63.65457534790039
2013-03-18,68.63999938964844,67.7300033569336,67.87999725341797,68.36000061035156,36163000.0,63.51520538330078
2013-03-19,68.69999694824219,67.62000274658203,68.56999969482422,68.2300033569336,33125100.0,63.39442443847656
2013-03-20,68.86000061035156,68.38999938964844,68.70999908447266,68.70999908447266,28035400.0,63.840415954589844
2013-03-21,68.25,67.7699966430664,68.08000183105469,67.93000030517578,30050800.0,63.11566162109375
2013-03-22,68.63999938964844,68.12999725341797,68.20999908447266,68.58999633789062,28837200.0,63.72889709472656
2013-03-25,68.95999908447266,68.01000213623047,68.80999755859375,68.33999633789062,24909800.0,63.49662399291992
2013-03-26,68.7300033569336,68.44999694824219,68.5999984741211,68.70999908447266,19725200.0,63.840415954589844
2013-03-27,68.8499984741211,68.13999938964844,68.23999786376953,68.80000305175781,22539500.0,63.92401885986328
2013-03-28,69.05999755859375,68.63999938964844,68.80000305175781,68.97000122070312,23662800.0,64.08199310302734
2013-04-01,69.08999633789062,68.30999755859375,69.0199966430664,68.5,28112800.0,63.64529800415039
2013-04-02,69.2699966430664,68.7699966430664,68.83000183105469,69.04000091552734,29431900.0,64.14701080322266
2013-04-03,69.18000030517578,68.23999786376953,69.08000183105469,68.41000366210938,35131200.0,63.56166076660156
2013-04-04,68.5999984741211,68.05999755859375,68.37999725341797,68.43000030517578,32287400.0,63.580230712890625
2013-04-05,67.95999908447266,67.19000244140625,67.3499984741211,67.86000061035156,55610800.0,63.050636291503906
2013-04-08,68.23999786376953,67.69000244140625,67.88999938964844,68.22000122070312,17891600.0,63.3851318359375
2013-04-09,68.95999908447266,68.08999633789062,68.4000015258789,68.68000030517578,30931400.0,63.812538146972656
2013-04-10,70.16999816894531,68.87999725341797,68.91999816894531,70.0199966430664,55271300.0,65.05757141113281
2013-04-11,70.1500015258789,69.7699966430664,69.8499984741211,69.98999786376953,37233600.0,65.02969360351562
2013-04-12,69.98999786376953,69.41000366210938,69.81999969482422,69.94000244140625,32783700.0,64.98322296142578
2013-04-15,69.79000091552734,68.4800033569336,69.68000030517578,68.55999755859375,48795800.0,63.70101547241211
2013-04-16,69.55000305175781,68.80999755859375,68.94999694824219,69.47000122070312,27682600.0,64.54653930664062
2013-04-17,68.88999938964844,67.70999908447266,68.87000274658203,68.11000061035156,60204800.0,63.28291702270508
2013-04-18,68.33000183105469,66.87999725341797,68.29000091552734,67.16999816894531,56798200.0,62.40952682495117
2013-04-19,68.2300033569336,67.19999694824219,67.30000305175781,68.08999633789062,43062800.0,63.26434326171875
2013-04-22,69.04000091552734,68.08000183105469,68.33000183105469,68.79000091552734,34412100.0,63.91472625732422
2013-04-23,69.69999694824219,68.81999969482422,69.18000030517578,69.44999694824219,53078300.0,64.5279541015625
2013-04-24,69.66999816894531,69.12000274658203,69.27999877929688,69.41999816894531,44500700.0,64.50007629394531
2013-04-25,70.05000305175781,69.58999633789062,69.5999984741211,69.79000091552734,26437100.0,64.8438720703125
2013-04-26,69.7699966430664,69.2699966430664,69.62000274658203,69.56999969482422,24079800.0,64.63944244384766
2013-04-29,70.4800033569336,69.76000213623047,69.79000091552734,70.20999908447266,31664000.0,65.23410034179688
2013-04-30,70.7300033569336,70.04000091552734,70.30000305175781,70.72000122070312,30135800.0,65.70793914794922
2013-05-01,70.8499984741211,70.25,70.73999786376953,70.38999938964844,28537200.0,65.40132141113281
2013-05-02,71.43000030517578,70.44999694824219,70.51000213623047,71.27999877929688,31744200.0,66.228271484375
2013-05-03,72.33999633789062,71.91000366210938,71.97000122070312,72.12000274658203,34061700.0,67.00871276855469
2013-05-06,72.51000213623047,72.19000244140625,72.25,72.4000015258789,19244300.0,67.26887512207031
2013-05-07,72.56999969482422,72.08999633789062,72.5199966430664,72.36000061035156,25838100.0,67.23169708251953
2013-05-08,72.7699966430664,72.19999694824219,72.31999969482422,72.70999908447266,24252100.0,67.5569076538086
2013-05-09,73.0999984741211,72.47000122070312,72.56999969482422,72.61000061035156,29337200.0,67.46398162841797
2013-05-10,73.08000183105469,72.62999725341797,72.76000213623047,73.05000305175781,20663700.0,67.8728256225586
2013-05-13,73.31999969482422,72.86000061035156,72.93000030517578,73.13999938964844,29730100.0,67.9564437866211
2013-05-14,73.73999786376953,73.12999725341797,73.16000366210938,73.5199966430664,36009800.0,68.30950927734375
2013-05-15,73.73999786376953,73.19999694824219,73.37999725341797,73.66999816894531,27214400.0,68.4488525390625
2013-05-16,74.0999984741211,73.55000305175781,73.7300033569336,73.58999633789062,27253400.0,68.3745346069336
2013-05-17,74.33000183105469,73.7300033569336,73.97000122070312,74.30000305175781,31114500.0,69.03421783447266
2013-05-20,74.43000030517578,73.88999938964844,74.16000366210938,74.19000244140625,25132400.0,68.93201446533203
2013-05-21,74.54000091552734,73.88999938964844,74.1500015258789,74.2699966430664,25900000.0,69.00634002685547
2013-05-22,74.94999694824219,73.23999786376953,74.36000061035156,73.62000274658203,59843200.0,68.40242767333984
2013-05-23,73.69999694824219,72.83000183105469,72.97000122070312,73.44999694824219,48222100.0,68.24445343017578
2013-05-24,73.43000030517578,72.76000213623047,72.95999908447266,73.41000366210938,26430300.0,68.20730590820312
2013-05-28,74.54000091552734,73.66000366210938,74.2699966430664,73.88999938964844,27057100.0,68.65328216552734
2013-05-29,73.80000305175781,73.12000274658203,73.5999984741211,73.54000091552734,32090300.0,68.32809448242188
2013-05-30,74.27999877929688,73.55000305175781,73.56999969482422,73.93000030517578,32390500.0,68.69043731689453
2013-05-31,74.20999908447266,73.16999816894531,73.6500015258789,73.25,38347600.0,68.05866241455078
2013-06-03,73.4000015258789,72.43000030517578,73.26000213623047,73.37999725341797,47613100.0,68.17943572998047
2013-06-04,73.81999969482422,72.69999694824219,73.52999877929688,73.0,35251900.0,67.82637023925781
2013-06-05,73.04000091552734,71.98999786376953,72.76000213623047,72.05000305175781,48654200.0,66.94368743896484
2013-06-06,72.41000366210938,71.47000122070312,72.1500015258789,72.4000015258789,62524100.0,67.26887512207031
2013-06-07,73.47000122070312,72.5199966430664,72.69999694824219,73.38999938964844,31969800.0,68.18871307373047
2013-06-10,73.76000213623047,73.26000213623047,73.52999877929688,73.41999816894531,25390000.0,68.21660614013672
2013-06-11,73.33999633789062,72.44000244140625,72.69000244140625,72.69000244140625,40278900.0,67.538330078125
2013-06-12,73.13999938964844,71.73999786376953,73.11000061035156,71.8499984741211,42081900.0,66.75785064697266
2013-06-13,72.91999816894531,71.55000305175781,71.75,72.76000213623047,28221500.0,67.6033706665039
2013-06-14,72.83999633789062,72.16999816894531,72.76000213623047,72.27999877929688,27690700.0,67.15738677978516
2013-06-17,73.4000015258789,72.5999984741211,72.8499984741211,72.9800033569336,32441900.0,67.80775451660156
2013-06-18,73.72000122070312,73.05999755859375,73.08000183105469,73.58000183105469,24853100.0,68.3652572631836
2013-06-19,73.68000030517578,72.68000030517578,73.5999984741211,72.76000213623047,43145100.0,67.6033706665039
2013-06-20,72.16000366210938,70.79000091552734,71.91999816894531,71.02999877929688,60908400.0,65.99596405029297
2013-06-21,70.97000122070312,69.83999633789062,70.77999877929688,70.43000030517578,51558900.0,65.6455078125
2013-06-24,70.2699966430664,69.1500015258789,69.8499984741211,69.7300033569336,41492300.0,64.9930648803711
2013-06-25,70.5199966430664,69.80999755859375,70.4000015258789,70.23999786376953,28897400.0,65.46839904785156
2013-06-26,71.0,70.58999633789062,70.83999633789062,70.87000274658203,23742300.0,66.05564880371094
2013-06-27,71.62000274658203,71.12999725341797,71.23999786376953,71.16999816894531,23545000.0,66.33524322509766
2013-06-28,71.69000244140625,70.79000091552734,70.94999694824219,71.2699966430664,28301100.0,66.428466796875
2013-07-01,72.30000305175781,71.63999938964844,71.75,71.70999908447266,24942800.0,66.83855438232422
2013-07-02,72.18000030517578,71.3499984741211,71.68000030517578,71.73999786376953,23067900.0,66.86650848388672
2013-07-03,72.37000274658203,71.41999816894531,71.4800033569336,72.02999877929688,18847500.0,67.1368179321289
2013-07-05,72.61000061035156,71.86000061035156,72.44000244140625,72.58000183105469,28795900.0,67.64946746826172
2013-07-08,72.98999786376953,72.37999725341797,72.95999908447266,72.6500015258789,20558500.0,67.71469116210938
2013-07-09,73.25,72.6500015258789,72.98999786376953,73.08999633789062,26108600.0,68.12482452392578
2013-07-10,73.62000274658203,72.9800033569336,73.0199966430664,73.51000213623047,25598900.0,68.51629638671875
2013-07-11,75.02999877929688,74.25,74.30000305175781,74.97000122070312,47768900.0,69.87711334228516
2013-07-12,75.3499984741211,74.81999969482422,75.0199966430664,75.30000305175781,31412600.0,70.18470764160156
2013-07-15,75.5199966430664,75.16999816894531,75.37999725341797,75.47000122070312,19783600.0,70.34315490722656
2013-07-16,75.58999633789062,75.18000030517578,75.52999877929688,75.37000274658203,31747100.0,70.24994659423828
2013-07-17,75.73999786376953,75.3499984741211,75.5999984741211,75.55999755859375,24631500.0,70.42703247070312
2013-07-18,75.73999786376953,75.25,75.55000305175781,75.37000274658203,36278800.0,70.24994659423828
2013-07-19,74.73999786376953,74.37000274658203,74.72000122070312,74.58999633789062,37732400.0,69.52291870117188
2013-07-22,74.9800033569336,74.58000183105469,74.87000274658203,74.80999755859375,21135900.0,69.72796630859375
2013-07-23,74.95999908447266,74.19999694824219,74.94999694824219,74.26000213623047,24739500.0,69.21533966064453
2013-07-24,75.0199966430664,74.33000183105469,74.98999786376953,74.5,24426900.0,69.43904876708984
2013-07-25,75.05999755859375,74.45999908447266,74.8499984741211,74.97000122070312,23162200.0,69.87711334228516
2013-07-26,75.37999725341797,74.55000305175781,74.66999816894531,75.37000274658203,20885600.0,70.24994659423828
2013-07-29,75.54000091552734,75.02999877929688,75.22000122070312,75.2300033569336,20958400.0,70.11946868896484
2013-07-30,75.94999694824219,75.3499984741211,75.5,75.62999725341797,24104600.0,70.49227905273438
2013-07-31,76.20999908447266,75.62999725341797,75.77999877929688,75.7699966430664,25007600.0,70.62274169921875
2013-08-01,76.6500015258789,76.20999908447266,76.29000091552734,76.54000091552734,16880000.0,71.34046173095703
2013-08-02,76.98999786376953,76.37999725341797,76.55000305175781,76.97000122070312,18105300.0,71.74124145507812
2013-08-05,77.08000183105469,76.77999877929688,76.93000030517578,77.0199966430664,15462800.0,71.787841796875
2013-08-06,76.98999786376953,76.25,76.91999816894531,76.55999755859375,23675400.0,71.35909271240234
2013-08-07,76.56999969482422,75.87000274658203,76.33999633789062,76.41999816894531,20281200.0,71.22860717773438
2013-08-08,76.9800033569336,76.30000305175781,76.83999633789062,76.80000305175781,19994000.0,71.58280944824219
2013-08-09,76.94000244140625,76.2699966430664,76.66999816894531,76.48999786376953,18558500.0,71.29386138916016
2013-08-12,76.80999755859375,76.19000244140625,76.19999694824219,76.66999816894531,20515900.0,71.46162414550781
2013-08-13,77.2699966430664,76.22000122070312,76.7699966430664,77.0999984741211,23917000.0,71.86241149902344
2013-08-14,77.18000030517578,76.69999694824219,77.06999969482422,76.80999755859375,29921000.0,71.59210968017578
2013-08-15,75.98999786376953,75.29000091552734,75.94999694824219,75.51000213623047,39406600.0,70.38042449951172
2013-08-16,75.87000274658203,75.3499984741211,75.5199966430664,75.4800033569336,23825000.0,70.35246276855469
2013-08-19,76.12999725341797,75.33000183105469,75.48999786376953,75.3499984741211,29586900.0,70.23127746582031
2013-08-20,76.02999877929688,75.43000030517578,75.48999786376953,75.68000030517578,18842800.0,70.53887176513672
2013-08-21,76.08999633789062,75.13999938964844,75.44000244140625,75.41999816894531,30705100.0,70.2965316772461
2013-08-22,76.20999908447266,75.70999908447266,75.75,76.16000366210938,17269500.0,70.98627471923828
2013-08-23,76.7699966430664,76.4000015258789,76.69999694824219,76.66999816894531,20697300.0,71.46162414550781
2013-08-26,77.27999877929688,76.55000305175781,76.7300033569336,76.70999908447266,27525500.0,71.4989013671875
2013-08-27,76.18000030517578,74.95999908447266,75.80000305175781,75.13999938964844,40068900.0,70.03556823730469
2013-08-28,75.75,75.05000305175781,75.05000305175781,75.43000030517578,20490400.0,70.30584716796875
2013-08-29,76.33999633789062,75.30000305175781,75.41000366210938,75.95999908447266,27287900.0,70.79985809326172
2013-08-30,76.04000091552734,75.19999694824219,76.04000091552734,75.47000122070312,26228500.0,70.34315490722656
2013-09-03,76.44000244140625,75.54000091552734,76.08999633789062,75.9000015258789,27241500.0,70.74392700195312
2013-09-04,76.83999633789062,75.93000030517578,76.16000366210938,76.70999908447266,27142900.0,71.4989013671875
2013-09-05,77.05999755859375,76.7300033569336,76.76000213623047,76.83999633789062,17809700.0,71.62006378173828
2013-09-06,77.33999633789062,76.05000305175781,77.0999984741211,76.93000030517578,27715100.0,71.7039566040039
2013-09-09,77.95999908447266,77.2300033569336,77.26000213623047,77.83000183105469,25161900.0,72.54280853271484
2013-09-10,78.31999969482422,77.91999816894531,78.27999877929688,78.20999908447266,27619400.0,72.89701080322266
2013-09-11,78.11000061035156,77.58999633789062,77.69000244140625,78.05999755859375,28132900.0,72.7571792602539
2013-09-12,78.25,77.8499984741211,78.08000183105469,78.01000213623047,18332700.0,72.71060943603516
2013-09-13,78.13999938964844,77.63999938964844,78.08999633789062,78.05999755859375,16932500.0,72.7571792602539
2013-09-16,78.72000122070312,77.66999816894531,78.72000122070312,77.8499984741211,25704300.0,72.56145477294922
2013-09-17,78.47000122070312,77.9800033569336,78.0199966430664,78.37000274658203,27174300.0,73.046142578125
2013-09-18,79.47000122070312,78.33000183105469,78.48999786376953,79.30999755859375,31714700.0,73.92227172851562
2013-09-19,79.69000244140625,79.36000061035156,79.55999755859375,79.5,26435700.0,74.09937286376953
2013-09-20,79.54000091552734,78.94999694824219,79.44999694824219,78.98999786376953,26328900.0,73.8450698852539
2013-09-23,79.41000366210938,78.45999908447266,79.31999969482422,78.83000183105469,30319400.0,73.69551086425781
2013-09-24,79.25,78.56999969482422,79.0,78.83000183105469,21871300.0,73.69551086425781
2013-09-25,79.0,78.4000015258789,78.88999938964844,78.55999755859375,22746400.0,73.443115234375
2013-09-26,79.36000061035156,78.8499984741211,78.87999725341797,79.16999816894531,22421700.0,74.01337432861328
2013-09-27,79.20999908447266,78.58999633789062,78.70999908447266,79.06999969482422,25151600.0,73.91987609863281
2013-09-30,79.08999633789062,78.0,78.25,78.87999725341797,28031900.0,73.74223327636719
2013-10-01,79.72000122070312,78.8499984741211,78.88999938964844,79.68000030517578,33129700.0,74.49015045166016
2013-10-02,79.76000213623047,79.05999755859375,79.13999938964844,79.6500015258789,25503800.0,74.46208953857422
2013-10-03,79.72000122070312,78.30000305175781,79.55000305175781,78.72000122070312,42998200.0,73.59268188476562
2013-10-04,79.51000213623047,78.6500015258789,78.72000122070312,79.4000015258789,22852700.0,74.2283935546875
2013-10-07,79.3499984741211,78.66999816894531,78.69999694824219,78.73999786376953,20227100.0,73.61135864257812
2013-10-08,78.80999755859375,77.19000244140625,78.73999786376953,77.22000122070312,43660700.0,72.19039154052734
2013-10-09,77.44000244140625,76.3499984741211,77.4000015258789,76.9800033569336,64526700.0,71.96599578857422
2013-10-10,78.79000091552734,77.79000091552734,77.80999755859375,78.61000061035156,48062700.0,73.48983001708984
2013-10-11,79.29000091552734,78.4000015258789,78.41000366210938,79.2300033569336,25214100.0,74.0694580078125
2013-10-14,79.79000091552734,78.68000030517578,78.73999786376953,79.79000091552734,31471900.0,74.59297180175781
2013-10-15,80.11000061035156,79.37999725341797,79.7300033569336,79.4800033569336,38684000.0,74.30316162109375
2013-10-16,80.41999816894531,79.79000091552734,79.8499984741211,80.37999725341797,46735900.0,75.14456176757812
2013-10-17,80.87000274658203,79.94999694824219,80.0199966430664,80.83999633789062,32193500.0,75.57455444335938
2013-10-18,82.18000030517578,81.3499984741211,81.58000183105469,82.1500015258789,39628200.0,76.79927062988281
2013-10-21,82.54000091552734,82.06999969482422,82.33999633789062,82.33000183105469,31176900.0,76.96755981445312
2013-10-22,82.9000015258789,81.93000030517578,82.6500015258789,82.44999694824219,43944800.0,77.07972717285156
2013-10-23,82.19999694824219,81.55000305175781,82.05000305175781,81.94999694824219,38021300.0,76.61229705810547
2013-10-24,82.4800033569336,81.87999725341797,82.0,82.30999755859375,23155100.0,76.94884490966797
2013-10-25,83.27999877929688,82.5,83.08000183105469,82.9000015258789,35824500.0,77.50039672851562
2013-10-28,83.05000305175781,82.55000305175781,82.91000366210938,82.91999816894531,28618400.0,77.51911926269531
2013-10-29,83.26000213623047,82.69999694824219,83.19999694824219,83.05999755859375,36878100.0,77.64999389648438
2013-10-30,83.48999786376953,82.58000183105469,83.3499984741211,82.9800033569336,33535500.0,77.57520294189453
2013-10-31,83.30000305175781,82.4800033569336,82.7699966430664,82.79000091552734,31309900.0,77.39759063720703
2013-11-01,83.16999816894531,82.4000015258789,83.06999969482422,82.80999755859375,30867800.0,77.41627502441406
2013-11-04,83.06999969482422,82.63999938964844,83.05999755859375,82.93000030517578,16834000.0,77.5284652709961
2013-11-05,83.22000122070312,82.37000274658203,82.61000061035156,83.0199966430664,27975600.0,77.6125717163086
2013-11-06,83.4000015258789,82.7300033569336,83.37000274658203,83.0,25576800.0,77.5938949584961
2013-11-07,83.12999725341797,81.37000274658203,83.01000213623047,81.44000244140625,52173200.0,76.13551330566406
2013-11-08,82.55999755859375,81.51000213623047,81.73999786376953,82.54000091552734,31470500.0,77.16387939453125
2013-11-11,82.63999938964844,82.13999938964844,82.41999816894531,82.41000366210938,24822900.0,77.04234313964844
2013-11-12,82.66000366210938,82.12000274658203,82.16000366210938,82.54000091552734,20108500.0,77.16387939453125
2013-11-13,83.55000305175781,82.0,82.0,83.54000091552734,31345900.0,78.09873962402344
2013-11-14,83.86000061035156,83.13999938964844,83.31999969482422,83.80000305175781,31101200.0,78.34176635742188
2013-11-15,83.95999908447266,83.61000061035156,83.81999969482422,83.95999908447266,20511300.0,78.49136352539062
2013-11-18,84.11000061035156,82.9800033569336,83.94000244140625,83.13999938964844,31679600.0,77.72477722167969
2013-11-19,83.48999786376953,82.76000213623047,83.08999633789062,82.9000015258789,25545300.0,77.50039672851562
2013-11-20,83.43000030517578,82.45999908447266,83.12000274658203,82.69999694824219,32177400.0,77.31344604492188
2013-11-21,83.61000061035156,82.9800033569336,83.05000305175781,83.54000091552734,28125000.0,78.09873962402344
2013-11-22,84.0199966430664,83.62000274658203,83.68000030517578,83.98999786376953,25361300.0,78.51941680908203
2013-11-25,84.37999725341797,83.9800033569336,84.29000091552734,84.19000244140625,21695100.0,78.70641326904297
2013-11-26,84.83999633789062,84.02999877929688,84.20999908447266,84.62999725341797,26621000.0,79.11772918701172
2013-11-27,85.23999786376953,84.7300033569336,84.80000305175781,85.22000122070312,21638100.0,79.6693115234375
2013-11-29,85.83999633789062,85.47000122070312,85.55999755859375,85.7300033569336,16708900.0,80.1460952758789
2013-12-02,85.95999908447266,85.3499984741211,85.83000183105469,85.4800033569336,26354600.0,79.91236877441406
2013-12-03,85.63999938964844,85.08000183105469,85.41999816894531,85.41000366210938,37147000.0,79.8469467163086
2013-12-04,85.7699966430664,84.77999877929688,85.05000305175781,85.48999786376953,37193200.0,79.92170715332031
2013-12-05,85.66000366210938,85.16999816894531,85.55999755859375,85.37999725341797,39829300.0,79.81887817382812
2013-12-06,86.18000030517578,85.58999633789062,86.0999984741211,86.0,36842900.0,80.39850616455078
2013-12-09,86.52999877929688,86.19999694824219,86.3499984741211,86.3499984741211,22590000.0,80.72567749023438
2013-12-10,86.44999694824219,86.12000274658203,86.20999908447266,86.29000091552734,26965900.0,80.66960906982422
2013-12-11,86.4000015258789,85.05999755859375,86.27999877929688,85.18000030517578,36830600.0,79.63191223144531
2013-12-12,85.41999816894531,84.9000015258789,85.20999908447266,84.95999908447266,33662600.0,79.42623901367188
2013-12-13,85.4000015258789,84.70999908447266,85.36000061035156,84.8499984741211,34072000.0,79.32339477539062
2013-12-16,85.80999755859375,85.20999908447266,85.2699966430664,85.31999969482422,24902500.0,79.76280212402344
2013-12-17,85.52999877929688,84.98999786376953,85.31999969482422,85.1500015258789,24454900.0,79.60385131835938
2013-12-18,86.22000122070312,84.05000305175781,85.25,86.13999938964844,68387200.0,80.5293960571289
2013-12-19,86.01000213623047,85.5199966430664,86.0,85.9000015258789,44964100.0,80.30502319335938
2013-12-20,86.68000030517578,85.7300033569336,85.79000091552734,86.5,40475400.0,81.122802734375
2013-12-23,87.41000366210938,86.94999694824219,87.20999908447266,87.41000366210938,28181800.0,81.97623443603516
2013-12-24,87.51000213623047,87.2699966430664,87.43000030517578,87.44999694824219,13852500.0,82.01374816894531
2013-12-26,87.80999755859375,87.44000244140625,87.61000061035156,87.73999786376953,15241100.0,82.2857437133789
2013-12-27,87.9000015258789,87.41000366210938,87.8499984741211,87.5199966430664,15827400.0,82.07940673828125
2013-12-30,87.51000213623047,87.13999938964844,87.38999938964844,87.38999938964844,18983700.0,81.95746612548828
2013-12-31,87.95999908447266,87.5199966430664,87.55000305175781,87.95999908447266,24890500.0,82.49205780029297
2014-01-02,87.58000183105469,87.0199966430664,87.55000305175781,87.2699966430664,29177500.0,81.84494018554688
2014-01-03,87.3499984741211,86.62000274658203,87.2699966430664,86.63999938964844,35723700.0,81.25409698486328
2014-01-06,86.76000213623047,86.0,86.66000366210938,86.31999969482422,32073100.0,80.95398712158203
2014-01-07,87.25,86.55999755859375,86.72000122070312,87.12000274658203,25860600.0,81.70426177978516
2014-01-08,87.55000305175781,86.94999694824219,87.13999938964844,87.30999755859375,27197400.0,81.88246154785156
2014-01-09,87.63999938964844,86.72000122070312,87.62999725341797,87.0199966430664,23674700.0,81.6104965209961
2014-01-10,87.4000015258789,86.58000183105469,87.2300033569336,87.30000305175781,38008900.0,81.87307739257812
2014-01-13,87.4800033569336,85.68000030517578,87.18000030517578,86.01000213623047,48842300.0,80.66328430175781
2014-01-14,87.72000122070312,86.30000305175781,86.30000305175781,87.6500015258789,37178900.0,82.20132446289062
2014-01-15,88.54000091552734,87.94000244140625,88.02999877929688,88.37000274658203,39835600.0,82.87657928466797
2014-01-16,88.51000213623047,88.16000366210938,88.30000305175781,88.37999725341797,31630100.0,82.88592529296875
2014-01-17,88.37000274658203,87.66999816894531,88.11000061035156,87.87999725341797,36895800.0,82.41703033447266
2014-01-21,88.58999633789062,87.80999755859375,88.44000244140625,88.55000305175781,26412700.0,83.0453872680664
2014-01-22,89.0,88.5199966430664,88.77999877929688,88.77999877929688,29376900.0,83.26104736328125
2014-01-23,88.5199966430664,87.86000061035156,88.51000213623047,88.4800033569336,35011900.0,82.97972869873047
2014-01-24,88.18000030517578,86.70999908447266,88.05000305175781,86.73999786376953,63974600.0,81.34790802001953
2014-01-27,86.88999938964844,85.25,86.73999786376953,85.9000015258789,63519300.0,80.56013488769531
2014-01-28,85.94000244140625,85.30999755859375,85.5,85.8499984741211,44378800.0,80.51324462890625
2014-01-29,85.73999786376953,84.76000213623047,85.11000061035156,84.93000030517578,51939300.0,79.65040588378906
2014-01-30,86.80000305175781,85.87999725341797,85.97000122070312,86.5,65833600.0,81.122802734375
2014-01-31,86.68000030517578,85.44999694824219,85.54000091552734,86.2699966430664,45187000.0,80.90709686279297
2014-02-03,86.5,84.06999969482422,86.11000061035156,84.29000091552734,65596900.0,79.0501937866211
2014-02-04,85.25,84.45999908447266,84.72000122070312,84.91000366210938,37675500.0,79.63166046142578
2014-02-05,84.98999786376953,83.73999786376953,84.62999725341797,84.69000244140625,41721800.0,79.42532348632812
2014-02-06,85.87999725341797,84.91999816894531,84.94000244140625,85.7699966430664,32308600.0,80.43820190429688
2014-02-07,87.36000061035156,86.0,86.25,87.30000305175781,38359400.0,81.87307739257812
2014-02-10,87.83999633789062,87.20999908447266,87.2699966430664,87.80000305175781,30205400.0,82.34200286865234
2014-02-11,88.97000122070312,87.88999938964844,87.98999786376953,88.80000305175781,38635500.0,83.27983856201172
2014-02-12,89.16999816894531,88.69999694824219,88.9800033569336,88.97000122070312,32507200.0,83.43926239013672
2014-02-13,89.69999694824219,88.30000305175781,88.31999969482422,89.62999725341797,40454500.0,84.05823516845703
2014-02-14,90.01000213623047,89.33000183105469,89.5999984741211,89.80999755859375,33212400.0,84.22705078125
2014-02-18,90.41999816894531,89.73999786376953,89.95999908447266,90.25,29546600.0,84.63968658447266
2014-02-19,90.29000091552734,89.44999694824219,90.08000183105469,89.62999725341797,41749900.0,84.05823516845703
2014-02-20,90.22000122070312,89.30999755859375,89.69000244140625,90.05000305175781,41814800.0,84.45213317871094
2014-02-21,90.47000122070312,89.81999969482422,90.33999633789062,89.93000030517578,31192200.0,84.33958435058594
2014-02-24,90.81999969482422,90.04000091552734,90.13999938964844,90.41000366210938,31500400.0,84.78975677490234
2014-02-25,90.72000122070312,90.0199966430664,90.54000091552734,90.30999755859375,26771700.0,84.69595336914062
2014-02-26,90.83999633789062,89.87000274658203,90.55000305175781,90.2300033569336,42953700.0,84.62094116210938
2014-02-27,90.52999877929688,89.7300033569336,89.87000274658203,90.44000244140625,28742400.0,85.16995239257812
2014-02-28,90.95999908447266,89.54000091552734,90.41999816894531,90.33999633789062,48609800.0,85.07576751708984
2014-03-03,89.91000366210938,88.87000274658203,89.48999786376953,89.66999816894531,38885700.0,84.44481658935547
2014-03-04,90.9800033569336,90.55999755859375,90.6500015258789,90.80999755859375,33189000.0,85.51838684082031
2014-03-05,91.22000122070312,90.7699966430664,90.95999908447266,91.05999755859375,27203300.0,85.75382995605469
2014-03-06,91.33999633789062,90.6500015258789,91.2699966430664,90.9800033569336,24063900.0,85.67849731445312
2014-03-07,91.36000061035156,90.06999969482422,91.2699966430664,90.52999877929688,31167800.0,85.25471496582031
2014-03-10,90.66000366210938,90.02999877929688,90.4800033569336,90.61000061035156,18131700.0,85.33006286621094
2014-03-11,91.05999755859375,89.94999694824219,90.83000183105469,90.22000122070312,27484300.0,84.96279907226562
2014-03-12,90.61000061035156,89.4800033569336,89.80999755859375,90.55999755859375,27977200.0,85.282958984375
2014-03-13,90.93000030517578,88.87000274658203,90.9000015258789,89.27999877929688,48542000.0,84.07755279541016
2014-03-14,89.37999725341797,88.62999725341797,88.98999786376953,88.66999816894531,38732300.0,83.50310516357422
2014-03-17,89.91000366210938,89.19000244140625,89.23999786376953,89.44999694824219,28467200.0,84.2376480102539
2014-03-18,90.63999938964844,89.52999877929688,89.55999755859375,90.52999877929688,31250200.0,85.25471496582031
2014-03-19,90.66000366210938,89.44999694824219,90.55999755859375,90.04000091552734,40869400.0,84.79325866699219
2014-03-20,90.55999755859375,89.58000183105469,89.76000213623047,90.29000091552734,31634500.0,85.0287094116211
2014-03-21,90.6500015258789,88.83000183105469,90.5999984741211,89.0,62754000.0,84.00554656982422
2014-03-24,89.38999938964844,87.41000366210938,89.31999969482422,88.22000122070312,77735300.0,83.26929473876953
2014-03-25,89.25,87.7699966430664,88.68000030517578,88.51000213623047,41723300.0,83.54302978515625
2014-03-26,89.1500015258789,87.36000061035156,88.94999694824219,87.37000274658203,40930400.0,82.46702575683594
2014-03-27,87.63999938964844,86.4000015258789,87.25,86.87999725341797,64784500.0,82.00450134277344
2014-03-28,88.01000213623047,86.80999755859375,87.16000366210938,87.05000305175781,39895100.0,82.16496276855469
2014-03-31,88.26000213623047,87.62000274658203,87.7300033569336,87.66999816894531,33924300.0,82.75018310546875
2014-04-01,89.2699966430664,87.70999908447266,88.0999984741211,89.20999908447266,38683800.0,84.20375061035156
2014-04-02,89.68000030517578,89.04000091552734,89.58999633789062,89.44000244140625,34631600.0,84.42084503173828
2014-04-03,89.68000030517578,88.22000122070312,89.52999877929688,88.7300033569336,30319100.0,83.75067901611328
2014-04-04,89.41000366210938,86.13999938964844,89.31999969482422,86.37000274658203,131213200.0,81.52313232421875
2014-04-07,86.62999725341797,84.94999694824219,85.83000183105469,85.55000305175781,83995800.0,80.74915313720703
2014-04-08,86.45999908447266,85.3499984741211,85.6500015258789,86.33999633789062,51495700.0,81.49481201171875
2014-04-09,87.87000274658203,86.43000030517578,86.66000366210938,87.81999969482422,45685200.0,82.89176177978516
2014-04-10,87.87999725341797,84.86000061035156,87.87999725341797,85.0999984741211,73659600.0,80.32440185546875
2014-04-11,85.44000244140625,83.91000366210938,84.33999633789062,84.11000061035156,93657400.0,79.38994598388672
2014-04-14,85.22000122070312,83.98999786376953,84.8499984741211,84.7699966430664,46500700.0,80.0129165649414
2014-04-15,85.54000091552734,83.27999877929688,85.08000183105469,85.05000305175781,84631500.0,80.2772216796875
2014-04-16,86.18000030517578,85.08999633789062,85.79000091552734,86.18000030517578,46970900.0,81.34378814697266
2014-04-17,86.62999725341797,85.62999725341797,85.8499984741211,86.19999694824219,53719500.0,81.3626708984375
2014-04-21,86.83999633789062,86.0,86.4000015258789,86.83999633789062,25947900.0,81.96675872802734
2014-04-22,87.75,86.98999786376953,87.13999938964844,87.52999877929688,38593400.0,82.6180191040039
2014-04-23,87.55999755859375,86.70999908447266,87.52999877929688,86.76000213623047,34376700.0,81.89124298095703
2014-04-24,88.20999908447266,86.6500015258789,88.19000244140625,87.58999633789062,48926300.0,82.6746597290039
2014-04-25,87.16999816894531,85.9800033569336,87.06999969482422,86.19000244140625,44334000.0,81.35323333740234
2014-04-28,87.11000061035156,85.11000061035156,86.5999984741211,86.47000122070312,58623800.0,81.61750793457031
2014-04-29,87.31999969482422,86.30999755859375,86.7300033569336,87.16000366210938,36742700.0,82.26878356933594
2014-04-30,87.4800033569336,86.54000091552734,86.76000213623047,87.38999938964844,38689400.0,82.48587036132812
2014-05-01,88.1500015258789,87.30999755859375,87.52999877929688,87.6500015258789,37127200.0,82.7313003540039
2014-05-02,88.11000061035156,87.27999877929688,87.94999694824219,87.48999786376953,40074200.0,82.58027648925781
2014-05-05,87.97000122070312,86.76000213623047,86.97000122070312,87.94999694824219,27924400.0,83.01445007324219
2014-05-06,87.86000061035156,86.7699966430664,87.80999755859375,86.80999755859375,33698500.0,81.93844604492188
2014-05-07,87.08000183105469,85.52999877929688,86.98999786376953,86.55999755859375,67489100.0,81.70246887207031
2014-05-08,87.52999877929688,86.05000305175781,86.25,86.4800033569336,46556900.0,81.62696838378906
2014-05-09,86.86000061035156,85.8499984741211,86.43000030517578,86.80000305175781,35081500.0,81.92901611328125
2014-05-12,88.26000213623047,87.23999786376953,87.31999969482422,88.2300033569336,38951100.0,83.27874755859375
2014-05-13,88.61000061035156,88.12000274658203,88.30999755859375,88.29000091552734,30311900.0,83.33538818359375
2014-05-14,88.3499984741211,87.62000274658203,88.0199966430664,87.83000183105469,26483600.0,82.90119171142578
2014-05-15,87.95999908447266,86.58000183105469,87.80999755859375,87.13999938964844,59680300.0,82.24993133544922
2014-05-16,87.76000213623047,86.63999938964844,87.23999786376953,87.70999908447266,66804100.0,82.78793334960938
2014-05-19,88.45999908447266,87.30000305175781,87.44999694824219,88.31999969482422,32017000.0,83.36369323730469
2014-05-20,88.5999984741211,87.63999938964844,88.27999877929688,88.0,33716000.0,83.0616683959961
2014-05-21,88.88999938964844,88.11000061035156,88.16000366210938,88.83999633789062,36837700.0,83.85449981689453
2014-05-22,89.4800033569336,88.80000305175781,88.94000244140625,89.2300033569336,30617100.0,84.22264099121094
2014-05-23,89.9000015258789,89.12000274658203,89.31999969482422,89.87999725341797,22687300.0,84.83614349365234
2014-05-27,91.0199966430664,90.19999694824219,90.27999877929688,91.0,29725200.0,85.89331817626953
2014-05-28,91.0999984741211,90.6500015258789,90.97000122070312,90.72000122070312,30468100.0,85.6290283203125
2014-05-29,91.30999755859375,90.86000061035156,91.04000091552734,91.30000305175781,33036100.0,86.17646789550781
2014-05-30,91.44999694824219,90.83000183105469,91.31999969482422,91.30999755859375,29906400.0,86.1859130859375
2014-06-02,91.44000244140625,90.63999938964844,91.41999816894531,91.22000122070312,30409900.0,86.10094451904297
2014-06-03,91.33000183105469,90.80000305175781,90.91999816894531,91.18000030517578,21774500.0,86.06320190429688
2014-06-04,91.66999816894531,90.80999755859375,90.94999694824219,91.5199966430664,20118300.0,86.3841323852539
2014-06-05,92.45999908447266,91.29000091552734,91.5999984741211,92.29000091552734,35583100.0,87.1109390258789
2014-06-06,92.81999969482422,92.44999694824219,92.62999725341797,92.81999969482422,22680600.0,87.61114501953125
2014-06-09,92.9800033569336,92.5,92.83999633789062,92.75,23399500.0,87.54510498046875
2014-06-10,92.95999908447266,92.55999755859375,92.66999816894531,92.91000366210938,20626000.0,87.69612121582031
2014-06-11,93.0199966430664,92.5,92.58999633789062,92.88999938964844,22878200.0,87.67724609375
2014-06-12,92.79000091552734,91.7300033569336,92.69000244140625,92.05000305175781,35275900.0,86.8843994140625
2014-06-13,92.55000305175781,91.91999816894531,92.44999694824219,92.31999969482422,39447100.0,87.13924407958984
2014-06-16,92.66999816894531,91.95999908447266,92.16000366210938,92.4000015258789,25212300.0,87.2147445678711
2014-06-17,92.69999694824219,92.18000030517578,92.33000183105469,92.44999694824219,19977900.0,87.26192474365234
2014-06-18,93.0999984741211,91.9800033569336,92.54000091552734,92.97000122070312,34514000.0,87.75274658203125
2014-06-19,93.16999816894531,92.48999786376953,93.11000061035156,92.91000366210938,38422200.0,87.69612121582031
2014-06-20,92.87000274658203,92.52999877929688,92.69999694824219,92.7699966430664,25897500.0,87.79927062988281
2014-06-23,92.81999969482422,92.51000213623047,92.76000213623047,92.79000091552734,20837900.0,87.81820678710938
2014-06-24,93.56999969482422,92.43000030517578,92.77999877929688,92.69999694824219,31945800.0,87.73300170898438
2014-06-25,93.44999694824219,92.4800033569336,92.48999786376953,93.29000091552734,32818600.0,88.29141235351562
2014-06-26,93.36000061035156,92.62000274658203,93.3499984741211,93.33999633789062,22563900.0,88.3387222290039
2014-06-27,93.7699966430664,93.19000244140625,93.22000122070312,93.75,22877800.0,88.72676849365234
2014-06-30,94.13999938964844,93.66999816894531,93.7300033569336,93.91000366210938,19751900.0,88.87820434570312
2014-07-01,95.19000244140625,94.19999694824219,94.23999786376953,94.94000244140625,31862500.0,89.8530044555664
2014-07-02,95.23999786376953,94.91000366210938,95.0,95.0999984741211,18777300.0,90.00440979003906
2014-07-03,95.69999694824219,95.1500015258789,95.41000366210938,95.69999694824219,15291700.0,90.57227325439453
2014-07-07,95.70999908447266,95.2300033569336,95.58999633789062,95.41000366210938,23266400.0,90.29781341552734
2014-07-08,95.30000305175781,93.87000274658203,95.2300033569336,94.26000213623047,40612400.0,89.2094497680664
2014-07-09,95.06999969482422,94.23999786376953,94.51000213623047,94.95999908447266,29919000.0,89.87193298339844
2014-07-10,95.05000305175781,93.62999725341797,93.73999786376953,94.66000366210938,44245300.0,89.5879898071289
2014-07-11,95.2699966430664,94.61000061035156,94.9000015258789,95.2699966430664,19566300.0,90.16532897949219
2014-07-14,96.05999755859375,95.54000091552734,95.69999694824219,95.83999633789062,19579000.0,90.70476531982422
2014-07-15,96.12999725341797,94.83000183105469,95.98999786376953,95.51000213623047,39467500.0,90.3924560546875
2014-07-16,96.30000305175781,95.79000091552734,96.19999694824219,95.88999938964844,22052600.0,90.75209045410156
2014-07-17,95.97000122070312,94.31999969482422,95.62999725341797,94.62000274658203,43111500.0,89.5501480102539
2014-07-18,96.16999816894531,95.0,95.11000061035156,96.12000274658203,36682200.0,90.96979522705078
2014-07-21,96.16000366210938,95.55000305175781,95.91999816894531,96.0,29750700.0,90.8562240600586
2014-07-22,96.76000213623047,96.3499984741211,96.44999694824219,96.61000061035156,25770400.0,91.43351745605469
2014-07-23,97.33999633789062,96.7699966430664,96.94999694824219,97.2300033569336,28947500.0,92.02031707763672
2014-07-24,97.51000213623047,96.9800033569336,97.4000015258789,97.12000274658203,24707200.0,91.91619110107422
2014-07-25,96.87000274658203,96.2300033569336,96.62000274658203,96.73999786376953,29898900.0,91.55654907226562
2014-07-28,97.0199966430664,96.0199966430664,96.83999633789062,96.7699966430664,25603400.0,91.5849609375
2014-07-29,97.19999694824219,96.5199966430664,96.9800033569336,96.5999984741211,27022200.0,91.4240493774414
2014-07-30,97.31999969482422,96.5999984741211,97.13999938964844,96.9800033569336,35348500.0,91.78369140625
2014-07-31,96.33999633789062,94.87999725341797,96.18000030517578,95.0199966430664,50047900.0,89.9287338256836
2014-08-01,95.33999633789062,94.04000091552734,94.81999969482422,94.66999816894531,60708000.0,89.59748077392578
2014-08-04,95.69000244140625,94.5199966430664,94.87000274658203,95.31999969482422,33230500.0,90.212646484375
2014-08-05,95.20999908447266,94.1500015258789,94.94000244140625,94.58999633789062,50331100.0,89.52174377441406
2014-08-06,95.11000061035156,93.91999816894531,94.0,94.5199966430664,34431900.0,89.45551300048828
2014-08-07,95.13999938964844,93.88999938964844,94.95999908447266,94.22000122070312,33274700.0,89.17159271240234
2014-08-08,95.01000213623047,93.97000122070312,94.37000274658203,94.9000015258789,40236900.0,89.81514739990234
2014-08-11,95.76000213623047,95.19999694824219,95.2699966430664,95.45999908447266,28277500.0,90.34513854980469
2014-08-12,95.66999816894531,94.93000030517578,95.36000061035156,95.41999816894531,28152300.0,90.30728149414062
2014-08-13,96.47000122070312,95.76000213623047,95.80999755859375,96.43000030517578,27996500.0,91.26316833496094
2014-08-14,96.94999694824219,96.43000030517578,96.55999755859375,96.93000030517578,25006600.0,91.73638153076172
2014-08-15,97.62999725341797,96.4800033569336,97.48999786376953,97.4000015258789,55205500.0,92.18118286132812
2014-08-18,98.23999786376953,97.7699966430664,97.91000366210938,98.1500015258789,38938300.0,92.89099884033203
2014-08-19,98.76000213623047,98.31999969482422,98.37999725341797,98.69999694824219,21363400.0,93.41155242919922
2014-08-20,98.9000015258789,98.52999877929688,98.62000274658203,98.69999694824219,23435600.0,93.41155242919922
2014-08-21,98.94999694824219,98.5999984741211,98.75,98.9000015258789,19339500.0,93.60083770751953
2014-08-22,99.25,98.72000122070312,98.94000244140625,99.05000305175781,24692000.0,93.74276733398438
2014-08-25,99.68000030517578,99.16000366210938,99.5199966430664,99.4000015258789,24124700.0,94.07403564453125
2014-08-26,99.61000061035156,99.2699966430664,99.55000305175781,99.5,20100400.0,94.16867065429688
2014-08-27,99.63999938964844,99.30999755859375,99.52999877929688,99.5199966430664,15589100.0,94.18760681152344
2014-08-28,99.52999877929688,99.08000183105469,99.18000030517578,99.41000366210938,23563900.0,94.08350372314453
2014-08-29,99.91000366210938,99.2699966430664,99.62999725341797,99.77999877929688,17906300.0,94.43367004394531
2014-09-02,100.0999984741211,99.66000366210938,100.0199966430664,100.06999969482422,18326800.0,94.70813751220703
2014-09-03,100.33999633789062,99.30000305175781,100.33999633789062,99.4800033569336,25950700.0,94.14974975585938
2014-09-04,100.22000122070312,99.13999938964844,99.70999908447266,99.38999938964844,24663500.0,94.0645751953125
2014-09-05,99.94999694824219,99.02999877929688,99.54000091552734,99.88999938964844,30798200.0,94.53778076171875
2014-09-08,100.33000183105469,99.62000274658203,99.91999816894531,100.08000183105469,25571300.0,94.71759033203125
2014-09-09,100.45999908447266,99.05999755859375,100.08999633789062,99.25,36449200.0,93.93207550048828
2014-09-10,100.11000061035156,99.0999984741211,99.37999725341797,100.06999969482422,31080100.0,94.70813751220703
2014-09-11,100.04000091552734,99.23999786376953,99.63999938964844,99.98999786376953,28691900.0,94.63243865966797
2014-09-12,99.93000030517578,99.16999816894531,99.9000015258789,99.4800033569336,30444400.0,94.14974975585938
2014-09-15,99.5999984741211,98.22000122070312,99.58999633789062,98.5199966430664,32972200.0,93.24117279052734
2014-09-16,99.56999969482422,98.05000305175781,98.1500015258789,99.37999725341797,38166900.0,94.05508422851562
2014-09-17,100.0,98.93000030517578,99.36000061035156,99.52999877929688,37196500.0,94.19709014892578
2014-09-18,100.29000091552734,99.7300033569336,99.83999633789062,100.27999877929688,30196700.0,94.90687561035156
2014-09-19,100.55999755859375,99.58000183105469,100.45999908447266,99.9800033569336,46918000.0,94.84806060791016
2014-09-22,99.75,98.62000274658203,99.73999786376953,99.05000305175781,48658000.0,93.96578979492188
2014-09-23,99.22000122070312,98.58000183105469,98.6500015258789,98.77999877929688,33989600.0,93.70966339111328
2014-09-24,99.88999938964844,98.54000091552734,98.87999725341797,99.83999633789062,35959000.0,94.71524810791016
2014-09-25,99.6500015258789,97.69999694824219,99.5199966430664,97.73999786376953,68642500.0,92.72303771972656
2014-09-26,98.95999908447266,97.88999938964844,98.05999755859375,98.77999877929688,56106200.0,93.70966339111328
2014-09-29,98.91999816894531,97.75,97.80000305175781,98.6500015258789,33342700.0,93.58634185791016
2014-09-30,99.30000305175781,98.31999969482422,98.91999816894531,98.79000091552734,41834300.0,93.71914672851562
2014-10-01,98.61000061035156,96.9000015258789,98.51000213623047,97.20999908447266,58164900.0,92.22024536132812
2014-10-02,97.51000213623047,95.97000122070312,97.16999816894531,97.20999908447266,54501300.0,92.22024536132812
2014-10-03,98.56999969482422,97.44000244140625,97.77999877929688,98.16999816894531,41627800.0,93.13097381591797
2014-10-06,98.72000122070312,97.66000366210938,98.4800033569336,97.95999908447266,36038700.0,92.93175506591797
2014-10-07,97.77999877929688,96.55999755859375,97.5,96.56999969482422,45154000.0,91.61310577392578
2014-10-08,98.76000213623047,96.05999755859375,96.62000274658203,98.44999694824219,64931600.0,93.39659118652344
2014-10-09,98.56999969482422,96.70999908447266,98.31999969482422,96.86000061035156,62497100.0,91.88819885253906
2014-10-10,96.83000183105469,94.41999816894531,96.29000091552734,94.44000244140625,77579400.0,89.59242248535156
2014-10-13,94.98999786376953,92.87999725341797,94.2699966430664,92.95999908447266,80835900.0,88.18840026855469
2014-10-14,94.16999816894531,92.70999908447266,93.54000091552734,92.97000122070312,71814500.0,88.19788360595703
2014-10-15,92.76000213623047,90.23999786376953,91.56999969482422,92.37000274658203,108847800.0,87.62867736816406
2014-10-16,92.58000183105469,90.38999938964844,90.41999816894531,91.79000091552734,93165800.0,87.0784683227539
2014-10-17,93.88999938964844,92.45999908447266,93.0,93.0,69546700.0,88.2263412475586
2014-10-20,94.47000122070312,92.80000305175781,92.98999786376953,94.38999938964844,41479300.0,89.54499053955078
2014-10-21,96.87000274658203,95.31999969482422,95.55999755859375,96.87000274658203,53609800.0,91.89769744873047
2014-10-22,97.30000305175781,96.30999755859375,97.16999816894531,96.37000274658203,39178000.0,91.4233627319336
2014-10-23,98.36000061035156,97.16999816894531,97.33999633789062,97.81999969482422,48123800.0,92.79891967773438
2014-10-24,98.69000244140625,97.63999938964844,98.02999877929688,98.62000274658203,43157600.0,93.55786895751953
2014-10-27,98.87000274658203,98.0199966430664,98.43000030517578,98.69000244140625,29545700.0,93.62428283691406
2014-10-28,100.19999694824219,99.08000183105469,99.1500015258789,100.18000030517578,34495100.0,95.03779602050781
2014-10-29,100.12000274658203,99.0999984741211,99.8499984741211,99.80999755859375,40552800.0,94.68678283691406
2014-10-30,100.26000213623047,99.13999938964844,99.36000061035156,100.0199966430664,35935800.0,94.88601684570312
2014-10-31,101.75,101.06999969482422,101.68000030517578,101.4000015258789,54254100.0,96.19517517089844
2014-11-03,101.97000122070312,101.43000030517578,101.58000183105469,101.69999694824219,33481000.0,96.47976684570312
2014-11-04,101.62000274658203,100.66999816894531,101.37999725341797,101.36000061035156,22773300.0,96.15724182128906
2014-11-05,102.02999877929688,101.0199966430664,102.02999877929688,101.37000274658203,25818600.0,96.16670989990234
2014-11-06,101.72000122070312,100.91999816894531,101.36000061035156,101.69000244140625,24671900.0,96.47030639648438
2014-11-07,101.91000366210938,101.06999969482422,101.87000274658203,101.5999984741211,20931700.0,96.38491821289062
2014-11-10,102.08999633789062,101.37999725341797,101.6500015258789,101.95999908447266,20360000.0,96.72643280029297
2014-11-11,102.27999877929688,101.69999694824219,101.9800033569336,102.27999877929688,15454000.0,97.0300064086914
2014-11-12,102.56999969482422,101.87000274658203,101.87000274658203,102.45999908447266,22050300.0,97.20076751708984
2014-11-13,103.27999877929688,102.41999816894531,102.6500015258789,102.9000015258789,28027800.0,97.61817169189453
2014-11-14,103.22000122070312,102.52999877929688,102.87000274658203,103.22000122070312,19251300.0,97.92176055908203
2014-11-17,103.20999908447266,102.41999816894531,102.9800033569336,102.91000366210938,23361600.0,97.62767028808594
2014-11-18,103.81999969482422,102.98999786376953,103.0,103.68000030517578,26336800.0,98.35813903808594
2014-11-19,103.56999969482422,102.7300033569336,103.56999969482422,103.20999908447266,23760200.0,97.91226959228516
2014-11-20,103.76000213623047,102.69000244140625,102.7699966430664,103.66999816894531,22874000.0,98.34866333007812
2014-11-21,104.69000244140625,103.54000091552734,104.58999633789062,103.87000274658203,34049100.0,98.53840637207031
2014-11-24,104.7300033569336,104.05999755859375,104.1500015258789,104.68000030517578,17928300.0,99.30681610107422
2014-11-25,105.1500015258789,104.56999969482422,104.83999633789062,104.83999633789062,17526000.0,99.45861053466797
2014-11-26,105.58000183105469,104.83000183105469,104.94000244140625,105.5199966430664,18973800.0,100.10370635986328
2014-11-28,106.25,105.7300033569336,105.80000305175781,106.01000213623047,17360400.0,100.56855773925781
2014-12-01,105.91999816894531,104.41999816894531,105.72000122070312,104.80999755859375,35969500.0,99.43014526367188
2014-12-02,105.41999816894531,104.69999694824219,104.91999816894531,105.2300033569336,26031300.0,99.82858276367188
2014-12-03,105.56999969482422,104.76000213623047,105.38999938964844,105.41999816894531,32974300.0,100.00882720947266
2014-12-04,105.77999877929688,104.93000030517578,105.31999969482422,105.37000274658203,31008800.0,99.9614028930664
2014-12-05,105.69999694824219,105.1500015258789,105.54000091552734,105.37999725341797,25622200.0,99.97086334228516
2014-12-08,105.56999969482422,104.08000183105469,105.11000061035156,104.62999725341797,32685800.0,99.25936126708984
2014-12-09,105.04000091552734,103.04000091552734,103.41000366210938,104.95999908447266,46035100.0,99.57244873046875
2014-12-10,105.02999877929688,103.12000274658203,104.7699966430664,103.30999755859375,39330100.0,98.00714874267578
2014-12-11,105.04000091552734,103.58999633789062,103.61000061035156,103.80000305175781,47576000.0,98.47200012207031
2014-12-12,103.98999786376953,102.66000366210938,102.80999755859375,102.66999816894531,46889400.0,97.39998626708984
2014-12-15,103.58000183105469,101.31999969482422,103.19999694824219,101.61000061035156,52968400.0,96.39440155029297
2014-12-16,102.47000122070312,99.95999908447266,100.97000122070312,99.9800033569336,65348600.0,94.84806060791016
2014-12-17,102.08999633789062,99.91999816894531,100.05000305175781,101.80000305175781,79715300.0,96.57465362548828
2014-12-18,104.26000213623047,102.9800033569336,103.26000213623047,104.25,49840900.0,98.89888763427734
2014-12-19,104.73999786376953,103.70999908447266,103.97000122070312,104.31999969482422,51419900.0,99.33403015136719
2014-12-22,104.61000061035156,104.0999984741211,104.1500015258789,104.58000183105469,33869200.0,99.58162689208984
2014-12-23,104.97000122070312,104.08999633789062,104.95999908447266,104.20999908447266,30156900.0,99.22929382324219
2014-12-24,104.69999694824219,104.2699966430664,104.33999633789062,104.30000305175781,14291300.0,99.31500244140625
2014-12-26,105.26000213623047,104.56999969482422,104.5999984741211,105.04000091552734,13924300.0,100.01964569091797
2014-12-29,105.25,104.87999725341797,104.94000244140625,105.0199966430664,17073800.0,100.00056457519531
2014-12-30,104.95999908447266,104.18000030517578,104.72000122070312,104.31999969482422,18604000.0,99.33403015136719
2014-12-31,104.91000366210938,103.0999984741211,104.5,103.25,24367100.0,98.315185546875
2015-01-02,104.19999694824219,102.44000244140625,103.76000213623047,102.94000244140625,31314600.0,98.02001190185547
2015-01-05,102.61000061035156,101.13999938964844,102.48999786376953,101.43000030517578,36521300.0,96.58218383789062
2015-01-06,101.75,99.62000274658203,101.58000183105469,100.06999969482422,66205500.0,95.28717803955078
2015-01-07,101.5999984741211,100.48999786376953,100.7300033569336,101.36000061035156,37577400.0,96.5155258178711
2015-01-08,103.5,102.11000061035156,102.22000122070312,103.30000305175781,40212600.0,98.36279296875
2015-01-09,103.6500015258789,102.0199966430664,103.62000274658203,102.62000274658203,41410100.0,97.7153091430664
2015-01-12,102.93000030517578,101.29000091552734,102.81999969482422,101.55000305175781,34129800.0,96.69644927978516
2015-01-13,103.62000274658203,100.69999694824219,102.54000091552734,101.5199966430664,56162300.0,96.6678695678711
2015-01-14,101.4800033569336,100.06999969482422,100.5,100.95999908447266,51354200.0,96.1346435546875
2015-01-15,101.58999633789062,99.52999877929688,101.43000030517578,99.6500015258789,51005400.0,94.8872299194336
2015-01-16,100.94999694824219,99.36000061035156,99.5199966430664,100.81999969482422,35362200.0,96.0013198852539
2015-01-20,101.87999725341797,100.29000091552734,101.43000030517578,101.62000274658203,30964100.0,96.76307678222656
2015-01-21,102.62000274658203,100.95999908447266,101.31999969482422,102.13999938964844,40128800.0,97.25822448730469
2015-01-22,104.13999938964844,101.63999938964844,102.54000091552734,104.02999877929688,40887200.0,99.05789184570312
2015-01-23,104.58000183105469,103.72000122070312,104.0199966430664,104.26000213623047,34783000.0,99.27690887451172
2015-01-26,104.33000183105469,103.61000061035156,104.13999938964844,104.13999938964844,19960900.0,99.16263580322266
2015-01-27,102.55999755859375,101.0999984741211,102.5,101.44000244140625,45253200.0,96.5916976928711
2015-01-28,103.18000030517578,100.9000015258789,103.06999969482422,100.91999816894531,43591700.0,96.09654235839844
2015-01-29,102.08000183105469,99.95999908447266,100.83999633789062,101.88999938964844,46539700.0,97.02018737792969
2015-01-30,102.58000183105469,100.95999908447266,101.80000305175781,101.0999984741211,42927600.0,96.26793670654297
2015-02-02,102.06999969482422,99.75,101.33000183105469,101.9800033569336,43624700.0,97.10590362548828
2015-02-03,103.02999877929688,101.68000030517578,102.3499984741211,102.95999908447266,30750400.0,98.03903198242188
2015-02-04,103.55000305175781,102.30999755859375,102.54000091552734,102.87000274658203,34073200.0,97.95335388183594
2015-02-05,103.83000183105469,102.87000274658203,103.12999725341797,103.76000213623047,23605500.0,98.80081939697266
2015-02-06,104.16999816894531,102.76000213623047,103.91999816894531,103.12999725341797,34169300.0,98.20089721679688
2015-02-09,103.29000091552734,102.55000305175781,102.7300033569336,102.80000305175781,22604700.0,97.88666534423828
2015-02-10,104.54000091552734,103.20999908447266,103.37000274658203,104.4000015258789,23686500.0,99.41023254394531
2015-02-11,105.0199966430664,104.31999969482422,104.5199966430664,104.77999877929688,20303600.0,99.77206420898438
2015-02-12,106.04000091552734,105.30000305175781,105.45999908447266,106.0,22520300.0,100.93374633789062
2015-02-13,106.93000030517578,106.0999984741211,106.30000305175781,106.91000366210938,29030200.0,101.80024719238281
2015-02-17,107.08000183105469,106.63999938964844,106.91000366210938,107.01000213623047,17675300.0,101.89546966552734
2015-02-18,107.22000122070312,106.73999786376953,106.87999725341797,107.16000366210938,15149600.0,102.03829956054688
2015-02-19,107.76000213623047,107.05999755859375,107.08999633789062,107.69000244140625,19828100.0,102.54298400878906
2015-02-20,108.47000122070312,107.27999877929688,107.62000274658203,108.41000366210938,28336700.0,103.22856140136719
2015-02-23,108.55000305175781,108.11000061035156,108.3499984741211,108.5199966430664,17868000.0,103.33328247070312
2015-02-24,108.7300033569336,108.05000305175781,108.37999725341797,108.5999984741211,19745000.0,103.40948486328125
2015-02-25,108.86000061035156,108.08999633789062,108.44000244140625,108.33000183105469,19472300.0,103.15241241455078
2015-02-26,108.94000244140625,108.13999938964844,108.44000244140625,108.87999725341797,22255500.0,103.67610168457031
2015-02-27,108.91000366210938,108.2300033569336,108.83999633789062,108.4000015258789,27757600.0,103.21903228759766
2015-03-02,109.41999816894531,108.58999633789062,108.61000061035156,109.37999725341797,22988600.0,104.1521987915039
2015-03-03,109.16000366210938,108.18000030517578,109.05000305175781,108.87000274658203,20788900.0,103.66658782958984
2015-03-04,108.66999816894531,107.86000061035156,108.51000213623047,108.44999694824219,21007400.0,103.26664733886719
2015-03-05,108.97000122070312,108.19000244140625,108.7300033569336,108.63999938964844,15381000.0,103.44759368896484
2015-03-06,108.70999908447266,107.13999938964844,108.5,107.41000366210938,30990400.0,102.27635955810547
2015-03-09,107.98999786376953,107.19000244140625,107.62999725341797,107.72000122070312,26237100.0,102.57154846191406
2015-03-10,106.9800033569336,105.72000122070312,106.94999694824219,105.72000122070312,34234500.0,100.66712951660156
2015-03-11,106.01000213623047,105.06999969482422,105.87999725341797,105.11000061035156,25459700.0,100.08628845214844
2015-03-12,105.91999816894531,104.95999908447266,105.02999877929688,105.80000305175781,21473200.0,100.74331665039062
2015-03-13,106.12000274658203,104.68000030517578,105.69999694824219,105.33999633789062,42021100.0,100.30529022216797
2015-03-16,106.73999786376953,105.62000274658203,105.7300033569336,106.69999694824219,25674100.0,101.60028076171875
2015-03-17,107.04000091552734,106.16000366210938,106.41000366210938,106.87000274658203,19603800.0,101.76217651367188
2015-03-18,108.41000366210938,106.02999877929688,106.58000183105469,107.91999816894531,40622200.0,102.76199340820312
2015-03-19,108.37999725341797,107.87000274658203,108.02999877929688,108.08000183105469,31314000.0,102.9143295288086
2015-03-20,109.06999969482422,108.51000213623047,108.72000122070312,108.52999877929688,31761400.0,103.58050537109375
2015-03-23,108.7699966430664,108.27999877929688,108.47000122070312,108.31999969482422,17268500.0,103.38008880615234
2015-03-24,108.80999755859375,107.91000366210938,108.30999755859375,107.93000030517578,22445300.0,103.00787353515625
2015-03-25,108.19999694824219,105.41999816894531,108.0999984741211,105.45999908447266,41581400.0,100.6505126953125
2015-03-26,105.69999694824219,104.23999786376953,104.58999633789062,105.0999984741211,47846300.0,100.30693817138672
2015-03-27,105.7699966430664,104.91999816894531,105.08000183105469,105.5199966430664,33878400.0,100.707763671875
2015-03-30,106.81999969482422,106.16000366210938,106.16000366210938,106.7300033569336,30570200.0,101.86260223388672
2015-03-31,106.6500015258789,105.56999969482422,106.43000030517578,105.5999984741211,30488100.0,100.78411102294922
2015-04-01,105.62000274658203,104.37000274658203,105.5999984741211,105.05000305175781,32970500.0,100.25920867919922
2015-04-02,105.45999908447266,104.77999877929688,105.1500015258789,105.12000274658203,19164200.0,100.32601928710938
2015-04-06,106.2699966430664,104.33999633789062,104.5,105.9800033569336,24451100.0,101.14680480957031
2015-04-07,106.69999694824219,105.80000305175781,105.91999816894531,105.80000305175781,19379400.0,100.97502136230469
2015-04-08,106.79000091552734,105.83000183105469,105.83999633789062,106.63999938964844,25866900.0,101.7767105102539
2015-04-09,107.3499984741211,106.2300033569336,106.58999633789062,107.30999755859375,23114700.0,102.41614532470703
2015-04-10,107.76000213623047,107.02999877929688,107.2699966430664,107.75,17164300.0,102.83607482910156
2015-04-13,108.37999725341797,107.36000061035156,107.83000183105469,107.4800033569336,17783500.0,102.57839965820312
2015-04-14,107.68000030517578,106.55999755859375,107.37000274658203,107.16999816894531,23755700.0,102.28251647949219
2015-04-15,108.06999969482422,107.31999969482422,107.44999694824219,107.83999633789062,21128600.0,102.92195129394531
2015-04-16,107.87999725341797,107.4000015258789,107.55000305175781,107.69000244140625,16195300.0,102.77880859375
2015-04-17,106.94999694824219,105.55000305175781,106.66000366210938,106.01000213623047,46514000.0,101.1754379272461
2015-04-20,107.79000091552734,106.5,106.54000091552734,107.5999984741211,28945900.0,102.69290924072266
2015-04-21,108.41000366210938,107.93000030517578,108.22000122070312,108.05999755859375,22759800.0,103.13194274902344
2015-04-22,108.83000183105469,107.63999938964844,108.33999633789062,108.6500015258789,21429200.0,103.6950454711914
2015-04-23,109.55000305175781,108.26000213623047,108.27999877929688,109.05999755859375,29473200.0,104.08633422851562
2015-04-24,110.69000244140625,110.02999877929688,110.20999908447266,110.54000091552734,32508100.0,105.49884033203125
2015-04-27,111.16000366210938,110.0199966430664,110.94999694824219,110.26000213623047,31121300.0,105.23162078857422
2015-04-28,110.55000305175781,109.11000061035156,110.33999633789062,110.04000091552734,36849200.0,105.02164459228516
2015-04-29,110.06999969482422,108.75,109.43000030517578,109.3499984741211,34043900.0,104.36308288574219
2015-04-30,109.16999816894531,107.05999755859375,108.7300033569336,107.62999725341797,44080500.0,102.72151947021484
2015-05-01,109.12000274658203,108.02999877929688,108.05000305175781,109.05000305175781,32874300.0,104.0767822265625
2015-05-04,109.91000366210938,109.16999816894531,109.4000015258789,109.2300033569336,23507300.0,104.24858856201172
2015-05-05,109.0,107.4000015258789,108.80000305175781,107.44999694824219,47843300.0,102.54975128173828
2015-05-06,107.94999694824219,106.0,107.63999938964844,106.70999908447266,42687200.0,101.84349822998047
2015-05-07,107.6500015258789,106.5999984741211,106.68000030517578,107.3499984741211,29335800.0,102.4543228149414
2015-05-08,108.91999816894531,108.30000305175781,108.45999908447266,108.69000244140625,33023300.0,103.73322296142578
2015-05-11,108.9800033569336,108.19000244140625,108.76000213623047,108.2699966430664,19679300.0,103.33235168457031
2015-05-12,108.33000183105469,106.80000305175781,107.62999725341797,107.77999877929688,33665000.0,102.8647232055664
2015-05-13,108.80999755859375,107.83999633789062,108.25,108.0,20738400.0,103.07466888427734
2015-05-14,109.66999816894531,108.4800033569336,108.87999725341797,109.58000183105469,23904200.0,104.5826187133789
2015-05-15,110.01000213623047,109.30999755859375,109.86000061035156,109.58000183105469,23937400.0,104.5826187133789
2015-05-18,110.27999877929688,109.31999969482422,109.4000015258789,110.05999755859375,17631100.0,105.04072570800781
2015-05-19,110.3499984741211,109.76000213623047,110.18000030517578,109.94000244140625,14212900.0,104.92620849609375
2015-05-20,110.66999816894531,109.43000030517578,110.0199966430664,110.01000213623047,21131900.0,104.9930191040039
2015-05-21,110.7300033569336,109.66000366210938,109.81999969482422,110.58000183105469,16771800.0,105.5370101928711
2015-05-22,110.87000274658203,110.37999725341797,110.44999694824219,110.47000122070312,13543800.0,105.43203735351562
2015-05-26,110.37999725341797,108.76000213623047,110.2300033569336,109.19999694824219,25488400.0,104.21995544433594
2015-05-27,111.08000183105469,109.29000091552734,109.52999877929688,110.95999908447266,30572700.0,105.89969635009766
2015-05-28,111.01000213623047,110.37000274658203,110.75,110.70999908447266,17302400.0,105.66108703613281
2015-05-29,110.79000091552734,109.79000091552734,110.63999938964844,110.05000305175781,30383000.0,105.03118896484375
2015-06-01,110.72000122070312,109.5199966430664,110.63999938964844,110.41999816894531,24570200.0,105.38430786132812
2015-06-02,110.61000061035156,109.47000122070312,110.01000213623047,110.06999969482422,19449600.0,105.0502700805664
2015-06-03,110.80999755859375,110.12999725341797,110.56999969482422,110.4000015258789,20507200.0,105.36524200439453
2015-06-04,110.4800033569336,109.20999908447266,109.77999877929688,109.55999755859375,31374600.0,104.56351470947266
2015-06-05,109.69000244140625,108.62999725341797,109.43000030517578,109.30000305175781,22641700.0,104.31538391113281
2015-06-08,109.33000183105469,107.97000122070312,109.25,108.19000244140625,24549200.0,103.25599670410156
2015-06-09,108.4000015258789,107.19999694824219,107.93000030517578,108.01000213623047,27554600.0,103.08422088623047
2015-06-10,109.80999755859375,108.26000213623047,108.37999725341797,109.48999786376953,30297900.0,104.49673461914062
2015-06-11,110.1500015258789,109.45999908447266,109.86000061035156,109.6500015258789,17593500.0,104.64942932128906
2015-06-12,109.30000305175781,108.5999984741211,109.06999969482422,108.75,27201800.0,103.79045867919922
2015-06-15,108.37999725341797,107.30999755859375,107.94000244140625,108.20999908447266,31238800.0,103.27508544921875
2015-06-16,108.9800033569336,108.05000305175781,108.0999984741211,108.80000305175781,16456900.0,103.83818817138672
2015-06-17,109.44999694824219,108.43000030517578,108.9800033569336,109.0999984741211,23296700.0,104.12451934814453
2015-06-18,110.87999725341797,109.44000244140625,109.5,110.69000244140625,43032400.0,105.64199829101562
2015-06-19,110.58000183105469,109.80999755859375,110.48999786376953,109.88999938964844,27877600.0,105.11970520019531
2015-06-22,111.02999877929688,110.44999694824219,110.69999694824219,110.69999694824219,19120900.0,105.89453887939453
2015-06-23,110.88999938964844,110.33000183105469,110.81999969482422,110.79000091552734,18127900.0,105.98060607910156
2015-06-24,111.12999725341797,110.19000244140625,110.66000366210938,110.22000122070312,15815900.0,105.43537139892578
2015-06-25,110.76000213623047,109.81999969482422,110.6500015258789,110.0,18326700.0,105.22492218017578
2015-06-26,110.2300033569336,108.86000061035156,109.9800033569336,109.2699966430664,32311700.0,104.52661895751953
2015-06-29,108.66000366210938,106.63999938964844,108.05999755859375,106.69000244140625,50874900.0,102.05862426757812
2015-06-30,107.72000122070312,106.73999786376953,107.48999786376953,107.06999969482422,34809900.0,102.422119140625
2015-07-01,108.3499984741211,107.41999816894531,108.12999725341797,107.91999816894531,21293000.0,103.23522186279297
2015-07-02,108.31999969482422,107.62000274658203,108.2300033569336,107.94999694824219,20499400.0,103.26390838623047
2015-07-06,108.31999969482422,107.04000091552734,107.2699966430664,107.69999694824219,24311000.0,103.0247573852539
2015-07-07,108.06999969482422,105.83000183105469,107.81999969482422,107.97000122070312,44230800.0,103.28303527832031
2015-07-08,107.33000183105469,105.88999938964844,107.19999694824219,106.08999633789062,39691500.0,101.4846420288086
2015-07-09,107.5999984741211,106.0199966430664,107.5,106.02999877929688,28381000.0,101.42725372314453
2015-07-10,108.05000305175781,107.05000305175781,107.44000244140625,107.6500015258789,26415800.0,102.97694396972656
2015-07-13,109.62999725341797,108.56999969482422,108.58000183105469,109.54000091552734,25780700.0,104.7848892211914
2015-07-14,110.55999755859375,109.62999725341797,109.69000244140625,110.26000213623047,21977200.0,105.47364044189453
2015-07-15,110.80999755859375,110.06999969482422,110.47000122070312,110.37999725341797,28631500.0,105.58843231201172
2015-07-16,111.95999908447266,111.06999969482422,111.29000091552734,111.94000244140625,29838900.0,107.0807113647461
2015-07-17,113.58999633789062,112.6500015258789,112.83999633789062,113.58999633789062,35926800.0,108.6590576171875
2015-07-20,114.38999938964844,113.4800033569336,113.83000183105469,113.9800033569336,26539000.0,109.03215789794922
2015-07-21,114.19999694824219,113.58000183105469,114.0199966430664,113.91000366210938,35468900.0,108.96519470214844
2015-07-22,113.16999816894531,112.16999816894531,112.16999816894531,112.62000274658203,35575000.0,107.73119354248047
2015-07-23,113.0999984741211,111.91000366210938,112.7300033569336,112.19999694824219,25698300.0,107.32940673828125
2015-07-24,113.0,110.93000030517578,112.80000305175781,111.0999984741211,30844700.0,106.27719116210938
2015-07-27,110.94999694824219,109.94000244140625,110.47000122070312,110.18000030517578,35994800.0,105.39710998535156
2015-07-28,111.3499984741211,109.79000091552734,110.66999816894531,111.12999725341797,33553500.0,106.30585479736328
2015-07-29,111.79000091552734,110.94000244140625,111.37000274658203,111.55000305175781,26714100.0,106.70764923095703
2015-07-30,112.2699966430664,110.62000274658203,111.29000091552734,112.08000183105469,25438100.0,107.21461486816406
2015-07-31,112.48999786376953,111.72000122070312,112.43000030517578,111.94999694824219,22081700.0,107.09026336669922
2015-08-03,112.27999877929688,110.86000061035156,111.97000122070312,111.5999984741211,25001800.0,106.7554702758789
2015-08-04,111.75,110.93000030517578,111.55000305175781,111.38999938964844,22132300.0,106.5545883178711
2015-08-05,113.0,111.87999725341797,112.01000213623047,112.25,28989900.0,107.37726593017578
2015-08-06,112.5,109.94999694824219,112.3499984741211,110.44999694824219,42125400.0,105.65540313720703
2015-08-07,110.56999969482422,109.4000015258789,110.18000030517578,110.30999755859375,30006800.0,105.5214614868164
2015-08-10,111.80999755859375,111.0,111.01000213623047,111.56999969482422,21500800.0,106.72677612304688
2015-08-11,111.41000366210938,109.52999877929688,110.9800033569336,110.13999938964844,36123300.0,105.35882568359375
2015-08-12,110.73999786376953,108.22000122070312,109.37999725341797,110.5199966430664,41889000.0,105.72235107421875
2015-08-13,111.16000366210938,110.0999984741211,110.62999725341797,110.33999633789062,22510500.0,105.55016326904297
2015-08-14,110.66999816894531,109.86000061035156,110.08000183105469,110.51000213623047,17924900.0,105.71277618408203
2015-08-17,111.45999908447266,109.95999908447266,110.23999786376953,111.43000030517578,21224900.0,106.59284210205078
2015-08-18,111.37000274658203,110.70999908447266,111.27999877929688,110.86000061035156,13984400.0,106.04759979248047
2015-08-19,111.11000061035156,109.48999786376953,110.5199966430664,110.12999725341797,42511400.0,105.34927368164062
2015-08-20,109.45999908447266,107.06999969482422,109.11000061035156,107.08000183105469,57747300.0,102.43167877197266
2015-08-21,106.47000122070312,102.4000015258789,105.56999969482422,102.4000015258789,97763400.0,97.95484161376953
2015-08-24,102.52999877929688,84.73999786376953,94.2300033569336,98.45999908447266,150829900.0,94.18585968017578
2015-08-25,102.73999786376953,98.01000213623047,102.06999969482422,98.08999633789062,75088300.0,93.83192443847656
2015-08-26,103.2300033569336,98.93000030517578,100.95999908447266,103.02999877929688,104103800.0,98.55747985839844
2015-08-27,105.70999908447266,103.27999877929688,104.5199966430664,105.63999938964844,69377700.0,101.05420684814453
2015-08-28,106.0,104.8499984741211,105.08000183105469,105.62000274658203,49919600.0,101.03507995605469
2015-08-31,105.61000061035156,104.05000305175781,105.02999877929688,104.30999755859375,39549400.0,99.78192901611328
2015-09-01,103.29000091552734,100.62999725341797,101.70999908447266,101.05000305175781,73155500.0,96.66344451904297
2015-09-02,103.91999816894531,101.69999694824219,102.87999725341797,103.9000015258789,43963600.0,99.38973236083984
2015-09-03,105.0199966430664,103.0999984741211,104.30999755859375,103.38999938964844,45131800.0,98.90186309814453
2015-09-04,102.8499984741211,101.58999633789062,101.97000122070312,102.16000366210938,49379600.0,97.72526550292969
2015-09-08,105.16999816894531,103.69000244140625,104.12000274658203,105.04000091552734,37343500.0,100.48023223876953
2015-09-09,106.30999755859375,103.58999633789062,106.27999877929688,103.86000061035156,47146700.0,99.35147857666016
2015-09-10,105.68000030517578,103.62000274658203,103.73999786376953,104.98999786376953,47686700.0,100.43241882324219
2015-09-11,105.56999969482422,104.20999908447266,104.51000213623047,105.56999969482422,29106100.0,100.98722839355469
2015-09-14,105.9800033569336,104.8499984741211,105.95999908447266,105.25,19718800.0,100.68112182617188
2015-09-15,106.81999969482422,105.11000061035156,105.5,106.48999786376953,30020200.0,101.86729431152344
2015-09-16,107.19000244140625,106.13999938964844,106.51000213623047,107.08999633789062,31329100.0,102.4412612915039
2015-09-17,108.7300033569336,106.63999938964844,106.9800033569336,107.12999725341797,56139800.0,102.4795150756836
2015-09-18,106.5999984741211,105.16999816894531,105.2300033569336,105.3499984741211,48384000.0,101.02196502685547
2015-09-21,106.55000305175781,104.7300033569336,105.93000030517578,105.68000030517578,35772600.0,101.33839416503906
2015-09-22,104.41999816894531,103.12999725341797,104.05999755859375,104.0999984741211,47359700.0,99.82330322265625
2015-09-23,104.66000366210938,103.63999938964844,104.37999725341797,104.18000030517578,21775100.0,99.90001678466797
2015-09-24,104.19000244140625,102.2699966430664,103.16999816894531,103.80000305175781,38284300.0,99.53565216064453
2015-09-25,105.01000213623047,102.27999877929688,104.91000366210938,102.91999816894531,44700000.0,98.69178771972656
2015-09-28,102.55000305175781,99.69000244140625,102.4800033569336,99.98999786376953,44077500.0,95.88214111328125
2015-09-29,101.26000213623047,98.75,100.23999786376953,99.47000122070312,49315500.0,95.38353729248047
2015-09-30,101.87000274658203,100.5,100.88999938964844,101.76000213623047,41411400.0,97.5794448852539
2015-10-01,102.2300033569336,100.58999633789062,101.94000244140625,102.22000122070312,39339100.0,98.02055358886719
2015-10-02,104.01000213623047,100.4800033569336,100.80000305175781,104.01000213623047,59370900.0,99.73701477050781
2015-10-05,105.77999877929688,104.55000305175781,104.77999877929688,105.5,32853500.0,101.16580200195312
2015-10-06,105.5999984741211,104.18000030517578,105.25,105.0,33051500.0,100.68633270263672
2015-10-07,105.86000061035156,104.29000091552734,105.66000366210938,105.62999725341797,37389300.0,101.29045104980469
2015-10-08,106.2300033569336,104.20999908447266,105.2300033569336,106.05000305175781,50188900.0,101.69320678710938
2015-10-09,106.7300033569336,105.80999755859375,106.0999984741211,106.52999877929688,23916200.0,102.15348815917969
2015-10-12,106.98999786376953,106.3499984741211,106.7300033569336,106.79000091552734,16162000.0,102.40280151367188
2015-10-13,107.26000213623047,106.0,106.18000030517578,106.0999984741211,26999600.0,101.74114227294922
2015-10-14,106.62999725341797,105.48999786376953,106.0999984741211,105.93000030517578,30902600.0,101.57811737060547
2015-10-15,107.68000030517578,106.18000030517578,106.31999969482422,107.66999816894531,38393800.0,103.24664306640625
2015-10-16,108.18000030517578,107.37999725341797,107.9000015258789,108.12000274658203,27091100.0,103.67816162109375
2015-10-19,108.80999755859375,107.73999786376953,107.9800033569336,108.73999786376953,23776300.0,104.27268981933594
2015-10-20,108.77999877929688,107.80999755859375,108.55000305175781,108.18000030517578,23404700.0,103.73570251464844
2015-10-21,108.83999633789062,107.4800033569336,108.7300033569336,107.5199966430664,30195200.0,103.1028060913086
2015-10-22,109.80000305175781,108.16999816894531,108.4800033569336,109.70999908447266,42778700.0,105.20282745361328
2015-10-23,113.23999786376953,112.06999969482422,112.66000366210938,112.77999877929688,53170900.0,108.14672088623047
2015-10-26,113.06999969482422,112.2699966430664,112.69999694824219,112.8499984741211,25918000.0,108.2138442993164
2015-10-27,113.23999786376953,112.5199966430664,112.55000305175781,113.08000183105469,31390500.0,108.43437957763672
2015-10-28,114.0199966430664,112.33999633789062,113.25,114.0199966430664,42221900.0,109.33577728271484
2015-10-29,114.02999877929688,113.37999725341797,113.5,113.83999633789062,24913300.0,109.16316223144531
2015-10-30,114.08000183105469,113.30000305175781,113.88999938964844,113.33000183105469,27199200.0,108.67412567138672
2015-11-02,114.75,113.38999938964844,113.62999725341797,114.61000061035156,22176900.0,109.90152740478516
2015-11-03,115.41999816894531,114.20999908447266,114.37999725341797,115.01000213623047,20418400.0,110.28511047363281
2015-11-04,115.47000122070312,114.54000091552734,115.38999938964844,115.0199966430664,28633000.0,110.29467010498047
2015-11-05,115.4000015258789,114.11000061035156,115.12000274658203,114.70999908447266,25004100.0,109.99744415283203
2015-11-06,114.91999816894531,113.76000213623047,114.48999786376953,114.79000091552734,29924900.0,110.07412719726562
2015-11-09,114.51000213623047,112.87000274658203,114.36000061035156,113.56999969482422,33479800.0,108.90425872802734
2015-11-10,113.38999938964844,112.62999725341797,112.97000122070312,113.27999877929688,35452100.0,108.62618255615234
2015-11-11,114.13999938964844,112.94999694824219,113.58999633789062,113.13999938964844,22748800.0,108.49193572998047
2015-11-12,113.2300033569336,111.95999908447266,112.68000030517578,112.04000091552734,31196900.0,107.4371109008789
2015-11-13,111.69000244140625,109.77999877929688,111.56999969482422,109.83999633789062,52836000.0,105.3274917602539
2015-11-16,111.44000244140625,109.4800033569336,109.7300033569336,111.41999816894531,33980600.0,106.84259033203125
2015-11-17,112.29000091552734,111.20999908447266,111.61000061035156,111.48999786376953,30579500.0,106.90972900390625
2015-11-18,113.73999786376953,111.83000183105469,111.94000244140625,113.62999725341797,32966500.0,108.9617919921875
2015-11-19,114.2300033569336,113.48999786376953,113.69000244140625,113.70999908447266,26188100.0,109.03851318359375
2015-11-20,114.56999969482422,114.13999938964844,114.25,114.4800033569336,22727600.0,109.7768783569336
2015-11-23,114.94000244140625,113.66000366210938,114.5199966430664,114.1500015258789,20696200.0,109.46044921875
2015-11-24,114.31999969482422,112.83999633789062,113.41000366210938,114.05000305175781,26374400.0,109.36456298828125
2015-11-25,114.36000061035156,113.91000366210938,114.22000122070312,114.1500015258789,14159900.0,109.46044921875
2015-11-27,114.54000091552734,113.91999816894531,114.4000015258789,114.30999755859375,8828000.0,109.61386108398438
2015-11-30,114.6500015258789,113.6500015258789,114.6500015258789,114.0199966430664,25041600.0,109.33577728271484
2015-12-01,115.16000366210938,114.33999633789062,114.4800033569336,115.16000366210938,28639400.0,110.42893981933594
2015-12-02,115.75,114.27999877929688,115.25,114.44999694824219,22395500.0,109.74811553955078
2015-12-03,114.95999908447266,111.83999633789062,114.76000213623047,112.51000213623047,42754300.0,107.88782501220703
2015-12-04,115.33000183105469,112.62000274658203,112.8499984741211,115.13999938964844,40037300.0,110.40975952148438
2015-12-07,115.29000091552734,114.06999969482422,115.22000122070312,114.62000274658203,25892100.0,109.9111099243164
2015-12-08,115.0,113.37999725341797,113.41999816894531,114.62999725341797,30792600.0,109.92070770263672
2015-12-09,114.76000213623047,112.19999694824219,114.12999725341797,112.88999938964844,48509200.0,108.25221252441406
2015-12-10,114.16000366210938,112.80999755859375,113.1500015258789,113.4000015258789,30154600.0,108.74125671386719
2015-12-11,112.38999938964844,110.72000122070312,112.08999633789062,110.79000091552734,56022200.0,106.23845672607422
2015-12-14,111.68000030517578,109.37999725341797,110.94000244140625,111.62999725341797,53098500.0,107.04398345947266
2015-12-15,113.27999877929688,112.16999816894531,112.66000366210938,112.30999755859375,48428000.0,107.69602966308594
2015-12-16,114.16999816894531,111.88999938964844,113.06999969482422,113.9800033569336,44944100.0,109.29742431640625
2015-12-17,114.4800033569336,112.30000305175781,114.4800033569336,112.31999969482422,45668800.0,107.70561218261719
2015-12-18,111.87999725341797,109.83000183105469,111.62999725341797,109.83000183105469,53746100.0,105.63955688476562
2015-12-21,111.06999969482422,110.05000305175781,110.87000274658203,111.05000305175781,26432800.0,106.81301879882812
2015-12-22,111.94000244140625,111.05000305175781,111.63999938964844,111.77999877929688,26540300.0,107.51515197753906
2015-12-23,112.69000244140625,112.16000366210938,112.36000061035156,112.61000061035156,25656900.0,108.31350708007812
2015-12-24,112.9000015258789,112.54000091552734,112.61000061035156,112.58999633789062,11468600.0,108.29425048828125
2015-12-28,112.55000305175781,111.51000213623047,112.31999969482422,112.52999877929688,19183600.0,108.2365493774414
2015-12-29,114.55000305175781,113.12999725341797,113.19999694824219,114.30000305175781,27725700.0,109.93901062011719
2015-12-30,114.23999786376953,113.25,114.19999694824219,113.2699966430664,19520100.0,108.94831085205078
2015-12-31,113.08000183105469,111.83999633789062,112.87000274658203,111.86000061035156,29886800.0,107.59210968017578
2016-01-04,109.5999984741211,108.12000274658203,109.44999694824219,109.5,50807600.0,105.32217407226562
2016-01-05,110.18000030517578,108.80000305175781,110.04000091552734,109.30999755859375,38795200.0,105.13941955566406
2016-01-06,108.88999938964844,107.41000366210938,107.41000366210938,108.26000213623047,41891100.0,104.12947082519531
2016-01-07,107.29000091552734,104.80999755859375,105.94999694824219,104.87000274658203,61386300.0,100.86881256103516
2016-01-08,106.29000091552734,103.9000015258789,105.62999725341797,104.01000213623047,69344000.0,100.0416259765625
2016-01-11,105.05999755859375,102.7300033569336,104.75,104.33000183105469,50024100.0,100.34942626953125
2016-01-12,106.08000183105469,104.08000183105469,105.33000183105469,105.54000091552734,46734200.0,101.51325225830078
2016-01-13,106.2300033569336,101.73999786376953,105.97000122070312,101.9000015258789,69870700.0,98.01213836669922
2016-01-14,104.9800033569336,100.66999816894531,102.30000305175781,104.06999969482422,78445700.0,100.0993423461914
2016-01-15,101.94000244140625,99.51000213623047,100.62000274658203,100.83999633789062,91443900.0,96.9925765991211
2016-01-19,102.37000274658203,99.87999725341797,102.20999908447266,101.05999755859375,56563800.0,97.20416259765625
2016-01-20,101.83000183105469,97.25,99.47000122070312,100.75,86675000.0,96.90599060058594
2016-01-21,102.3499984741211,99.81999969482422,101.18000030517578,100.8499984741211,61660100.0,97.00218200683594
2016-01-22,103.80999755859375,102.52999877929688,102.87999725341797,103.7699966430664,42229800.0,99.81077575683594
2016-01-25,103.98999786376953,102.13999938964844,103.4000015258789,102.2300033569336,38881500.0,98.32953643798828
2016-01-26,103.58999633789062,101.76000213623047,102.66000366210938,103.1500015258789,36143900.0,99.21443176269531
2016-01-27,102.98999786376953,100.1500015258789,102.55000305175781,100.58000183105469,54524700.0,96.74250030517578
2016-01-28,102.29000091552734,100.26000213623047,102.25,102.0,47641500.0,98.1082992553711
2016-01-29,104.16999816894531,101.94000244140625,101.97000122070312,104.12999725341797,54245100.0,100.15704345703125
2016-02-01,104.80000305175781,103.2300033569336,103.62999725341797,104.41000366210938,32750300.0,100.42635345458984
2016-02-02,103.97000122070312,101.83999633789062,103.93000030517578,102.1500015258789,44928100.0,98.25259399414062
2016-02-03,102.83000183105469,99.87999725341797,102.83000183105469,101.66000366210938,61572900.0,97.7812728881836
2016-02-04,102.45999908447266,100.44000244140625,101.38999938964844,101.6500015258789,49321600.0,97.77169036865234
2016-02-05,101.33000183105469,97.72000122070312,101.29000091552734,98.12000274658203,70749900.0,94.37635803222656
2016-02-08,97.05000305175781,94.83999633789062,96.29000091552734,96.62000274658203,91673100.0,92.93357849121094
2016-02-09,97.77999877929688,95.18000030517578,95.33000183105469,96.31999969482422,73778400.0,92.64502716064453
2016-02-10,98.69000244140625,96.62000274658203,97.43000030517578,96.69000244140625,59421700.0,93.00090026855469
2016-02-11,97.31999969482422,95.19000244140625,95.45999908447266,96.55000305175781,76839200.0,92.8662338256836
2016-02-12,98.12000274658203,96.7300033569336,97.63999938964844,98.0199966430664,49186500.0,94.2801742553711
2016-02-16,100.2300033569336,98.8499984741211,99.47000122070312,100.2300033569336,40565900.0,96.40585327148438
2016-02-17,102.63999938964844,100.69999694824219,100.95999908447266,102.5,41766500.0,98.58922576904297
2016-02-18,102.83999633789062,101.19999694824219,102.81999969482422,101.33000183105469,38991500.0,97.46388244628906
2016-02-19,101.94000244140625,100.62000274658203,100.83999633789062,101.62999725341797,28257900.0,97.7524185180664
2016-02-22,103.37999725341797,102.4800033569336,102.58000183105469,103.27999877929688,23979100.0,99.33946990966797
2016-02-23,102.95999908447266,101.51000213623047,102.68000030517578,101.58000183105469,29869700.0,97.70433044433594
2016-02-24,102.68000030517578,99.7699966430664,100.38999938964844,102.55000305175781,40739100.0,98.63732147216797
2016-02-25,103.55999755859375,101.83999633789062,102.76000213623047,103.55999755859375,29389300.0,99.6087875366211
2016-02-26,104.37000274658203,103.18000030517578,104.3499984741211,103.43000030517578,30925000.0,99.48373413085938
2016-02-29,104.0999984741211,102.5,103.33000183105469,102.5,27553900.0,98.58922576904297
2016-03-01,105.79000091552734,103.16000366210938,103.4800033569336,105.79000091552734,37699800.0,101.75369262695312
2016-03-02,105.8499984741211,105.01000213623047,105.66000366210938,105.83000183105469,29209800.0,101.79217529296875
2016-03-03,105.75,104.87000274658203,105.72000122070312,105.62999725341797,25474600.0,101.59982299804688
2016-03-04,106.3499984741211,104.97000122070312,105.75,105.66999816894531,31655400.0,101.63827514648438
2016-03-07,105.73999786376953,104.2699966430664,105.12999725341797,105.0199966430664,25861200.0,101.01306915283203
2016-03-08,105.20999908447266,103.97000122070312,104.30000305175781,104.1500015258789,28898500.0,100.17627716064453
2016-03-09,104.83999633789062,103.95999908447266,104.54000091552734,104.81999969482422,31047400.0,100.82070922851562
2016-03-10,105.86000061035156,103.30999755859375,105.26000213623047,104.66000366210938,44236100.0,100.66683197021484
2016-03-11,106.48999786376953,105.45999908447266,105.79000091552734,106.48999786376953,31454000.0,102.42700958251953
2016-03-14,106.91999816894531,106.05999755859375,106.08999633789062,106.66999816894531,25374900.0,102.60013580322266
2016-03-15,106.75,105.94999694824219,106.29000091552734,106.62999725341797,26524600.0,102.56166076660156
2016-03-16,107.86000061035156,106.33999633789062,106.37000274658203,107.58000183105469,31693100.0,103.47541046142578
2016-03-17,107.7699966430664,106.87000274658203,107.2699966430664,107.5199966430664,29623700.0,103.41769409179688
2016-03-18,107.63999938964844,106.80000305175781,107.45999908447266,107.37000274658203,37682300.0,103.57977294921875
2016-03-21,107.88999938964844,107.12000274658203,107.18000030517578,107.79000091552734,17288600.0,103.98495483398438
2016-03-22,108.37000274658203,107.16000366210938,107.18000030517578,108.12000274658203,18840300.0,104.30330657958984
2016-03-23,107.98999786376953,106.98999786376953,107.91000366210938,107.2300033569336,20912900.0,103.4447250366211
2016-03-24,107.29000091552734,106.52999877929688,106.70999908447266,107.26000213623047,19017300.0,103.47364807128906
2016-03-28,107.58000183105469,106.91999816894531,107.55999755859375,107.11000061035156,13892300.0,103.32896423339844
2016-03-29,108.9000015258789,106.7300033569336,106.91000366210938,108.83000183105469,29963900.0,104.98822784423828
2016-03-30,110.04000091552734,109.12999725341797,109.4800033569336,109.36000061035156,23807200.0,105.4995346069336
2016-03-31,109.69000244140625,109.02999877929688,109.27999877929688,109.19999694824219,21447200.0,105.34516906738281
2016-04-01,110.4000015258789,108.38999938964844,108.54000091552734,110.36000061035156,26389000.0,106.4642105102539
2016-04-04,110.44000244140625,109.68000030517578,110.36000061035156,109.94000244140625,17163000.0,106.05904388427734
2016-04-05,109.5,108.73999786376953,109.08999633789062,108.87999725341797,20107900.0,105.0364761352539
2016-04-06,110.70999908447266,108.98999786376953,108.98999786376953,110.66999816894531,25056000.0,106.76326751708984
2016-04-07,110.2300033569336,108.61000061035156,110.02999877929688,109.08000183105469,28567200.0,105.22940826416016
2016-04-08,110.0199966430664,108.62000274658203,109.76000213623047,109.0,22898000.0,105.15222930908203
2016-04-11,110.0199966430664,108.58999633789062,109.47000122070312,108.5999984741211,25772100.0,104.76634979248047
2016-04-12,109.72000122070312,108.0199966430664,108.68000030517578,109.51000213623047,28564100.0,105.64423370361328
2016-04-13,111.08000183105469,110.20999908447266,110.3499984741211,110.91000366210938,25356700.0,106.99481201171875
2016-04-14,111.33000183105469,110.0,110.93000030517578,110.91999816894531,17199700.0,107.00445556640625
2016-04-15,111.05999755859375,110.36000061035156,110.83000183105469,110.63999938964844,21353300.0,106.73432159423828
2016-04-18,111.2699966430664,110.25,110.31999969482422,111.2300033569336,17126100.0,107.30351257324219
2016-04-19,111.44000244140625,109.87999725341797,111.44000244140625,110.55000305175781,42481400.0,106.64749908447266
2016-04-20,111.1500015258789,110.16999816894531,110.55000305175781,110.63999938964844,18078300.0,106.73432159423828
2016-04-21,111.05000305175781,110.1500015258789,110.58000183105469,110.6500015258789,20216000.0,106.74398803710938
2016-04-22,109.72000122070312,108.12000274658203,109.20999908447266,108.9800033569336,39074000.0,105.13294982910156
2016-04-25,108.98999786376953,108.44999694824219,108.6500015258789,108.9800033569336,14351900.0,105.13294982910156
2016-04-26,109.38999938964844,108.12000274658203,109.20999908447266,108.44999694824219,19118300.0,104.62164306640625
2016-04-27,107.83000183105469,106.69000244140625,107.33999633789062,107.58000183105469,33059800.0,103.78235626220703
2016-04-28,108.33000183105469,106.06999969482422,107.69999694824219,106.27999877929688,29818200.0,102.52824401855469
2016-04-29,106.5,104.87999725341797,106.27999877929688,105.72000122070312,67502800.0,101.98802185058594
2016-05-02,106.87000274658203,105.55000305175781,105.98999786376953,106.72000122070312,24813800.0,102.95270538330078
2016-05-03,106.44000244140625,105.44999694824219,105.95999908447266,105.7300033569336,38569400.0,101.99766540527344
2016-05-04,105.4800033569336,104.79000091552734,105.08999633789062,105.05000305175781,27474500.0,101.3416748046875
2016-05-05,105.66000366210938,104.80999755859375,105.43000030517578,105.0199966430664,20788100.0,101.31271362304688
2016-05-06,105.5999984741211,104.4000015258789,104.5,105.58000183105469,30758500.0,101.85295867919922
2016-05-09,106.37000274658203,105.54000091552734,105.58999633789062,105.87999725341797,19289600.0,102.14237213134766
2016-05-10,107.37999725341797,106.06999969482422,106.26000213623047,107.33000183105469,21178900.0,103.54118347167969
2016-05-11,107.48999786376953,106.33000183105469,107.16999816894531,106.36000061035156,20966300.0,102.60543060302734
2016-05-12,106.73999786376953,105.13999938964844,106.61000061035156,105.88999938964844,29196300.0,102.15200805664062
2016-05-13,106.44999694824219,105.29000091552734,105.80000305175781,105.5,21059300.0,101.77578735351562
2016-05-16,107.20999908447266,105.55999755859375,105.66000366210938,106.81999969482422,18311900.0,103.04916381835938
2016-05-17,107.04000091552734,105.19999694824219,106.7300033569336,105.4800033569336,29932700.0,101.75648498535156
2016-05-18,106.43000030517578,105.04000091552734,105.23999786376953,105.86000061035156,27524400.0,102.12307739257812
2016-05-19,105.70999908447266,104.54000091552734,105.44999694824219,105.30999755859375,27334600.0,101.59249114990234
2016-05-20,106.9000015258789,105.66999816894531,105.7300033569336,106.47000122070312,29549600.0,102.71153259277344
2016-05-23,106.97000122070312,106.2300033569336,106.58999633789062,106.33000183105469,15729800.0,102.57648468017578
2016-05-24,108.58999633789062,106.88999938964844,106.91999816894531,108.45999908447266,29931300.0,104.63129425048828
2016-05-25,109.56999969482422,108.68000030517578,108.87000274658203,109.23999786376953,37951700.0,105.38375854492188
2016-05-26,109.69999694824219,109.08999633789062,109.3499984741211,109.55999755859375,21885900.0,105.69245147705078
2016-05-27,110.13999938964844,109.61000061035156,109.62999725341797,110.12999725341797,19870000.0,106.24234008789062
2016-05-31,110.51000213623047,109.77999877929688,110.27999877929688,110.33999633789062,24366100.0,106.44491577148438
2016-06-01,110.5999984741211,109.91000366210938,110.0,110.3499984741211,19571500.0,106.45458984375
2016-06-02,110.58999633789062,109.52999877929688,110.12999725341797,110.58000183105469,15696600.0,106.67646026611328
2016-06-03,110.41999816894531,109.33999633789062,110.37000274658203,110.05999755859375,20269900.0,106.17479705810547
2016-06-06,110.75,110.06999969482422,110.26000213623047,110.45999908447266,12502400.0,106.56069946289062
2016-06-07,110.62999725341797,110.12999725341797,110.5199966430664,110.18000030517578,12184300.0,106.29058837890625
2016-06-08,110.5999984741211,109.95999908447266,110.37000274658203,110.37000274658203,14568700.0,106.4738540649414
2016-06-09,110.30999755859375,109.70999908447266,109.91999816894531,110.19000244140625,17571600.0,106.30021667480469
2016-06-10,109.4000015258789,108.55999755859375,109.19000244140625,108.94000244140625,32965000.0,105.09435272216797
2016-06-13,108.93000030517578,107.88999938964844,108.31999969482422,108.02999877929688,25154700.0,104.21646881103516
2016-06-14,108.41999816894531,107.23999786376953,107.73999786376953,108.02999877929688,24588500.0,104.21646881103516
2016-06-15,108.44000244140625,107.54000091552734,108.29000091552734,107.72000122070312,24605700.0,103.91741943359375
2016-06-16,108.13999938964844,106.5,107.19000244140625,108.04000091552734,32079900.0,104.22611236572266
2016-06-17,107.68000030517578,106.23999786376953,107.52999877929688,106.48999786376953,29208800.0,103.00447082519531
2016-06-20,108.23999786376953,107.08000183105469,107.7300033569336,107.16000366210938,20562800.0,103.65251922607422
2016-06-21,107.72000122070312,107.0999984741211,107.30000305175781,107.5,22804100.0,103.98139190673828
2016-06-22,108.19000244140625,107.1500015258789,107.55999755859375,107.23999786376953,22724200.0,103.72991180419922
2016-06-23,108.79000091552734,107.62000274658203,108.06999969482422,108.7699966430664,18714200.0,105.2098159790039
2016-06-24,106.5,104.05999755859375,104.9000015258789,104.29000091552734,68012700.0,100.87644958496094
2016-06-27,103.5999984741211,101.75,103.5999984741211,102.22000122070312,48222600.0,98.87422180175781
2016-06-28,104.51000213623047,103.30000305175781,103.3499984741211,104.45999908447266,28260600.0,101.04090881347656
2016-06-29,106.52999877929688,105.2300033569336,105.27999877929688,106.30999755859375,31356700.0,102.8303451538086
2016-06-30,107.61000061035156,106.12999725341797,106.48999786376953,107.54000091552734,36300800.0,104.02008819580078
2016-07-01,108.4800033569336,107.44999694824219,107.48999786376953,108.08000183105469,19902800.0,104.54241180419922
2016-07-05,107.66000366210938,106.83999633789062,107.51000213623047,107.41999816894531,21167900.0,103.90400695800781
2016-07-06,108.3499984741211,106.56999969482422,106.91000366210938,108.30000305175781,24579300.0,104.75520324707031
2016-07-07,108.86000061035156,108.11000061035156,108.4000015258789,108.62000274658203,19161700.0,105.06474304199219
2016-07-08,110.36000061035156,109.0199966430664,109.19999694824219,110.30000305175781,29457900.0,106.68973541259766
2016-07-11,111.33999633789062,110.66000366210938,110.66999816894531,110.93000030517578,20218500.0,107.29912567138672
2016-07-12,111.79000091552734,111.33999633789062,111.61000061035156,111.48999786376953,21906100.0,107.84081268310547
2016-07-13,111.81999969482422,111.20999908447266,111.75,111.22000122070312,21107800.0,107.57964324951172
2016-07-14,112.19000244140625,111.69999694824219,111.95999908447266,111.9800033569336,20871000.0,108.31475830078125
2016-07-15,112.30000305175781,111.55000305175781,112.23999786376953,111.80000305175781,17999300.0,108.14065551757812
2016-07-18,112.73999786376953,111.8499984741211,111.87000274658203,112.54000091552734,20713900.0,108.85643768310547
2016-07-19,112.4800033569336,111.93000030517578,112.1500015258789,112.12999725341797,18936700.0,108.45985412597656
2016-07-20,113.6500015258789,112.5999984741211,112.73999786376953,113.44000244140625,24997900.0,109.72698211669922
2016-07-21,113.73999786376953,112.87000274658203,113.5199966430664,113.18000030517578,18885400.0,109.47547912597656
2016-07-22,113.77999877929688,112.91000366210938,113.26000213623047,113.6500015258789,20003400.0,109.93010711669922
2016-07-25,113.69000244140625,113.27999877929688,113.55999755859375,113.66000366210938,12968100.0,109.93977355957031
2016-07-26,114.19999694824219,113.22000122070312,113.62000274658203,113.79000091552734,21223800.0,110.06551361083984
2016-07-27,114.87999725341797,114.0999984741211,114.75,114.58000183105469,27646100.0,110.82965850830078
2016-07-28,115.11000061035156,114.4000015258789,114.76000213623047,114.9800033569336,16939700.0,111.21656799316406
2016-07-29,115.54000091552734,114.87000274658203,115.23999786376953,115.2300033569336,22385300.0,111.45838928222656
2016-08-01,116.12999725341797,115.16999816894531,115.30999755859375,115.83999633789062,13990100.0,112.04842376708984
2016-08-02,115.7699966430664,114.22000122070312,115.66999816894531,114.95999908447266,21278400.0,111.19722747802734
2016-08-03,115.3499984741211,114.80000305175781,114.87000274658203,115.33999633789062,15011300.0,111.56478118896484
2016-08-04,115.77999877929688,115.02999877929688,115.30000305175781,115.66999816894531,12835300.0,111.88397216796875
2016-08-05,117.04000091552734,116.12999725341797,116.26000213623047,116.77999877929688,23196600.0,112.95765686035156
2016-08-08,116.87000274658203,116.27999877929688,116.83999633789062,116.6500015258789,12358200.0,112.83191680908203
2016-08-09,117.29000091552734,116.66999816894531,116.73999786376953,116.91999816894531,13276500.0,113.09307098388672
2016-08-10,117.0199966430664,116.30999755859375,116.98999786376953,116.62000274658203,14688400.0,112.8028793334961
2016-08-11,117.37000274658203,116.77999877929688,117.0199966430664,117.12000274658203,12969800.0,113.28653717041016
2016-08-12,117.20999908447266,116.79000091552734,116.91999816894531,117.19999694824219,19379000.0,113.36389923095703
2016-08-15,117.97000122070312,117.30999755859375,117.3499984741211,117.69999694824219,11777800.0,113.84752655029297
2016-08-16,117.48999786376953,117.02999877929688,117.4800033569336,117.05000305175781,14161400.0,113.21881103515625
2016-08-17,117.30000305175781,116.43000030517578,117.08000183105469,117.26000213623047,15980300.0,113.42195129394531
2016-08-18,117.45999908447266,116.94999694824219,117.1500015258789,117.29000091552734,10036300.0,113.45095825195312
2016-08-19,117.5199966430664,116.76000213623047,117.08000183105469,117.26000213623047,18743000.0,113.42195129394531
2016-08-22,117.55000305175781,116.87000274658203,117.08999633789062,117.3499984741211,14500600.0,113.50898742675781
2016-08-23,118.01000213623047,117.51000213623047,117.80999755859375,117.55999755859375,11997900.0,113.71209716796875
2016-08-24,117.63999938964844,116.41000366210938,117.4800033569336,116.80000305175781,17728700.0,112.97698211669922
2016-08-25,116.97000122070312,116.36000061035156,116.5,116.61000061035156,24266300.0,112.79322052001953
2016-08-26,117.54000091552734,116.08000183105469,116.6500015258789,116.77999877929688,23896000.0,112.95765686035156
2016-08-29,117.25,116.79000091552734,116.80999755859375,116.94000244140625,11184900.0,113.1124267578125
2016-08-30,117.08999633789062,116.16000366210938,116.75,116.55999755859375,19843300.0,112.74484252929688
2016-08-31,116.55999755859375,115.94999694824219,116.37999725341797,116.44000244140625,16169800.0,112.62877655029297
2016-09-01,116.87999725341797,115.91000366210938,116.4800033569336,116.73999786376953,20944700.0,112.91896057128906
2016-09-02,117.55999755859375,116.68000030517578,117.31999969482422,117.12000274658203,18088200.0,113.28653717041016
2016-09-06,117.8499984741211,117.05999755859375,117.31999969482422,117.8499984741211,18525200.0,113.99263000488281
2016-09-07,118.12000274658203,117.47000122070312,117.95999908447266,117.91999816894531,17546900.0,114.06033325195312
2016-09-08,117.5999984741211,116.91999816894531,117.56999969482422,117.2300033569336,20125300.0,113.39291381835938
2016-09-09,116.51000213623047,114.26000213623047,116.25,114.27999877929688,50813300.0,110.53949737548828
2016-09-12,116.48999786376953,113.62999725341797,113.63999938964844,116.33000183105469,39646000.0,112.52239227294922
2016-09-13,116.08999633789062,114.7300033569336,115.75,115.29000091552734,45863900.0,111.51642608642578
2016-09-14,116.47000122070312,115.37999725341797,115.41000366210938,115.83999633789062,28221800.0,112.04842376708984
2016-09-15,117.81999969482422,115.86000061035156,115.87000274658203,117.63999938964844,38521400.0,113.78950500488281
2016-09-16,117.41000366210938,116.70999908447266,117.22000122070312,117.29000091552734,27596500.0,113.73521423339844
2016-09-19,117.94999694824219,116.55000305175781,117.58999633789062,116.77999877929688,16222900.0,113.24065399169922
2016-09-20,117.4800033569336,116.80000305175781,117.19999694824219,117.0,18078600.0,113.45398712158203
2016-09-21,118.31999969482422,116.80999755859375,117.5,118.1500015258789,31546800.0,114.56914520263672
2016-09-22,119.22000122070312,118.72000122070312,118.83999633789062,119.08999633789062,22614400.0,115.48065185546875
2016-09-23,119.0,118.16000366210938,119.0,118.33000183105469,22213400.0,114.74370574951172
2016-09-26,117.80000305175781,117.16999816894531,117.66000366210938,117.33999633789062,16403900.0,113.78367614746094
2016-09-27,118.55999755859375,117.1500015258789,117.26000213623047,118.5,20238400.0,114.90853118896484
2016-09-28,118.7699966430664,118.08999633789062,118.6500015258789,118.69999694824219,14794300.0,115.10244750976562
2016-09-29,118.72000122070312,117.33000183105469,118.5,117.83999633789062,27207500.0,114.26852416992188
2016-09-30,119.06999969482422,118.02999877929688,118.1500015258789,118.72000122070312,25543200.0,115.12187194824219
2016-10-03,118.69999694824219,118.08999633789062,118.56999969482422,118.55000305175781,19216400.0,114.9570083618164
2016-10-04,119.16000366210938,117.91999816894531,118.9000015258789,118.37000274658203,21239700.0,114.78248596191406
2016-10-05,119.16999816894531,118.66999816894531,118.72000122070312,118.79000091552734,14481300.0,115.18975067138672
2016-10-06,118.9800033569336,118.1500015258789,118.63999938964844,118.7300033569336,11987100.0,115.13155364990234
2016-10-07,119.01000213623047,117.88999938964844,118.83999633789062,118.47000122070312,19984200.0,114.87944793701172
2016-10-10,119.4800033569336,119.02999877929688,119.08000183105469,119.22000122070312,19687300.0,115.60669708251953
2016-10-11,119.13999938964844,117.0,119.12000274658203,117.5199966430664,27774400.0,113.95822143554688
2016-10-12,117.81999969482422,117.05999755859375,117.62999725341797,117.41999816894531,14267800.0,113.86124420166016
2016-10-13,117.31999969482422,115.94000244140625,116.62000274658203,117.0,22821000.0,113.45398712158203
2016-10-14,118.05000305175781,117.06999969482422,117.58000183105469,117.13999938964844,21313300.0,113.5897445678711
2016-10-17,117.30000305175781,116.66999816894531,117.04000091552734,116.81999969482422,14182700.0,113.27944946289062
2016-10-18,118.41000366210938,117.80000305175781,118.20999908447266,117.86000061035156,19276700.0,114.28792572021484
2016-10-19,118.0199966430664,117.63999938964844,117.7699966430664,117.8499984741211,13702900.0,114.27822875976562
2016-10-20,117.97000122070312,117.02999877929688,117.7300033569336,117.70999908447266,18132200.0,114.1424789428711
2016-10-21,118.22000122070312,117.41000366210938,117.80000305175781,118.1500015258789,15707800.0,114.56914520263672
2016-10-24,119.6500015258789,118.88999938964844,118.91000366210938,119.56999969482422,19143000.0,115.94609069824219
2016-10-25,119.66000366210938,119.01000213623047,119.63999938964844,119.19000244140625,20341800.0,115.57759857177734
2016-10-26,119.02999877929688,118.02999877929688,118.41999816894531,118.37999725341797,20463700.0,114.79216003417969
2016-10-27,118.98999786376953,117.66999816894531,118.88999938964844,117.83999633789062,19099800.0,114.26852416992188
2016-10-28,118.11000061035156,116.73999786376953,117.5,117.0999984741211,35369300.0,113.55095672607422
2016-10-31,117.52999877929688,116.93000030517578,117.52999877929688,116.98999786376953,18749400.0,113.44428253173828
2016-11-01,117.20999908447266,115.0999984741211,117.19000244140625,116.11000061035156,23498700.0,112.5909652709961
2016-11-02,116.30000305175781,114.88999938964844,116.02999877929688,115.18000030517578,26960100.0,111.68915557861328
2016-11-03,115.37000274658203,113.91999816894531,114.98999786376953,114.05000305175781,36205200.0,110.5934066772461
2016-11-04,114.54000091552734,113.44999694824219,113.7699966430664,113.6500015258789,26997500.0,110.20552825927734
2016-11-07,116.47000122070312,115.30000305175781,115.48999786376953,116.3499984741211,26591200.0,112.82367706298828
2016-11-08,117.63999938964844,115.95999908447266,116.2300033569336,117.11000061035156,20777900.0,113.56065368652344
2016-11-09,117.83999633789062,115.5999984741211,115.73999786376953,117.6500015258789,70234400.0,114.08428955078125
2016-11-10,118.37999725341797,114.19999694824219,118.22000122070312,115.75,72825400.0,112.24189758300781
2016-11-11,116.05000305175781,114.83999633789062,115.25,115.80000305175781,41115200.0,112.29035949707031
2016-11-14,115.94000244140625,114.02999877929688,115.83000183105469,114.62999725341797,35906000.0,111.15581512451172
2016-11-15,116.62000274658203,115.33000183105469,115.5,116.22000122070312,31796600.0,112.69762420654297
2016-11-16,116.98999786376953,115.66999816894531,115.66999816894531,116.91000366210938,16538100.0,113.36673736572266
2016-11-17,117.77999877929688,116.61000061035156,116.8499984741211,117.76000213623047,20598600.0,114.19095611572266
2016-11-18,118.0999984741211,117.20999908447266,117.9000015258789,117.31999969482422,16428700.0,113.76428985595703
2016-11-21,118.6500015258789,117.56999969482422,117.61000061035156,118.54000091552734,20268500.0,114.94732666015625
2016-11-22,119.19000244140625,118.61000061035156,119.01000213623047,118.9000015258789,18850600.0,115.29640197753906
2016-11-23,118.63999938964844,117.9000015258789,118.51000213623047,118.41999816894531,22926000.0,114.8309555053711
2016-11-25,118.8499984741211,118.41999816894531,118.55999755859375,118.80000305175781,7162800.0,115.1994400024414
2016-11-28,119.08000183105469,118.41000366210938,118.6500015258789,118.52999877929688,13479000.0,114.93761444091797
2016-11-29,119.51000213623047,118.30000305175781,118.63999938964844,118.94000244140625,18553000.0,115.33518981933594
2016-11-30,119.12999725341797,117.45999908447266,119.08999633789062,117.5,30405300.0,113.93885040283203
2016-12-01,117.47000122070312,115.29000091552734,117.45999908447266,115.47000122070312,39796600.0,111.97036743164062
2016-12-02,116.16000366210938,115.22000122070312,115.54000091552734,115.69999694824219,32876800.0,112.19339752197266
2016-12-05,117.05999755859375,115.7699966430664,116.30000305175781,116.5999984741211,21419700.0,113.06610870361328
2016-12-06,117.08000183105469,116.38999938964844,116.93000030517578,116.87999725341797,27293300.0,113.3376235961914
2016-12-07,118.51000213623047,116.29000091552734,116.63999938964844,118.36000061035156,26622400.0,114.77278137207031
2016-12-08,118.87000274658203,118.18000030517578,118.41000366210938,118.56999969482422,18578400.0,114.97639465332031
2016-12-09,119.54000091552734,119.0,119.01000213623047,119.5,21863100.0,115.87821960449219
2016-12-12,119.20999908447266,118.47000122070312,118.97000122070312,118.95999908447266,23259300.0,115.35458374023438
2016-12-13,121.11000061035156,119.31999969482422,119.31999969482422,120.45999908447266,54477900.0,116.80912017822266
2016-12-14,121.0,119.86000061035156,120.61000061035156,120.20999908447266,28746000.0,116.56670379638672
2016-12-15,121.11000061035156,120.08000183105469,120.37000274658203,120.4000015258789,22762300.0,116.75094604492188
2016-12-16,120.58000183105469,119.36000061035156,120.33999633789062,119.5999984741211,26283900.0,116.31814575195312
2016-12-19,120.83000183105469,119.55000305175781,119.72000122070312,120.08999633789062,21138700.0,116.79471588134766
2016-12-20,120.7699966430664,120.33000183105469,120.47000122070312,120.55000305175781,11461800.0,117.24209594726562
2016-12-21,120.68000030517578,120.19000244140625,120.5999984741211,120.45999908447266,7079300.0,117.15454864501953
2016-12-22,120.5,119.6500015258789,120.47000122070312,120.12000274658203,16645000.0,116.82389068603516
2016-12-23,120.25,119.80999755859375,119.91999816894531,120.19999694824219,9007500.0,116.90168762207031
2016-12-27,121.5199966430664,120.41000366210938,120.45999908447266,120.81999969482422,16110600.0,117.50467681884766
2016-12-28,121.19000244140625,119.80000305175781,121.08000183105469,119.87999725341797,17975200.0,116.59046936035156
2016-12-29,120.12999725341797,119.33000183105469,119.8499984741211,119.70999908447266,13267500.0,116.42514038085938
2016-12-30,119.94999694824219,118.13999938964844,119.94000244140625,118.4800033569336,41749000.0,115.22889709472656
2017-01-03,119.98999786376953,118.88999938964844,119.2699966430664,119.54000091552734,22307600.0,116.25980377197266
2017-01-04,120.41000366210938,119.66000366210938,119.66999816894531,120.19000244140625,19749100.0,116.8919677734375
2017-01-05,120.94999694824219,120.0999984741211,120.0999984741211,120.87000274658203,20644300.0,117.5533218383789
2017-01-06,122.25,120.69000244140625,121.0,121.93000030517578,24074300.0,118.58421325683594
2017-01-09,122.55000305175781,121.94999694824219,122.02999877929688,122.33000183105469,18909200.0,118.9732437133789
2017-01-10,122.97000122070312,122.0999984741211,122.37999725341797,122.5999984741211,16176600.0,119.23584747314453
2017-01-11,122.93000030517578,122.0199966430664,122.6500015258789,122.93000030517578,20686000.0,119.55677032470703
2017-01-12,122.81999969482422,121.5999984741211,122.48999786376953,122.73999786376953,19622500.0,119.37199401855469
2017-01-13,123.37000274658203,122.80000305175781,122.80000305175781,123.16000366210938,16930800.0,119.78048706054688
2017-01-17,123.02999877929688,122.43000030517578,122.83999633789062,122.79000091552734,14538500.0,119.42062377929688
2017-01-18,123.16000366210938,122.66000366210938,122.97000122070312,123.04000091552734,12499700.0,119.66375732421875
2017-01-19,123.6500015258789,122.72000122070312,123.22000122070312,122.9800033569336,12710700.0,119.60541534423828
2017-01-20,123.83000183105469,122.91999816894531,123.5199966430664,123.25,22091000.0,119.86798858642578
2017-01-23,123.52999877929688,122.56999969482422,123.16999816894531,123.3499984741211,17434200.0,119.96525573730469
2017-01-24,124.37000274658203,123.37999725341797,123.58999633789062,124.18000030517578,17640900.0,120.7724838256836
2017-01-25,125.45999908447266,124.8499984741211,124.95999908447266,125.43000030517578,15036200.0,121.98818969726562
2017-01-26,125.81999969482422,125.33999633789062,125.5999984741211,125.55999755859375,16052200.0,122.11460876464844
2017-01-27,125.91999816894531,125.38999938964844,125.83000183105469,125.80000305175781,15053000.0,122.34803009033203
2017-01-30,125.37999725341797,124.12999725341797,125.37999725341797,124.81999969482422,25006700.0,121.39490509033203
2017-01-31,124.5999984741211,123.8499984741211,124.37999725341797,124.56999969482422,19091100.0,121.15177917480469
2017-02-01,125.68000030517578,124.86000061035156,125.44999694824219,125.43000030517578,22861900.0,121.98818969726562
2017-02-02,125.69999694824219,124.86000061035156,125.20999908447266,125.31999969482422,15101400.0,121.8812026977539
2017-02-03,125.80999755859375,125.33000183105469,125.44999694824219,125.68000030517578,16957200.0,122.2313232421875
2017-02-06,125.8499984741211,125.3499984741211,125.47000122070312,125.83000183105469,11630100.0,122.37721252441406
2017-02-07,126.55000305175781,125.97000122070312,126.08999633789062,126.29000091552734,17541100.0,122.82460021972656
2017-02-08,126.68000030517578,125.87999725341797,126.12000274658203,126.5,12569100.0,123.02882385253906
2017-02-09,127.23999786376953,126.55999755859375,126.62999725341797,126.95999908447266,17542700.0,123.4761962890625
2017-02-10,127.55999755859375,127.0199966430664,127.23999786376953,127.37999725341797,13915700.0,123.8846664428711
2017-02-13,128.25999450683594,127.72000122070312,127.7699966430664,128.10000610351562,19120200.0,124.58493041992188
2017-02-14,128.5399932861328,127.73999786376953,128.14999389648438,128.52999877929688,16333500.0,125.00309753417969
2017-02-15,129.35000610351562,128.3699951171875,128.44000244140625,129.2899932861328,17891400.0,125.74224853515625
2017-02-16,129.6300048828125,128.9199981689453,129.3699951171875,129.25,15098300.0,125.70335388183594
2017-02-17,129.82000732421875,129.0399932861328,129.05999755859375,129.80999755859375,15563700.0,126.24800109863281
2017-02-21,130.52999877929688,129.99000549316406,130.05999755859375,130.4499969482422,18479600.0,126.87042236328125
2017-02-22,130.58999633789062,130.11000061035156,130.3300018310547,130.5,12110900.0,126.91905212402344
2017-02-23,130.6999969482422,129.49000549316406,130.6999969482422,130.00999450683594,17489000.0,126.4425048828125
2017-02-24,130.25999450683594,129.3800048828125,129.4199981689453,130.25999450683594,18624500.0,126.68563842773438
2017-02-27,130.42999267578125,129.8000030517578,130.02000427246094,130.4199981689453,12008700.0,126.84125518798828
2017-02-28,130.4499969482422,129.66000366210938,130.38999938964844,130.02000427246094,16598600.0,126.45223999023438
2017-03-01,131.67999267578125,130.60000610351562,130.85000610351562,131.44000244140625,25813800.0,127.8332748413086
2017-03-02,131.42999267578125,130.6199951171875,131.41000366210938,130.77999877929688,19951400.0,127.1913833618164
2017-03-03,131.05999755859375,130.33999633789062,130.69000244140625,131.02000427246094,13722700.0,127.4248046875
2017-03-06,130.9499969482422,130.2100067138672,130.58999633789062,130.72999572753906,12026200.0,127.14273071289062
2017-03-07,131.0800018310547,130.27999877929688,130.47000122070312,130.50999450683594,15500900.0,126.92878723144531
2017-03-08,131.14999389648438,130.4600067138672,130.58999633789062,130.74000549316406,15776000.0,127.15248107910156
2017-03-09,131.02000427246094,130.13999938964844,130.7100067138672,130.83999633789062,20855300.0,127.24970245361328
2017-03-10,131.60000610351562,130.82000732421875,131.44000244140625,131.38999938964844,21922600.0,127.78461456298828
2017-03-13,131.63999938964844,131.27000427246094,131.33999633789062,131.61000061035156,10731600.0,127.99861145019531
2017-03-14,131.36000061035156,130.75999450683594,131.30999755859375,131.2899932861328,14019700.0,127.6873779296875
2017-03-15,132.41000366210938,131.13999938964844,131.55999755859375,132.10000610351562,22709100.0,128.47515869140625
2017-03-16,132.35000610351562,131.7100067138672,132.35000610351562,132.00999450683594,18457300.0,128.3876190185547
2017-03-17,132.0399932861328,131.6199951171875,131.89999389648438,131.69000244140625,21234500.0,128.3428192138672
2017-03-20,132.11000061035156,131.4600067138672,131.64999389648438,131.80999755859375,10105200.0,128.45970153808594
2017-03-21,132.42999267578125,129.72999572753906,132.30999755859375,129.80999755859375,35841900.0,126.5105972290039
2017-03-22,130.82000732421875,129.67999267578125,129.85000610351562,130.69000244140625,29177900.0,127.36820220947266
2017-03-23,130.8800048828125,130.13999938964844,130.52000427246094,130.36000061035156,20311700.0,127.0466079711914
2017-03-24,131.2899932861328,130.1300048828125,130.77999877929688,130.6300048828125,22967600.0,127.30973815917969
2017-03-27,131.07000732421875,129.39999389648438,129.6999969482422,130.83999633789062,18472400.0,127.51438903808594
2017-03-28,132.02999877929688,130.5500030517578,130.83999633789062,131.63999938964844,23721900.0,128.29405212402344
2017-03-29,132.3000030517578,131.58999633789062,131.72999572753906,132.25,13710000.0,128.8885955810547
2017-03-30,132.61000061035156,132.0800018310547,132.1999969482422,132.47000122070312,16092400.0,129.10299682617188
2017-03-31,132.74000549316406,132.1300048828125,132.27999877929688,132.3800048828125,19841400.0,129.01524353027344
2017-04-03,132.80999755859375,131.55999755859375,132.49000549316406,132.3000030517578,23700300.0,128.9373016357422
2017-04-04,132.52999877929688,131.8699951171875,131.9199981689453,132.50999450683594,13400000.0,129.14193725585938
2017-04-05,133.47999572753906,131.72000122070312,132.6999969482422,131.97000122070312,32011200.0,128.6156768798828
2017-04-06,132.38999938964844,131.6999969482422,132.10000610351562,132.0399932861328,18832200.0,128.68389892578125
2017-04-07,132.3699951171875,131.5,132.0,131.97000122070312,16743100.0,128.6156768798828
2017-04-10,132.57000732421875,131.66000366210938,132.10000610351562,132.02000427246094,15619300.0,128.66441345214844
2017-04-11,132.10000610351562,130.5,131.89999389648438,131.4499969482422,33778400.0,128.10890197753906
2017-04-12,131.5399932861328,130.77999877929688,131.42999267578125,130.9199981689453,15955200.0,127.59236145019531
2017-04-13,131.50999450683594,130.3800048828125,130.74000549316406,130.39999389648438,23683000.0,127.0855712890625
2017-04-17,131.5,130.72000122070312,130.77000427246094,131.47999572753906,13325500.0,128.1381072998047
2017-04-18,131.66000366210938,130.9499969482422,131.0399932861328,131.27999877929688,12841100.0,127.94319152832031
2017-04-19,132.2899932861328,131.30999755859375,131.85000610351562,131.49000549316406,17764800.0,128.14788818359375
2017-04-20,132.8800048828125,131.82000732421875,132.02000427246094,132.58999633789062,21977900.0,129.2198944091797
2017-04-21,132.75999450683594,132.22000122070312,132.7100067138672,132.55999755859375,22454900.0,129.19065856933594
2017-04-24,134.2899932861328,133.8000030517578,134.02999877929688,134.16000366210938,22469900.0,130.75003051757812
2017-04-25,135.3699951171875,134.47999572753906,134.60000610351562,135.1300048828125,19384400.0,131.69537353515625
2017-04-26,135.50999450683594,134.86000061035156,135.17999267578125,134.94000244140625,25398500.0,131.5101776123047
2017-04-27,135.75,135.19000244140625,135.27000427246094,135.75,16136500.0,132.29962158203125
2017-04-28,136.33999633789062,135.77000427246094,136.2899932861328,135.99000549316406,22771900.0,132.53350830078125
2017-05-01,137.3800048828125,136.3800048828125,136.44000244140625,137.1999969482422,24815500.0,133.71275329589844
2017-05-02,137.49000549316406,137.02000427246094,137.3699951171875,137.42999267578125,18345100.0,133.93690490722656
2017-05-03,137.1699981689453,136.6199951171875,137.1199951171875,136.99000549316406,23827600.0,133.5081024169922
2017-05-04,137.42999267578125,136.55999755859375,136.97000122070312,137.0399932861328,14630100.0,133.55679321289062
2017-05-05,137.5399932861328,136.8800048828125,137.38999938964844,137.5399932861328,19330700.0,134.04408264160156
2017-05-08,137.83999633789062,137.3300018310547,137.61000061035156,137.83999633789062,13279900.0,134.33648681640625
2017-05-09,138.6300048828125,137.92999267578125,138.0500030517578,138.32000732421875,28426100.0,134.80430603027344
2017-05-10,138.4499969482422,137.91000366210938,138.39999389648438,138.39999389648438,20499400.0,134.88223266601562
2017-05-11,138.3300018310547,137.3800048828125,138.02000427246094,138.2899932861328,27232100.0,134.77503967285156
2017-05-12,138.6300048828125,138.22999572753906,138.35000610351562,138.60000610351562,19738600.0,135.07717895507812
2017-05-15,139.1199951171875,138.52999877929688,138.66000366210938,139.0399932861328,20481300.0,135.50595092773438
2017-05-16,139.63999938964844,138.99000549316406,139.39999389648438,139.6199951171875,21786000.0,136.0712127685547
2017-05-17,138.77000427246094,136.0500030517578,138.50999450683594,136.07000732421875,55642200.0,132.6114959716797
2017-05-18,137.72000122070312,135.8699951171875,136.02000427246094,137.25999450683594,41319900.0,133.77120971679688
2017-05-19,138.4199981689453,137.66000366210938,137.75,137.83999633789062,36730100.0,134.33648681640625
2017-05-22,139.07000732421875,138.10000610351562,138.14999389648438,139.0,19509700.0,135.46702575683594
2017-05-23,139.4199981689453,138.77999877929688,139.41000366210938,139.13999938964844,19687500.0,135.6034393310547
2017-05-24,139.85000610351562,139.1699981689453,139.55999755859375,139.77999877929688,15891900.0,136.22718811035156
2017-05-25,141.3300018310547,140.00999450683594,140.30999755859375,140.97000122070312,23928600.0,137.38693237304688
2017-05-26,141.27999877929688,140.80999755859375,141.0,141.22000122070312,13851600.0,137.6305694580078
2017-05-30,141.50999450683594,141.05999755859375,141.14999389648438,141.33999633789062,20306400.0,137.74752807617188
2017-05-31,141.83999633789062,140.57000732421875,141.83999633789062,141.2899932861328,33229400.0,137.6988067626953
2017-06-01,141.89999389648438,140.97999572753906,141.5800018310547,141.83999633789062,20120700.0,138.23480224609375
2017-06-02,143.49000549316406,142.11000061035156,142.33999633789062,143.4600067138672,37222900.0,139.81365966796875
2017-06-05,143.67999267578125,143.22999572753906,143.4499969482422,143.42999267578125,15727500.0,139.78440856933594
2017-06-06,143.72999572753906,142.64999389648438,143.25999450683594,142.86000061035156,22393000.0,139.2288818359375
2017-06-07,143.5399932861328,142.60000610351562,143.25999450683594,143.4199981689453,18842400.0,139.77462768554688
2017-06-08,143.8000030517578,142.7899932861328,143.74000549316406,143.57000732421875,25417400.0,139.9208526611328
2017-06-09,143.89999389648438,138.11000061035156,143.74000549316406,139.97999572753906,109783700.0,136.42210388183594
2017-06-12,139.47999572753906,137.47000122070312,138.8000030517578,139.22999572753906,104454000.0,135.69114685058594
2017-06-13,140.55999755859375,139.27999877929688,140.00999450683594,140.36000061035156,51193000.0,136.79241943359375
2017-06-14,140.92999267578125,138.6199951171875,140.92999267578125,139.75,60093800.0,136.19793701171875
2017-06-15,139.27999877929688,137.49000549316406,138.33999633789062,139.1300048828125,55145200.0,135.59368896484375
2017-06-16,138.77999877929688,137.63999938964844,138.67999267578125,138.14999389648438,48087400.0,135.00538635253906
2017-06-19,140.58999633789062,139.27999877929688,139.49000549316406,140.4600067138672,39626500.0,137.2628173828125
2017-06-20,140.5,139.30999755859375,140.32000732421875,139.36000061035156,40935100.0,136.18783569335938
2017-06-21,140.80999755859375,139.58999633789062,139.67999267578125,140.74000549316406,35743400.0,137.5364227294922
2017-06-22,141.22000122070312,140.33999633789062,140.9600067138672,140.6999969482422,24099100.0,137.4973602294922
2017-06-23,141.4199981689453,140.14999389648438,140.5399932861328,141.24000549316406,21654300.0,138.02505493164062
2017-06-26,142.2899932861328,140.27000427246094,142.0500030517578,140.5800018310547,34411100.0,137.38009643554688
2017-06-27,140.22000122070312,138.02000427246094,140.0500030517578,138.02999877929688,65957800.0,134.8881378173828
2017-06-28,140.13999938964844,137.74000549316406,138.5399932861328,140.02000427246094,57427200.0,136.83285522460938
2017-06-29,139.44000244140625,136.25,139.44000244140625,137.58999633789062,88769400.0,134.45809936523438
2017-06-30,138.6699981689453,137.19000244140625,137.97999572753906,137.63999938964844,68898300.0,134.50697326660156
2017-07-03,138.42999267578125,136.10000610351562,138.27000427246094,136.19000244140625,32797000.0,133.0900115966797
2017-07-05,137.89999389648438,136.16000366210938,136.6199951171875,137.52999877929688,42116600.0,134.39950561523438
2017-07-06,137.05999755859375,135.8000030517578,136.47999572753906,136.2899932861328,48430500.0,133.18771362304688
2017-07-07,138.1300048828125,136.74000549316406,136.75,137.75999450683594,36970400.0,134.62425231933594
2017-07-10,138.99000549316406,137.5,137.85000610351562,138.66000366210938,24853500.0,135.50376892089844
2017-07-11,139.22000122070312,137.94000244140625,138.4600067138672,139.0500030517578,31517700.0,135.88491821289062
2017-07-12,140.86000061035156,139.9600067138672,140.24000549316406,140.6999969482422,36045800.0,137.4973602294922
2017-07-13,141.35000610351562,140.60000610351562,140.8699951171875,141.00999450683594,31073600.0,137.80029296875
2017-07-14,142.3000030517578,141.19000244140625,141.63999938964844,142.1199951171875,34544800.0,138.88502502441406
2017-07-17,142.69000244140625,141.9199981689453,142.27000427246094,142.19000244140625,25343200.0,138.95343017578125
2017-07-18,143.1699981689453,141.63999938964844,142.08999633789062,143.13999938964844,25748500.0,139.88182067871094
2017-07-19,144.19000244140625,143.5,143.55999755859375,143.97999572753906,33752300.0,140.7026824951172
2017-07-20,144.44000244140625,143.52000427246094,144.35000610351562,144.1699981689453,36139400.0,140.88836669921875
2017-07-21,144.11000061035156,143.35000610351562,143.63999938964844,144.11000061035156,39697100.0,140.8297576904297
2017-07-24,144.8699951171875,143.9199981689453,144.08999633789062,144.77000427246094,26712700.0,141.4747314453125
2017-07-25,144.74000549316406,144.00999450683594,144.2899932861328,144.39999389648438,28120900.0,141.1131134033203
2017-07-26,144.9499969482422,144.52999877929688,144.75999450683594,144.8699951171875,18610600.0,141.57241821289062
2017-07-27,145.9600067138672,142.3000030517578,145.82000732421875,143.9600067138672,80665900.0,140.6831512451172
2017-07-28,144.0800018310547,142.8699951171875,143.10000610351562,143.83999633789062,38013200.0,140.5658721923828
2017-07-31,144.42999267578125,142.9199981689453,144.25,143.22999572753906,33848600.0,139.96975708007812
2017-08-01,143.75999450683594,143.1199951171875,143.72000122070312,143.55999755859375,20149400.0,140.29226684570312
2017-08-02,144.52000427246094,142.61000061035156,144.49000549316406,143.9499969482422,41769700.0,140.6733856201172
2017-08-03,144.1699981689453,143.1300048828125,144.08999633789062,143.38999938964844,27112800.0,140.12611389160156
2017-08-04,143.97000122070312,143.05999755859375,143.7100067138672,143.64999389648438,29472900.0,140.3802032470703
2017-08-07,144.55999755859375,143.7100067138672,143.91000366210938,144.55999755859375,17933900.0,141.2694854736328
2017-08-08,145.47000122070312,143.89999389648438,144.27999877929688,144.30999755859375,30810400.0,141.02517700195312
2017-08-09,144.19000244140625,142.7899932861328,143.1199951171875,144.1199951171875,36169500.0,140.83949279785156
2017-08-10,143.39999389648438,140.88999938964844,143.3000030517578,141.02999877929688,63331700.0,137.81985473632812
2017-08-11,142.41000366210938,140.89999389648438,141.22000122070312,142.10000610351562,45862500.0,138.86549377441406
2017-08-14,144.14999389648438,143.19000244140625,143.22999572753906,143.92999267578125,34161000.0,140.65383911132812
2017-08-15,144.3000030517578,143.63999938964844,144.2899932861328,144.02999877929688,25509200.0,140.75155639648438
2017-08-16,144.9600067138672,143.8000030517578,144.38999938964844,144.27999877929688,31913000.0,140.995849609375
2017-08-17,143.94000244140625,141.3300018310547,143.72000122070312,141.3300018310547,70191000.0,138.11305236816406
2017-08-18,142.1999969482422,140.64999389648438,141.41000366210938,141.22999572753906,60751900.0,138.01528930664062
2017-08-21,141.52999877929688,140.17999267578125,141.22000122070312,141.0500030517578,37111500.0,137.83938598632812
2017-08-22,143.35000610351562,141.75999450683594,141.80999755859375,143.1999969482422,36294200.0,139.94041442871094
2017-08-23,143.00999450683594,142.3800048828125,142.47999572753906,142.69000244140625,25702300.0,139.44203186035156
2017-08-24,143.1699981689453,141.47000122070312,143.00999450683594,142.27000427246094,38160800.0,139.0316162109375
2017-08-25,143.17999267578125,141.77999877929688,142.82000732421875,141.97000122070312,26380400.0,138.73841857910156
2017-08-28,142.74000549316406,141.9499969482422,142.39999389648438,142.41000366210938,15362100.0,139.16842651367188
2017-08-29,143.2100067138672,141.05999755859375,141.19000244140625,142.97000122070312,24498300.0,139.71566772460938
2017-08-30,144.88999938964844,143.0,143.08999633789062,144.64999389648438,33642700.0,141.35743713378906
2017-08-31,146.2100067138672,144.97999572753906,145.05999755859375,146.1999969482422,38480700.0,142.87216186523438
2017-09-01,146.58999633789062,145.61000061035156,146.38999938964844,146.0,22293600.0,142.6767120361328
2017-09-05,145.8800048828125,143.60000610351562,145.57000732421875,144.69000244140625,44794300.0,141.3965301513672
2017-09-06,145.4600067138672,144.0800018310547,145.05999755859375,145.1300048828125,30722700.0,141.82650756835938
2017-09-07,145.83999633789062,144.94000244140625,145.39999389648438,145.47000122070312,22721100.0,142.15879821777344
2017-09-08,145.35000610351562,144.05999755859375,145.27999877929688,144.2100067138672,27890100.0,140.92747497558594
2017-09-11,146.1199951171875,145.3000030517578,145.33999633789062,145.8699951171875,27126300.0,142.54965209960938
2017-09-12,146.41000366210938,145.52999877929688,146.27999877929688,146.22000122070312,30256700.0,142.89170837402344
2017-09-13,146.44000244140625,145.72999572753906,145.97000122070312,146.4199981689453,28450900.0,143.08717346191406
2017-09-14,146.2899932861328,145.47000122070312,145.85000610351562,145.55999755859375,35296400.0,142.2467498779297
2017-09-15,146.58999633789062,145.2899932861328,145.52999877929688,146.05999755859375,46422400.0,142.73533630371094
2017-09-18,146.3699951171875,145.11000061035156,145.91000366210938,145.5500030517578,24858200.0,142.54827880859375
2017-09-19,146.00999450683594,145.30999755859375,145.80999755859375,145.8000030517578,20871200.0,142.79310607910156
2017-09-20,145.91000366210938,144.22999572753906,145.75,145.35000610351562,34236200.0,142.3524169921875
2017-09-21,145.25999450683594,143.9499969482422,145.25,144.4600067138672,28841800.0,141.4807891845703
2017-09-22,144.52999877929688,143.85000610351562,144.0,144.32000732421875,21702400.0,141.3436737060547
2017-09-25,143.8300018310547,142.10000610351562,143.75,142.8000030517578,54947700.0,139.85498046875
2017-09-26,143.8000030517578,142.6699981689453,143.52999877929688,143.1699981689453,29628800.0,140.2173309326172
2017-09-27,145.0,143.57000732421875,143.92999267578125,144.4600067138672,33249400.0,141.4807891845703
2017-09-28,144.55999755859375,143.77999877929688,144.11000061035156,144.41000366210938,24149400.0,141.43182373046875
2017-09-29,145.55999755859375,144.32000732421875,144.6999969482422,145.4499969482422,43102400.0,142.45033264160156
2017-10-02,146.1699981689453,144.92999267578125,145.6699981689453,145.5800018310547,27351300.0,142.57766723632812
2017-10-03,146.05999755859375,145.4499969482422,145.77000427246094,145.88999938964844,19715200.0,142.8812713623047
2017-10-04,146.33999633789062,145.47000122070312,145.61000061035156,146.02999877929688,26381100.0,143.0183868408203
2017-10-05,147.5399932861328,146.41000366210938,146.55999755859375,147.4600067138672,31562400.0,144.4188995361328
2017-10-06,147.66000366210938,146.9600067138672,146.9600067138672,147.66000366210938,23561100.0,144.61476135253906
2017-10-09,148.00999450683594,147.3000030517578,147.85000610351562,147.49000549316406,13704800.0,144.44827270507812
2017-10-10,148.13999938964844,146.9499969482422,147.99000549316406,147.60000610351562,19223100.0,144.5560302734375
2017-10-11,148.07000732421875,147.33999633789062,147.52999877929688,148.0399932861328,12439100.0,144.98692321777344
2017-10-12,148.35000610351562,147.6199951171875,147.82000732421875,147.77000427246094,14513500.0,144.72250366210938
2017-10-13,148.50999450683594,147.77999877929688,148.3699951171875,148.33999633789062,18409900.0,145.28073120117188
2017-10-16,148.88999938964844,148.38999938964844,148.7100067138672,148.85000610351562,21809400.0,145.78024291992188
2017-10-17,149.05999755859375,148.57000732421875,148.8000030517578,149.0399932861328,13138200.0,145.96630859375
2017-10-18,149.2100067138672,148.63999938964844,149.19000244140625,148.86000061035156,17218200.0,145.79002380371094
2017-10-19,148.3300018310547,147.27000427246094,147.99000549316406,148.30999755859375,27680300.0,145.25135803222656
2017-10-20,149.0399932861328,148.52999877929688,148.91000366210938,148.7100067138672,30173300.0,145.6431121826172
2017-10-23,149.02999877929688,147.52999877929688,149.02000427246094,147.74000549316406,29297100.0,144.693115234375
2017-10-24,148.3000030517578,147.44000244140625,148.02999877929688,147.99000549316406,20289500.0,144.93795776367188
2017-10-25,148.17999267578125,146.3300018310547,147.6999969482422,147.42999267578125,36179100.0,144.38951110839844
2017-10-26,147.7100067138672,146.9199981689453,147.33999633789062,146.9600067138672,28230200.0,143.92919921875
2017-10-27,151.52000427246094,149.1999969482422,149.42999267578125,151.24000549316406,60165100.0,148.12095642089844
2017-10-30,152.19000244140625,150.99000549316406,151.1300048828125,151.5800018310547,31733400.0,148.4539337158203
2017-10-31,152.3699951171875,151.6300048828125,152.07000732421875,152.14999389648438,26319300.0,149.0121612548828
2017-11-01,152.8300018310547,151.5,152.75999450683594,152.10000610351562,29481600.0,148.96319580078125
2017-11-02,151.99000549316406,150.77000427246094,151.92999267578125,151.80999755859375,31017400.0,148.67919921875
2017-11-03,153.2899932861328,151.83999633789062,152.36000061035156,153.27000427246094,26199200.0,150.1090545654297
2017-11-06,153.85000610351562,153.10000610351562,153.14999389648438,153.7899932861328,28693900.0,150.61834716796875
2017-11-07,154.0800018310547,153.33999633789062,153.6699981689453,153.8800048828125,21333100.0,150.7064971923828
2017-11-08,154.5399932861328,153.6199951171875,153.8000030517578,154.5,17373500.0,151.31369018554688
2017-11-09,153.77000427246094,152.11000061035156,153.22999572753906,153.69000244140625,40594500.0,150.5204315185547
2017-11-10,153.8000030517578,153.05999755859375,153.3300018310547,153.67999267578125,20150800.0,150.51063537597656
2017-11-13,154.07000732421875,153.10000610351562,153.10000610351562,153.8699951171875,12522400.0,150.69668579101562
2017-11-14,153.5,152.57000732421875,153.3300018310547,153.30999755859375,25173800.0,150.14825439453125
2017-11-15,153.0,151.77999877929688,152.64999389648438,152.58999633789062,24808000.0,149.44309997558594
2017-11-16,154.88999938964844,153.3300018310547,153.36000061035156,154.5399932861328,34790600.0,151.35289001464844
2017-11-17,154.69000244140625,153.8000030517578,154.5800018310547,153.9499969482422,28725800.0,150.77505493164062
2017-11-20,154.1999969482422,153.61000061035156,154.05999755859375,153.8300018310547,21143900.0,150.65753173828125
2017-11-21,155.57000732421875,154.49000549316406,154.55999755859375,155.5,20147800.0,152.29307556152344
2017-11-22,155.83999633789062,155.33999633789062,155.63999938964844,155.69000244140625,17299000.0,152.4791717529297
2017-11-24,156.30999755859375,155.75999450683594,155.85000610351562,156.25999450683594,8280600.0,153.03741455078125
2017-11-27,156.55999755859375,155.8300018310547,156.2100067138672,156.19000244140625,22653400.0,152.96888732910156
2017-11-28,156.69000244140625,155.6999969482422,156.5399932861328,156.58999633789062,25227300.0,153.36062622070312
2017-11-29,156.4499969482422,153.1199951171875,156.41000366210938,153.86000061035156,71986300.0,150.68692016601562
2017-11-30,155.4499969482422,154.14999389648438,154.50999450683594,155.14999389648438,56595500.0,151.95028686523438
2017-12-01,155.24000549316406,152.25999450683594,154.1999969482422,154.49000549316406,59015800.0,151.30393981933594
2017-12-04,155.6300048828125,152.55999755859375,155.4600067138672,152.7100067138672,51319100.0,149.5606231689453
2017-12-05,154.5500030517578,152.10000610351562,152.67999267578125,152.80999755859375,40604200.0,149.65858459472656
2017-12-06,153.74000549316406,152.05999755859375,152.24000549316406,153.5,28647800.0,150.33432006835938
2017-12-07,154.4600067138672,153.3300018310547,153.49000549316406,154.02000427246094,32666200.0,150.84359741210938
2017-12-08,155.52999877929688,154.4600067138672,155.14999389648438,154.6999969482422,28081700.0,151.5095977783203
2017-12-11,155.9499969482422,154.75999450683594,154.77000427246094,155.89999389648438,20821500.0,152.684814453125
2017-12-12,156.14999389648438,155.36000061035156,155.8300018310547,155.69000244140625,20310300.0,152.4791717529297
2017-12-13,156.49000549316406,155.75999450683594,156.32000732421875,155.99000549316406,24418500.0,152.7729949951172
2017-12-14,156.66000366210938,155.7100067138672,156.25999450683594,155.8800048828125,24594700.0,152.66525268554688
2017-12-15,157.82000732421875,156.22999572753906,156.49000549316406,157.64999389648438,49816200.0,154.3987274169922
2017-12-18,158.77000427246094,158.07000732421875,158.36000061035156,158.63999938964844,26844500.0,155.69325256347656
2017-12-19,158.5,157.25999450683594,158.33999633789062,157.6999969482422,31415000.0,154.77069091796875
2017-12-20,158.27999877929688,156.91000366210938,158.25,157.52999877929688,38972600.0,154.60385131835938
2017-12-21,158.25,157.3699951171875,157.75,157.5500030517578,18638700.0,154.62347412109375
2017-12-22,157.42999267578125,156.9499969482422,157.30999755859375,157.3699951171875,23330400.0,154.44683837890625
2017-12-26,156.72000122070312,155.9499969482422,156.49000549316406,156.52000427246094,21918700.0,153.61264038085938
2017-12-27,156.9600067138672,156.38999938964844,156.52999877929688,156.5399932861328,22388200.0,153.6322479248047
2017-12-28,157.07000732421875,156.5399932861328,157.0399932861328,156.72999572753906,25393800.0,153.81871032714844
2017-12-29,156.89999389648438,155.6999969482422,156.8699951171875,155.75999450683594,33186000.0,152.86672973632812
2018-01-02,158.52999877929688,156.1699981689453,156.55999755859375,158.49000549316406,32573300.0,155.5460205078125
2018-01-03,160.1699981689453,158.61000061035156,158.63999938964844,160.02999877929688,29383600.0,157.0574188232422
2018-01-04,160.7899932861328,160.0800018310547,160.5800018310547,160.30999755859375,24776100.0,157.3321990966797
2018-01-05,162.02999877929688,160.77000427246094,161.07000732421875,161.9199981689453,26992300.0,158.9123077392578
2018-01-08,162.6300048828125,161.86000061035156,161.9199981689453,162.5500030517578,23159100.0,159.53060913085938
2018-01-09,163.0399932861328,162.07000732421875,162.8699951171875,162.55999755859375,24782400.0,159.54043579101562
2018-01-10,162.2100067138672,161.1199951171875,161.83999633789062,162.17999267578125,34004000.0,159.16748046875
2018-01-11,163.3000030517578,162.2100067138672,162.4600067138672,163.2899932861328,20473500.0,160.2568359375
2018-01-12,164.66000366210938,162.94000244140625,163.14999389648438,164.49000549316406,37762700.0,161.43458557128906
2018-01-16,166.4199981689453,163.52999877929688,165.5800018310547,164.02000427246094,41231800.0,160.9733123779297
2018-01-17,166.0399932861328,164.0,164.8000030517578,165.7899932861328,33849900.0,162.71043395996094
2018-01-18,166.1999969482422,165.13999938964844,165.52999877929688,165.82000732421875,26432200.0,162.73989868164062
2018-01-19,166.61000061035156,165.5399932861328,166.30999755859375,166.33999633789062,38937600.0,163.25021362304688
2018-01-22,168.1199951171875,166.08999633789062,166.27999877929688,168.1199951171875,26081400.0,164.99713134765625
2018-01-23,169.66000366210938,168.55999755859375,168.63999938964844,169.50999450683594,37989700.0,166.36131286621094
2018-01-24,170.24000549316406,167.44000244140625,169.8699951171875,168.41000366210938,54287400.0,165.28175354003906
2018-01-25,169.6300048828125,167.80999755859375,169.57000732421875,168.35000610351562,28925000.0,165.22286987304688
2018-01-26,170.9499969482422,168.9600067138672,169.2899932861328,170.92999267578125,32038200.0,167.75491333007812
2018-01-29,170.91000366210938,169.74000549316406,170.57000732421875,170.10000610351562,37277800.0,166.94036865234375
2018-01-30,169.4199981689453,167.82000732421875,168.5500030517578,168.6999969482422,44987700.0,165.56637573242188
2018-01-31,169.99000549316406,168.33999633789062,169.64999389648438,169.39999389648438,42449200.0,166.2533721923828
2018-02-01,169.72999572753906,167.4199981689453,168.10000610351562,167.9600067138672,38037900.0,164.84010314941406
2018-02-02,167.6999969482422,164.47000122070312,167.3000030517578,164.61000061035156,68478100.0,161.55233764648438
2018-02-05,165.75,158.0,163.07000732421875,158.1199951171875,105372200.0,155.18289184570312
2018-02-06,162.50999450683594,155.10000610351562,155.80999755859375,162.30999755859375,118537900.0,159.29510498046875
2018-02-07,163.5500030517578,160.1999969482422,161.7899932861328,160.2100067138672,91028300.0,157.23410034179688
2018-02-08,160.8000030517578,153.4499969482422,160.6199951171875,153.4499969482422,94184800.0,150.59962463378906
2018-02-09,157.24000549316406,150.1300048828125,155.6199951171875,156.10000610351562,113836600.0,153.20042419433594
2018-02-12,159.9499969482422,156.4600067138672,157.6999969482422,158.8699951171875,63050600.0,155.91897583007812
2018-02-13,160.00999450683594,157.72000122070312,157.9600067138672,159.69000244140625,31785600.0,156.72372436523438
2018-02-14,162.92999267578125,158.0,158.75,162.67999267578125,52107400.0,159.658203125
2018-02-15,165.6999969482422,162.44000244140625,164.13999938964844,165.6999969482422,51633900.0,162.62208557128906
2018-02-16,166.75999450683594,164.67999267578125,165.16000366210938,164.9600067138672,62256300.0,161.89584350585938
2018-02-20,166.67999267578125,164.30999755859375,164.3800048828125,165.2899932861328,36785600.0,162.2197265625
2018-02-21,167.72000122070312,164.72000122070312,166.10000610351562,164.82000732421875,41161800.0,161.75845336914062
2018-02-22,166.4199981689453,164.3800048828125,165.5399932861328,164.8000030517578,37074400.0,161.7388458251953
2018-02-23,168.1699981689453,165.4499969482422,166.1300048828125,168.1699981689453,50096900.0,165.04620361328125
2018-02-26,170.39999389648438,168.82000732421875,168.9600067138672,170.39999389648438,39266700.0,167.23477172851562
2018-02-27,170.72999572753906,168.2100067138672,170.4499969482422,168.2899932861328,42209900.0,165.1639862060547
2018-02-28,169.8000030517578,167.10000610351562,169.25,167.2100067138672,42936300.0,164.10406494140625
2018-03-01,168.07000732421875,163.0,167.3000030517578,164.47999572753906,76809900.0,161.42474365234375
2018-03-02,166.27999877929688,161.9600067138672,162.5,165.99000549316406,57445100.0,162.90670776367188
2018-03-05,168.25999450683594,164.58999633789062,165.2100067138672,167.8300018310547,38540200.0,164.71255493164062
2018-03-06,169.11000061035156,167.47999572753906,168.64999389648438,168.5399932861328,29480900.0,165.40931701660156
2018-03-07,169.07000732421875,166.9600067138672,167.25,168.92999267578125,34609400.0,165.79208374023438
2018-03-08,169.97999572753906,168.9499969482422,169.6300048828125,169.86000061035156,25828400.0,166.70484924316406
2018-03-09,173.16000366210938,170.82000732421875,171.07000732421875,173.16000366210938,38310500.0,169.94351196289062
2018-03-12,174.47999572753906,173.27999877929688,173.6699981689453,174.0800018310547,37635000.0,170.84645080566406
2018-03-13,175.2100067138672,171.27000427246094,174.47999572753906,171.7100067138672,55638900.0,168.52047729492188
2018-03-14,172.74000549316406,170.92999267578125,172.61000061035156,171.67999267578125,40536400.0,168.49099731445312
2018-03-15,172.52999877929688,170.89999389648438,171.8000030517578,171.52999877929688,28810400.0,168.34381103515625
2018-03-16,172.1999969482422,170.94000244140625,171.82000732421875,171.02000427246094,31176700.0,167.8433074951172
2018-03-19,169.22000122070312,165.63999938964844,169.10000610351562,167.10000610351562,71395100.0,164.2621612548828
2018-03-20,168.0399932861328,166.61000061035156,167.1699981689453,167.64999389648438,34075700.0,164.80282592773438
2018-03-21,168.75999450683594,166.19000244140625,167.2100067138672,166.9199981689453,43863500.0,164.085205078125
2018-03-22,165.77000427246094,162.58999633789062,164.61000061035156,162.8000030517578,66607300.0,160.03515625
2018-03-23,163.3000030517578,158.42999267578125,162.61000061035156,158.50999450683594,80110400.0,155.81802368164062
2018-03-26,164.60000610351562,159.16000366210938,161.72000122070312,164.39999389648438,57481500.0,161.6079864501953
2018-03-27,165.6199951171875,157.67999267578125,165.6199951171875,159.0800018310547,78889100.0,156.37835693359375
2018-03-28,159.77999877929688,156.0399932861328,158.1699981689453,157.25,89369700.0,154.5794219970703
2018-03-29,161.7100067138672,156.6300048828125,158.10000610351562,160.1300048828125,68692600.0,157.41050720214844
2018-04-02,159.74000549316406,153.8800048828125,158.99000549316406,155.50999450683594,85549400.0,152.86895751953125
2018-04-03,157.9199981689453,154.44000244140625,156.8699951171875,157.25999450683594,64090000.0,154.58924865722656
2018-04-04,160.22999572753906,154.0399932861328,154.22000122070312,159.74000549316406,65768700.0,157.02716064453125
2018-04-05,161.5800018310547,159.47999572753906,161.3300018310547,160.64999389648438,43054900.0,157.92169189453125
2018-04-06,160.4600067138672,155.8800048828125,158.8800048828125,156.6300048828125,59870900.0,153.969970703125
2018-04-09,160.8800048828125,157.4600067138672,157.97999572753906,157.72999572753906,41810400.0,155.05126953125
2018-04-10,161.72999572753906,159.07000732421875,160.2100067138672,161.2100067138672,48296800.0,158.47218322753906
2018-04-11,162.0,160.10000610351562,160.1999969482422,160.27999877929688,41622100.0,157.55796813964844
2018-04-12,162.77000427246094,161.16000366210938,161.25,162.2100067138672,30467900.0,159.4552001953125
2018-04-13,163.25999450683594,160.6699981689453,163.02000427246094,161.3699951171875,44604900.0,158.62945556640625
2018-04-16,163.19000244140625,161.47999572753906,162.5,162.60000610351562,28180800.0,159.8385772705078
2018-04-17,166.4600067138672,163.91000366210938,164.24000549316406,166.10000610351562,35536100.0,163.27914428710938
2018-04-18,167.0,165.30999755859375,166.10000610351562,166.44000244140625,29573900.0,163.61337280273438
2018-04-19,165.99000549316406,164.33999633789062,165.60000610351562,164.91000366210938,34705700.0,162.10934448242188
2018-04-20,164.61000061035156,161.72999572753906,164.49000549316406,162.3000030517578,49197100.0,159.5436553955078
2018-04-23,163.72999572753906,161.02000427246094,163.08999633789062,161.88999938964844,33040600.0,159.14064025878906
2018-04-24,162.91000366210938,157.38999938964844,162.66000366210938,158.4600067138672,70256800.0,155.76890563964844
2018-04-25,159.30999755859375,156.47000122070312,158.74000549316406,158.64999389648438,52089300.0,155.95562744140625
2018-04-26,162.52999877929688,160.17999267578125,160.6999969482422,161.99000549316406,43005500.0,159.23895263671875
2018-04-27,164.41000366210938,161.1699981689453,164.3699951171875,162.08999633789062,51043400.0,159.33724975585938
2018-04-30,163.47999572753906,160.5399932861328,162.47000122070312,160.94000244140625,35615300.0,158.20677185058594
2018-05-01,162.8000030517578,160.13999938964844,160.52000427246094,162.77999877929688,36513500.0,160.0155029296875
2018-05-02,163.57000732421875,161.6300048828125,163.05999755859375,161.82000732421875,38646800.0,159.07183837890625
2018-05-03,162.39999389648438,159.22000122070312,161.0,161.8000030517578,60337100.0,159.05215454101562
2018-05-04,165.25,160.97999572753906,161.10000610351562,164.8699951171875,41543200.0,162.0700225830078
2018-05-07,166.77999877929688,165.50999450683594,165.63999938964844,166.24000549316406,32500200.0,163.41677856445312
2018-05-08,166.42999267578125,164.86000061035156,165.88999938964844,166.07000732421875,26040200.0,163.24964904785156
2018-05-09,168.0,165.77999877929688,166.3699951171875,167.8800048828125,29122700.0,165.02891540527344
2018-05-10,169.74000549316406,168.2899932861328,168.4199981689453,169.6199951171875,27067600.0,166.73934936523438
2018-05-11,169.86000061035156,168.72000122070312,169.4199981689453,169.4600067138672,24688800.0,166.58206176757812
2018-05-14,170.82000732421875,169.47000122070312,169.85000610351562,169.75,21821700.0,166.86715698242188
2018-05-15,168.5,166.97999572753906,168.41000366210938,167.8699951171875,49361600.0,165.01905822753906
2018-05-16,169.3699951171875,168.00999450683594,168.08999633789062,168.97999572753906,22941200.0,166.11019897460938
2018-05-17,169.61000061035156,167.50999450683594,168.38999938964844,168.3300018310547,27480200.0,165.47125244140625
2018-05-18,168.25999450683594,167.2100067138672,167.67999267578125,167.4600067138672,26217900.0,164.61605834960938
2018-05-21,169.5,167.67999267578125,168.75999450683594,168.39999389648438,22954600.0,165.5400848388672
2018-05-22,169.4499969482422,167.8800048828125,169.1699981689453,168.17999267578125,19477700.0,165.3238067626953
2018-05-23,169.6199951171875,166.8800048828125,166.89999389648438,169.60000610351562,26557800.0,166.71969604492188
2018-05-24,169.85000610351562,167.83999633789062,169.5500030517578,169.5500030517578,27696500.0,166.6705322265625
2018-05-25,170.3300018310547,169.2100067138672,169.52999877929688,169.72000122070312,27460500.0,166.83766174316406
2018-05-29,169.9199981689453,167.9600067138672,168.9499969482422,168.97000122070312,41220500.0,166.10037231445312
2018-05-30,170.47999572753906,169.22000122070312,169.5800018310547,170.17999267578125,22665800.0,167.2898406982422
2018-05-31,171.1999969482422,169.6300048828125,170.17999267578125,170.07000732421875,35670900.0,167.1817169189453
2018-06-01,172.83999633789062,170.8699951171875,170.9199981689453,172.74000549316406,45543300.0,169.8063507080078
2018-06-04,174.33999633789062,173.07000732421875,173.17999267578125,174.3000030517578,20459600.0,171.3398895263672
2018-06-05,175.1300048828125,174.07000732421875,174.7100067138672,174.83999633789062,24779300.0,171.8706817626953
2018-06-06,175.88999938964844,174.13999938964844,175.02000427246094,175.86000061035156,25036600.0,172.87338256835938
2018-06-07,175.92999267578125,173.5500030517578,175.88999938964844,174.42999267578125,39600300.0,171.46766662597656
2018-06-08,174.8800048828125,173.17999267578125,173.61000061035156,174.44000244140625,31780300.0,171.4774932861328
2018-06-11,175.33999633789062,174.27999877929688,174.30999755859375,174.91000366210938,22319700.0,171.93951416015625
2018-06-12,176.0,174.9600067138672,175.14999389648438,175.8300018310547,22511800.0,172.84388732910156
2018-06-13,177.13999938964844,175.42999267578125,176.10000610351562,175.82000732421875,37858600.0,172.83407592773438
2018-06-14,177.88999938964844,176.5,176.6300048828125,177.60000610351562,35916000.0,174.5838623046875
2018-06-15,177.3300018310547,176.11000061035156,176.92999267578125,176.97999572753906,49615700.0,173.97438049316406
2018-06-18,176.64999389648438,174.94000244140625,175.49000549316406,176.5,31633200.0,173.87388610839844
2018-06-19,176.0399932861328,173.7100067138672,174.27000427246094,176.0,38236000.0,173.38131713867188
2018-06-20,177.97999572753906,176.64999389648438,176.80999755859375,177.25,33038000.0,174.61273193359375
2018-06-21,177.8800048828125,175.3699951171875,177.6999969482422,175.7100067138672,43469400.0,173.09564208984375
2018-06-22,176.3699951171875,174.69000244140625,176.3000030517578,175.32000732421875,30073200.0,172.71144104003906
2018-06-25,173.99000549316406,169.80999755859375,173.72999572753906,171.3699951171875,77799700.0,168.82022094726562
2018-06-26,173.05999755859375,171.3699951171875,172.0,172.07000732421875,39008100.0,169.509765625
2018-06-27,173.5800018310547,169.61000061035156,172.8000030517578,169.72999572753906,52843500.0,167.20458984375
2018-06-28,171.77000427246094,169.1699981689453,169.52000427246094,171.19000244140625,46407700.0,168.64288330078125
2018-06-29,172.9199981689453,171.39999389648438,172.00999450683594,171.64999389648438,36408500.0,169.09603881835938
2018-07-02,172.85000610351562,169.6699981689453,170.0399932861328,172.8000030517578,31770000.0,170.22891235351562
2018-07-03,173.4499969482422,170.6300048828125,173.4499969482422,170.8000030517578,25512700.0,168.2586669921875
2018-07-05,173.05999755859375,171.02999877929688,171.91000366210938,172.9199981689453,31626200.0,170.3471221923828
2018-07-06,175.74000549316406,173.0,173.32000732421875,175.61000061035156,37005600.0,172.9971160888672
2018-07-09,177.22999572753906,175.82000732421875,176.52000427246094,177.19000244140625,27362100.0,174.55361938476562
2018-07-10,177.72000122070312,176.7100067138672,177.52000427246094,177.32000732421875,23902500.0,174.6816864013672
2018-07-11,177.07000732421875,175.8000030517578,175.92999267578125,176.4199981689453,30280600.0,173.79507446289062
2018-07-12,179.4600067138672,177.0800018310547,177.1999969482422,179.4600067138672,27930100.0,176.78982543945312
2018-07-13,179.89999389648438,178.9499969482422,179.4499969482422,179.61000061035156,28049800.0,176.93759155273438
2018-07-16,179.9499969482422,178.8800048828125,179.64999389648438,179.17999267578125,21405300.0,176.51397705078125
2018-07-17,180.64999389648438,177.27999877929688,177.27999877929688,180.27000427246094,31034100.0,177.58778381347656
2018-07-18,180.44000244140625,179.3800048828125,180.2899932861328,179.92999267578125,23220800.0,177.25283813476562
2018-07-19,179.8800048828125,178.82000732421875,179.27999877929688,179.02999877929688,31094100.0,176.36622619628906
2018-07-20,180.1699981689453,178.7899932861328,179.57000732421875,178.99000549316406,35897300.0,176.3268280029297
2018-07-23,179.63999938964844,177.74000549316406,178.4600067138672,179.55999755859375,22184700.0,176.8883514404297
2018-07-24,182.0500030517578,179.55999755859375,181.41000366210938,180.3000030517578,36900300.0,177.6173095703125
2018-07-25,182.92999267578125,180.2899932861328,180.3800048828125,182.82000732421875,35026600.0,180.09983825683594
2018-07-26,180.9199981689453,179.80999755859375,180.33999633789062,180.0500030517578,40873500.0,177.37103271484375
2018-07-27,181.30999755859375,176.60000610351562,181.19000244140625,177.6199951171875,59456100.0,174.9772186279297
2018-07-30,177.72999572753906,174.27000427246094,177.6300048828125,175.11000061035156,60193000.0,172.50454711914062
2018-07-31,177.1300048828125,174.82000732421875,175.8000030517578,176.4499969482422,47285100.0,173.82461547851562
2018-08-01,177.64999389648438,176.10000610351562,176.86000061035156,177.1199951171875,37101900.0,174.48463439941406
2018-08-02,179.74000549316406,175.7899932861328,175.8699951171875,179.52999877929688,47178200.0,176.85877990722656
2018-08-03,180.08999633789062,179.0800018310547,179.8699951171875,180.0800018310547,28934400.0,177.40061950683594
2018-08-06,181.19000244140625,179.74000549316406,179.9600067138672,181.13999938964844,24808800.0,178.44482421875
2018-08-07,182.13999938964844,181.25999450683594,181.64999389648438,181.8000030517578,29895700.0,179.09503173828125
2018-08-08,182.35000610351562,181.05999755859375,181.5500030517578,182.02000427246094,22680700.0,179.31173706054688
2018-08-09,182.6300048828125,181.63999938964844,181.91000366210938,181.91000366210938,18852900.0,179.20338439941406
2018-08-10,181.22000122070312,179.83999633789062,180.67999267578125,180.52000427246094,33818500.0,177.8340606689453
2018-08-13,182.00999450683594,180.24000549316406,180.85000610351562,180.32000732421875,26089200.0,177.6370391845703
2018-08-14,181.66000366210938,180.0399932861328,181.00999450683594,181.4499969482422,20913000.0,178.75021362304688
2018-08-15,180.5800018310547,178.1199951171875,180.00999450683594,179.22999572753906,58528000.0,176.56324768066406
2018-08-16,180.99000549316406,179.47000122070312,180.61000061035156,179.82000732421875,27711800.0,177.14447021484375
2018-08-17,180.30999755859375,178.27000427246094,179.35000610351562,179.86000061035156,36092600.0,177.1838836669922
2018-08-20,180.3300018310547,179.0,180.25999450683594,179.6999969482422,24939000.0,177.0262451171875
2018-08-21,181.44000244140625,180.1300048828125,180.24000549316406,180.36000061035156,26258700.0,177.6764373779297
2018-08-22,181.27000427246094,179.75,179.97999572753906,181.05999755859375,18042400.0,178.36602783203125
2018-08-23,182.0500030517578,180.5,180.74000549316406,180.8000030517578,25776200.0,178.1099090576172
2018-08-24,182.6300048828125,181.36000061035156,181.39999389648438,182.47999572753906,23136100.0,179.764892578125
2018-08-27,184.33999633789062,183.11000061035156,183.39999389648438,184.33999633789062,29343600.0,181.5972137451172
2018-08-28,185.02000427246094,184.22000122070312,184.8300018310547,184.61000061035156,20277000.0,181.86318969726562
2018-08-29,186.83999633789062,184.86000061035156,184.92999267578125,186.74000549316406,29175600.0,183.96151733398438
2018-08-30,187.52000427246094,185.7899932861328,186.3800048828125,186.41000366210938,29315500.0,183.63641357421875
2018-08-31,187.17999267578125,185.97999572753906,186.17999267578125,186.64999389648438,28653200.0,183.87283325195312
2018-09-04,186.39999389648438,184.85000610351562,186.0800018310547,185.85000610351562,29063500.0,183.0847625732422
2018-09-05,185.5500030517578,182.82000732421875,185.52000427246094,183.4499969482422,42623300.0,180.720458984375
2018-09-06,183.75,180.5800018310547,183.52999877929688,181.80999755859375,46091400.0,179.10487365722656
2018-09-07,182.6699981689453,180.44000244140625,180.5,181.11000061035156,46629500.0,178.41526794433594
2018-09-10,182.25,180.72999572753906,182.14999389648438,181.72000122070312,26132000.0,179.0161895751953
2018-09-11,183.4199981689453,180.52000427246094,180.99000549316406,183.1199951171875,30116500.0,180.39537048339844
2018-09-12,182.97999572753906,181.00999450683594,182.85000610351562,182.5800018310547,36204000.0,179.86341857910156
2018-09-13,184.8800048828125,183.63999938964844,183.72000122070312,184.52999877929688,31133200.0,181.78440856933594
2018-09-14,184.9499969482422,183.25999450683594,184.66000366210938,183.99000549316406,31224100.0,181.25242614746094
2018-09-17,183.80999755859375,181.1699981689453,183.67999267578125,181.33999633789062,33071200.0,178.64186096191406
2018-09-18,183.72999572753906,181.39999389648438,181.49000549316406,182.83999633789062,31877300.0,180.11952209472656
2018-09-19,183.3000030517578,181.50999450683594,182.8699951171875,182.6999969482422,31843400.0,179.9816436767578
2018-09-20,184.97000122070312,183.52000427246094,183.9600067138672,184.72000122070312,33295800.0,181.97158813476562
2018-09-21,185.47999572753906,183.47999572753906,185.22000122070312,183.7100067138672,38605400.0,180.9766082763672
2018-09-24,183.9600067138672,181.3000030517578,182.0500030517578,183.88999938964844,34945600.0,181.4799041748047
2018-09-25,184.27999877929688,183.17999267578125,183.80999755859375,184.13999938964844,25277500.0,181.72662353515625
2018-09-26,185.99000549316406,183.91000366210938,184.3000030517578,184.27000427246094,36210600.0,181.8549346923828
2018-09-27,186.49000549316406,184.9199981689453,185.02000427246094,185.8300018310547,33113300.0,183.39447021484375
2018-09-28,186.27999877929688,184.97000122070312,185.30999755859375,185.7899932861328,28076800.0,183.3550262451172
2018-10-01,187.52999877929688,185.6999969482422,186.8699951171875,186.1699981689453,27371300.0,183.7300262451172
2018-10-02,187.17999267578125,185.32000732421875,186.00999450683594,185.75,25618600.0,183.31553649902344
2018-10-03,186.97000122070312,185.66000366210938,186.52999877929688,185.9499969482422,29128700.0,183.51292419433594
2018-10-04,185.32000732421875,181.05999755859375,185.1999969482422,182.3800048828125,80557300.0,179.98971557617188
2018-10-05,182.97000122070312,178.42999267578125,182.36000061035156,180.14999389648438,83325600.0,177.78890991210938
2018-10-08,180.63999938964844,176.92999267578125,179.52000427246094,179.0500030517578,66864500.0,176.70335388183594
2018-10-09,181.02000427246094,178.75,179.17999267578125,179.6300048828125,49097900.0,177.2757568359375
2018-10-10,178.6199951171875,171.5,178.50999450683594,171.72999572753906,114471100.0,169.47926330566406
2018-10-11,173.39999389648438,167.80999755859375,171.02000427246094,169.60000610351562,143084500.0,167.377197265625
2018-10-12,174.86000061035156,170.92999267578125,174.1699981689453,174.32000732421875,102078400.0,172.0353240966797
2018-10-15,174.0399932861328,171.55999755859375,173.7100067138672,172.2100067138672,64885300.0,169.95298767089844
2018-10-16,177.64999389648438,173.6999969482422,174.02000427246094,177.22000122070312,71979700.0,174.8973388671875
2018-10-17,178.25999450683594,175.47000122070312,178.0800018310547,177.2899932861328,66987600.0,174.96640014648438
2018-10-18,176.67999267578125,172.44000244140625,176.6199951171875,173.17999267578125,82486200.0,170.9102783203125
2018-10-19,176.07000732421875,172.38999938964844,174.5800018310547,173.02000427246094,82923700.0,170.75238037109375
2018-10-22,175.25,172.58999633789062,174.05999755859375,173.91000366210938,52909300.0,171.63070678710938
2018-10-23,174.1300048828125,168.82000732421875,170.63999938964844,173.27000427246094,77567000.0,170.99908447265625
2018-10-24,173.36000061035156,165.0399932861328,173.07000732421875,165.33999633789062,102997400.0,163.17300415039062
2018-10-25,172.0800018310547,167.16000366210938,167.91000366210938,171.05999755859375,83481100.0,168.81805419921875
2018-10-26,169.9600067138672,164.22999572753906,165.1999969482422,166.66000366210938,130970900.0,164.47572326660156
2018-10-29,169.86000061035156,160.08999633789062,169.2100067138672,163.22999572753906,111871900.0,161.09068298339844
2018-10-30,166.0399932861328,162.00999450683594,162.75,165.9199981689453,92584000.0,163.74542236328125
2018-10-31,171.25,168.5399932861328,168.6199951171875,169.82000732421875,73828600.0,167.5943145751953
2018-11-01,172.24000549316406,168.77999877929688,170.07000732421875,172.05999755859375,52706800.0,169.80494689941406
2018-11-02,172.5500030517578,168.22000122070312,171.52999877929688,169.3800048828125,75966800.0,167.1600799560547
2018-11-05,169.66000366210938,167.0800018310547,169.60000610351562,168.9600067138672,39573500.0,166.74560546875
2018-11-06,171.19000244140625,168.72000122070312,168.97000122070312,170.24000549316406,34410400.0,168.00881958007812
2018-11-07,175.5800018310547,171.8699951171875,172.27999877929688,175.5800018310547,51169600.0,173.27880859375
2018-11-08,175.3000030517578,173.6300048828125,174.75999450683594,174.4600067138672,40296500.0,172.1735076904297
2018-11-09,173.25,170.16000366210938,172.8300018310547,171.52000427246094,50602700.0,169.27203369140625
2018-11-12,170.63999938964844,166.17999267578125,170.32000732421875,166.3300018310547,62578400.0,164.1500701904297
2018-11-13,169.47999572753906,166.0,167.11000061035156,166.47000122070312,64128100.0,164.28822326660156
2018-11-14,168.6999969482422,164.25,168.1199951171875,165.1999969482422,75270700.0,163.03488159179688
2018-11-15,168.5399932861328,163.4600067138672,164.89999389648438,168.08999633789062,73254300.0,165.88697814941406
2018-11-16,168.30999755859375,165.77999877929688,166.4499969482422,167.5,65390700.0,165.30471801757812
2018-11-19,166.89999389648438,161.5399932861328,166.6999969482422,162.05999755859375,67280500.0,159.93601989746094
2018-11-20,161.3800048828125,157.1300048828125,158.3699951171875,159.16000366210938,102652800.0,157.07403564453125
2018-11-21,161.97000122070312,159.22999572753906,161.35000610351562,160.3699951171875,42965800.0,158.26817321777344
2018-11-23,160.83999633789062,159.08999633789062,159.08999633789062,159.2100067138672,23503700.0,157.1233673095703
2018-11-26,162.97000122070312,160.75999450683594,161.44000244140625,162.88999938964844,42012600.0,160.75514221191406
2018-11-27,163.85000610351562,161.17999267578125,162.0,163.44000244140625,36608100.0,161.29794311523438
2018-11-28,168.6999969482422,163.47000122070312,164.6199951171875,168.6999969482422,70141000.0,166.4889678955078
2018-11-29,169.25999450683594,166.82000732421875,167.99000549316406,168.14999389648438,44885700.0,165.94618225097656
2018-11-30,169.47000122070312,167.5399932861328,168.3800048828125,169.3699951171875,36722800.0,167.15020751953125
2018-12-03,173.30999755859375,169.50999450683594,173.11000061035156,172.3300018310547,50771700.0,170.07142639160156
2018-12-04,171.91000366210938,165.52000427246094,171.42999267578125,165.72000122070312,70594700.0,163.54803466796875
2018-12-06,166.91000366210938,161.77000427246094,162.3800048828125,166.88999938964844,71715500.0,164.7027130126953
2018-12-07,167.1199951171875,160.86000061035156,166.16000366210938,161.3800048828125,80432200.0,159.2649383544922
2018-12-10,163.77999877929688,159.41000366210938,161.0800018310547,163.07000732421875,73960800.0,160.9327850341797
2018-12-11,165.77000427246094,162.22999572753906,165.72999572753906,163.61000061035156,59058300.0,161.46568298339844
2018-12-12,167.60000610351562,164.9600067138672,166.0,165.0500030517578,53780000.0,162.88682556152344
2018-12-13,166.82000732421875,164.02999877929688,166.1300048828125,165.10000610351562,46378500.0,162.93617248535156
2018-12-14,163.80999755859375,160.6999969482422,163.2100067138672,161.0800018310547,56547400.0,158.9688720703125
2018-12-17,161.6699981689453,156.1699981689453,160.38999938964844,157.42999267578125,74834100.0,155.36669921875
2018-12-18,159.9499969482422,157.0399932861328,158.64999389648438,158.4199981689453,63642100.0,156.34373474121094
2018-12-19,160.72000122070312,153.33999633789062,158.17999267578125,154.52999877929688,81856500.0,152.5046844482422
2018-12-20,155.8699951171875,150.38999938964844,154.14999389648438,152.2899932861328,99002100.0,150.29405212402344
2018-12-21,154.08999633789062,146.72000122070312,153.0500030517578,147.57000732421875,141129400.0,145.63592529296875
2018-12-24,147.97999572753906,143.4600067138672,146.0800018310547,143.5,56163300.0,142.02444458007812
2018-12-26,152.5399932861328,144.08999633789062,145.0800018310547,152.4600067138672,98982100.0,150.89231872558594
2018-12-27,153.17999267578125,147.0800018310547,150.3699951171875,153.0500030517578,85824300.0,151.47625732421875
2018-12-28,155.58999633789062,151.72000122070312,154.14999389648438,152.97000122070312,77856600.0,151.39706420898438
2018-12-31,154.97999572753906,152.7100067138672,154.47000122070312,154.25999450683594,53015300.0,152.67381286621094
2019-01-02,155.75,150.8800048828125,150.99000549316406,154.8800048828125,58576700.0,153.2874298095703
2019-01-03,153.25999450683594,149.49000549316406,152.60000610351562,149.82000732421875,74820200.0,148.27944946289062
2019-01-04,157.0,151.74000549316406,152.33999633789062,156.22999572753906,74709300.0,154.62355041503906
2019-01-07,158.86000061035156,156.11000061035156,156.6199951171875,158.08999633789062,52059300.0,156.46441650390625
2019-01-08,160.11000061035156,157.1999969482422,159.5399932861328,159.52000427246094,49388700.0,157.87969970703125
2019-01-09,161.52000427246094,159.47000122070312,160.13999938964844,160.82000732421875,46491700.0,159.16636657714844
2019-01-10,161.3699951171875,158.6999969482422,159.60000610351562,161.27999877929688,38943400.0,159.6216278076172
2019-01-11,160.86000061035156,159.7899932861328,160.3300018310547,160.69000244140625,30176600.0,159.03768920898438
2019-01-14,159.9600067138672,158.58999633789062,159.3300018310547,159.27000427246094,30710200.0,157.6322784423828
2019-01-15,162.60000610351562,159.91000366210938,160.0,162.3800048828125,40874200.0,160.71031188964844
2019-01-16,163.77999877929688,162.2899932861328,162.64999389648438,162.35000610351562,33812200.0,160.6806182861328
2019-01-17,164.36000061035156,161.57000732421875,161.8300018310547,163.6300048828125,39329000.0,161.94744873046875
2019-01-18,166.02000427246094,163.82000732421875,164.77999877929688,165.25,57183200.0,163.55078125
2019-01-22,164.13999938964844,160.75999450683594,164.05999755859375,161.94000244140625,56711700.0,160.27484130859375
2019-01-23,163.50999450683594,160.32000732421875,162.77000427246094,162.14999389648438,38106100.0,160.48265075683594
2019-01-24,163.44000244140625,162.05999755859375,162.67999267578125,163.1999969482422,32417800.0,161.52186584472656
2019-01-25,165.64999389648438,163.9499969482422,164.50999450683594,165.14999389648438,36515900.0,163.45181274414062
2019-01-28,163.1199951171875,161.75,163.02000427246094,163.11000061035156,33491200.0,161.43280029296875
2019-01-29,163.24000549316406,160.99000549316406,163.1999969482422,161.57000732421875,30784200.0,159.9086456298828
2019-01-30,166.27999877929688,162.88999938964844,163.39999389648438,165.67999267578125,41346500.0,163.9763641357422
2019-01-31,168.99000549316406,166.47000122070312,166.6999969482422,168.16000366210938,37258400.0,166.43087768554688
2019-02-01,168.60000610351562,166.99000549316406,167.3300018310547,167.4499969482422,32143700.0,165.7281494140625
2019-02-04,169.52999877929688,167.3300018310547,167.47999572753906,169.52999877929688,26718800.0,167.7867889404297
2019-02-05,171.22999572753906,169.69000244140625,169.75999450683594,171.02999877929688,28156400.0,169.2713623046875
2019-02-06,171.3699951171875,169.75,171.07000732421875,170.52000427246094,27970000.0,168.76661682128906
2019-02-07,169.4499969482422,166.9499969482422,169.02999877929688,168.22999572753906,42036200.0,166.50015258789062
2019-02-08,168.58999633789062,166.57000732421875,166.75999450683594,168.55999755859375,29020700.0,166.82675170898438
2019-02-11,169.5800018310547,167.97999572753906,169.1699981689453,168.39999389648438,21434100.0,166.66839599609375
2019-02-12,171.13999938964844,169.3300018310547,169.6300048828125,170.88999938964844,29722100.0,169.1328125
2019-02-13,172.16000366210938,170.82000732421875,171.64999389648438,171.00999450683594,26094100.0,169.25155639648438
2019-02-14,171.8300018310547,169.8300018310547,170.39999389648438,171.22000122070312,30326800.0,169.4593963623047
2019-02-15,172.55999755859375,171.13999938964844,172.52000427246094,171.94000244140625,32521700.0,170.17201232910156
2019-02-19,172.8000030517578,171.3800048828125,171.41000366210938,172.27999877929688,19487700.0,170.5084991455078
2019-02-20,173.0800018310547,171.32000732421875,172.39999389648438,172.25,32593000.0,170.47882080078125
2019-02-21,172.25999450683594,170.7100067138672,171.7899932861328,171.6199951171875,25207400.0,169.85528564453125
2019-02-22,173.00999450683594,171.89999389648438,171.99000549316406,172.88999938964844,27735400.0,171.11224365234375
2019-02-25,174.66000366210938,173.39999389648438,174.2100067138672,173.52000427246094,32608800.0,171.7357635498047
2019-02-26,174.25,172.80999755859375,173.10000610351562,173.6999969482422,21939700.0,171.91390991210938
2019-02-27,173.8000030517578,171.75999450683594,172.89999389648438,173.58999633789062,25162000.0,171.80503845214844
2019-02-28,173.80999755859375,172.6999969482422,173.0500030517578,173.19000244140625,25085500.0,171.40914916992188
2019-03-01,174.64999389648438,173.17999267578125,174.44000244140625,174.38999938964844,31431200.0,172.5968017578125
2019-03-04,175.7899932861328,172.47000122070312,175.5399932861328,174.4199981689453,38063500.0,172.62649536132812
2019-03-05,175.08999633789062,173.69000244140625,174.5500030517578,174.5500030517578,22319900.0,172.7551727294922
2019-03-06,174.75,173.27999877929688,174.72000122070312,173.55999755859375,27194600.0,171.7753448486328
2019-03-07,173.17999267578125,170.7899932861328,173.1199951171875,171.42999267578125,39407400.0,169.667236328125
2019-03-08,171.25999450683594,169.33999633789062,169.50999450683594,171.1699981689453,39303200.0,169.409912109375
2019-03-11,174.85000610351562,171.85000610351562,171.8800048828125,174.72999572753906,30518400.0,172.93331909179688
2019-03-12,176.13999938964844,174.77000427246094,175.19000244140625,175.69000244140625,33953500.0,173.88343811035156
2019-03-13,177.92999267578125,176.35000610351562,176.60000610351562,177.00999450683594,42426100.0,175.1898651123047
2019-03-14,177.33999633789062,176.66000366210938,177.1300048828125,176.7100067138672,23751500.0,174.8929443359375
2019-03-15,178.8800048828125,177.27999877929688,177.39999389648438,178.35000610351562,38192000.0,176.51609802246094
2019-03-18,178.99000549316406,177.58999633789062,177.9499969482422,178.4499969482422,32935100.0,176.9364776611328
2019-03-19,180.0,178.2899932861328,179.17999267578125,179.0500030517578,36893300.0,177.53140258789062
2019-03-20,180.86000061035156,178.24000549316406,179.05999755859375,179.75999450683594,50105000.0,178.2353973388672
2019-03-21,182.8300018310547,179.1999969482422,179.22000122070312,182.57000732421875,42428500.0,181.02154541015625
2019-03-22,182.27000427246094,178.3699951171875,181.77999877929688,178.55999755859375,70794500.0,177.04556274414062
2019-03-25,178.83999633789062,176.92999267578125,177.91000366210938,178.22000122070312,46336500.0,176.7084503173828
2019-03-26,180.69000244140625,178.13999938964844,179.60000610351562,179.0500030517578,33248100.0,177.53140258789062
2019-03-27,179.72000122070312,176.60000610351562,179.32000732421875,177.89999389648438,37096700.0,176.39114379882812
2019-03-28,178.97999572753906,177.24000549316406,178.36000061035156,178.30999755859375,30368200.0,176.79766845703125
2019-03-29,179.8300018310547,178.58999633789062,179.69000244140625,179.66000366210938,35205500.0,178.13623046875
2019-04-01,182.25999450683594,180.77000427246094,181.50999450683594,182.0399932861328,30969500.0,180.4960479736328
2019-04-02,182.91000366210938,181.77999877929688,182.24000549316406,182.72999572753906,22645200.0,181.18017578125
2019-04-03,184.9199981689453,183.2100067138672,183.75999450683594,183.77999877929688,31633500.0,182.22128295898438
2019-04-04,184.5,182.64999389648438,183.8300018310547,183.7100067138672,28530800.0,182.1519012451172
2019-04-05,184.77000427246094,184.02000427246094,184.24000549316406,184.66000366210938,25674700.0,183.0938262939453
2019-04-08,185.27999877929688,183.6300048828125,184.36000061035156,185.1300048828125,22697500.0,183.55982971191406
2019-04-09,185.11000061035156,184.08999633789062,184.5,184.47999572753906,25631900.0,182.91534423828125
2019-04-10,185.52999877929688,184.52000427246094,184.72000122070312,185.47000122070312,24563000.0,183.89695739746094
2019-04-11,185.77999877929688,184.69000244140625,185.77999877929688,185.02999877929688,20654100.0,183.460693359375
2019-04-12,185.9499969482422,185.05999755859375,185.85000610351562,185.8300018310547,24989100.0,184.25390625
2019-04-15,186.07000732421875,184.6199951171875,185.83999633789062,185.86000061035156,21073000.0,184.2836456298828
2019-04-16,186.91000366210938,185.92999267578125,186.5399932861328,186.5,27195700.0,184.918212890625
2019-04-17,187.92999267578125,186.60000610351562,187.75,187.14999389648438,29651600.0,185.5626983642578
2019-04-18,187.7899932861328,186.2899932861328,187.4600067138672,187.38999938964844,28580900.0,185.8006591796875
2019-04-22,187.99000549316406,186.42999267578125,186.57000732421875,187.9199981689453,17936000.0,186.326171875
2019-04-23,190.5399932861328,188.1300048828125,188.39999389648438,190.30999755859375,33665600.0,188.69590759277344
2019-04-24,190.7100067138672,189.64999389648438,190.47000122070312,189.7100067138672,24977100.0,188.1009979248047
2019-04-25,191.22000122070312,189.4499969482422,191.1300048828125,190.47999572753906,29517500.0,188.8644561767578
2019-04-26,190.69000244140625,188.58999633789062,190.17999267578125,190.64999389648438,26359500.0,189.03302001953125
2019-04-29,191.32000732421875,190.33999633789062,190.64999389648438,191.02000427246094,21716200.0,189.39988708496094
2019-04-30,189.85000610351562,188.2100067138672,189.47999572753906,189.5399932861328,31495300.0,187.93243408203125
2019-05-01,191.32000732421875,188.8000030517578,190.77999877929688,188.92999267578125,34797100.0,187.32760620117188
2019-05-02,189.85000610351562,186.8699951171875,188.8699951171875,188.11000061035156,44110100.0,186.51455688476562
2019-05-03,191.25,189.3300018310547,189.6699981689453,191.11000061035156,30386200.0,189.48912048339844
2019-05-06,190.1999969482422,186.75999450683594,187.0500030517578,189.94000244140625,38371800.0,188.32904052734375
2019-05-07,188.6699981689453,184.50999450683594,187.8699951171875,186.24000549316406,58818100.0,184.66043090820312
2019-05-08,187.1699981689453,184.9600067138672,185.6300048828125,185.77000427246094,37165300.0,184.1944122314453
2019-05-09,185.41000366210938,182.08999633789062,183.6999969482422,184.77000427246094,55351700.0,183.20289611816406
2019-05-10,185.88999938964844,181.02999877929688,184.11000061035156,185.0,58526400.0,183.4309539794922
2019-05-13,181.25999450683594,178.05999755859375,180.2899932861328,178.5800018310547,67185800.0,177.0653839111328
2019-05-14,181.6300048828125,178.86000061035156,179.52000427246094,180.5399932861328,43360600.0,179.00875854492188
2019-05-15,183.5500030517578,179.30999755859375,179.35000610351562,183.08999633789062,40944500.0,181.537109375
2019-05-16,186.07000732421875,182.9499969482422,183.1699981689453,184.92999267578125,39281200.0,183.36154174804688
2019-05-17,185.5800018310547,182.8800048828125,183.10000610351562,183.0399932861328,44702300.0,181.487548828125
2019-05-20,181.17999267578125,179.33999633789062,180.49000549316406,179.9499969482422,38608300.0,178.4237823486328
2019-05-21,182.3300018310547,180.9199981689453,181.5,181.8300018310547,31613800.0,180.28782653808594
2019-05-22,182.07000732421875,180.75,180.82000732421875,181.02000427246094,24332600.0,179.4846954345703
2019-05-23,179.02000427246094,177.13999938964844,178.94000244140625,178.25,45351300.0,176.7382049560547
2019-05-24,179.85000610351562,177.94000244140625,179.2100067138672,178.16000366210938,25903300.0,176.64895629882812
2019-05-28,179.66000366210938,177.47000122070312,178.66000366210938,177.49000549316406,24763800.0,175.98463439941406
2019-05-29,177.0,175.08999633789062,176.38999938964844,176.02999877929688,42178800.0,174.53701782226562
2019-05-30,177.27000427246094,175.77000427246094,176.5,176.77000427246094,30354800.0,175.270751953125
2019-05-31,175.2899932861328,173.8699951171875,174.69000244140625,173.9499969482422,45446200.0,172.4746551513672
2019-06-03,173.9499969482422,169.27000427246094,173.47999572753906,170.1199951171875,75842300.0,168.67713928222656
2019-06-04,174.97000122070312,171.3699951171875,172.02999877929688,174.91000366210938,47797800.0,173.426513671875
2019-06-05,176.61000061035156,174.3800048828125,176.5800018310547,176.2100067138672,34412700.0,174.7154998779297
2019-06-06,178.0399932861328,175.72999572753906,176.50999450683594,177.61000061035156,29913200.0,176.10360717773438
2019-06-07,181.77000427246094,178.3300018310547,178.55999755859375,181.0399932861328,45888300.0,179.5045166015625
2019-06-10,184.85000610351562,182.2100067138672,182.25,183.14999389648438,41385300.0,181.5966339111328
2019-06-11,185.39999389648438,182.77999877929688,185.05999755859375,183.39999389648438,41260300.0,181.8445281982422
2019-06-12,183.27999877929688,182.0,182.89999389648438,182.33999633789062,27659600.0,180.79348754882812
2019-06-13,183.8699951171875,182.74000549316406,183.10000610351562,183.4199981689453,23715800.0,181.86434936523438
2019-06-14,183.11000061035156,181.94000244140625,182.47999572753906,182.63999938964844,22844100.0,181.09095764160156
2019-06-17,184.25,182.83999633789062,183.0399932861328,183.74000549316406,20379500.0,182.181640625
2019-06-18,187.72000122070312,185.42999267578125,185.91000366210938,186.41000366210938,48177300.0,184.82899475097656
2019-06-19,187.52999877929688,185.57000732421875,186.66000366210938,187.11000061035156,31672900.0,185.52304077148438
2019-06-20,189.75999450683594,187.16000366210938,189.72000122070312,188.85000610351562,40922000.0,187.248291015625
2019-06-21,189.77000427246094,188.1699981689453,188.6300048828125,188.57000732421875,39980400.0,186.97068786621094
2019-06-24,188.72000122070312,188.05999755859375,188.52999877929688,188.16000366210938,19375200.0,186.9766387939453
2019-06-25,188.13999938964844,184.64999389648438,188.02999877929688,184.92999267578125,33921100.0,183.76693725585938
2019-06-26,187.3300018310547,185.49000549316406,186.16000366210938,185.7899932861328,22595700.0,184.62152099609375
2019-06-27,186.94000244140625,185.99000549316406,186.4600067138672,186.5,19709200.0,185.3270721435547
2019-06-28,187.14999389648438,186.07000732421875,186.9499969482422,186.74000549316406,21179200.0,185.56556701660156
2019-07-01,190.57000732421875,188.3800048828125,190.32000732421875,189.25999450683594,31193400.0,188.0697021484375
2019-07-02,190.02999877929688,188.66000366210938,189.1999969482422,190.00999450683594,18035800.0,188.8149871826172
2019-07-03,191.44000244140625,190.2899932861328,190.49000549316406,191.44000244140625,15792100.0,190.2360076904297
2019-07-05,191.39999389648438,189.38999938964844,190.1300048828125,191.0500030517578,21415600.0,189.8484649658203
2019-07-08,189.8699951171875,188.92999267578125,189.80999755859375,189.7100067138672,17598800.0,188.5168914794922
2019-07-09,190.89999389648438,188.64999389648438,188.80999755859375,190.66000366210938,19193500.0,189.46090698242188
2019-07-10,193.08999633789062,191.47000122070312,191.82000732421875,192.55999755859375,28374500.0,191.34893798828125
2019-07-11,193.33999633789062,191.80999755859375,192.85000610351562,192.4199981689453,23736100.0,191.2098388671875
2019-07-12,193.5399932861328,192.4499969482422,192.6300048828125,193.52999877929688,20211900.0,192.31285095214844
2019-07-15,194.19000244140625,193.44000244140625,193.97999572753906,194.14999389648438,15606100.0,192.92893981933594
2019-07-16,194.08999633789062,192.55999755859375,193.91000366210938,193.14999389648438,20190900.0,191.93524169921875
2019-07-17,193.49000549316406,192.17999267578125,193.14999389648438,192.1999969482422,16765100.0,190.9912109375
2019-07-18,192.7899932861328,190.69000244140625,191.2899932861328,192.4199981689453,29066300.0,191.2098388671875
2019-07-19,193.8300018310547,190.80999755859375,193.83999633789062,191.00999450683594,29387900.0,189.80870056152344
2019-07-22,192.94000244140625,191.44000244140625,191.44000244140625,192.52999877929688,18954900.0,191.3191375732422
2019-07-23,193.80999755859375,192.2899932861328,193.5800018310547,193.7899932861328,23786700.0,192.57119750976562
2019-07-24,195.16000366210938,193.02999877929688,193.0500030517578,195.14999389648438,20422900.0,193.92266845703125
2019-07-25,194.52000427246094,192.92999267578125,194.49000549316406,193.3000030517578,23434700.0,192.0843048095703
2019-07-26,195.5500030517578,194.42999267578125,194.52999877929688,195.2899932861328,20431200.0,194.061767578125
2019-07-29,195.17999267578125,193.38999938964844,195.11000061035156,194.6199951171875,20451700.0,193.39599609375
2019-07-30,194.5399932861328,192.99000549316406,193.1300048828125,193.77999877929688,18705000.0,192.561279296875
2019-07-31,194.42999267578125,189.32000732421875,194.3000030517578,191.10000610351562,41627500.0,189.8981475830078
2019-08-01,194.97999572753906,189.22999572753906,191.42999267578125,190.14999389648438,63251600.0,188.9541015625
2019-08-02,188.99000549316406,186.2100067138672,188.72000122070312,187.35000610351562,55214000.0,186.17172241210938
2019-08-05,183.50999450683594,179.1999969482422,183.42999267578125,180.72999572753906,75040000.0,179.59335327148438
2019-08-06,183.8000030517578,181.07000732421875,182.39999389648438,183.25999450683594,41897200.0,182.10743713378906
2019-08-07,184.50999450683594,179.88999938964844,181.27000427246094,184.25,49990600.0,183.09120178222656
2019-08-08,188.32000732421875,184.57000732421875,185.0800018310547,188.25999450683594,38418100.0,187.0760040283203
2019-08-09,188.0,185.02999877929688,187.36000061035156,186.49000549316406,33608900.0,185.317138671875
2019-08-12,185.89999389648438,183.5,185.33999633789062,184.35000610351562,24642900.0,183.1905975341797
2019-08-13,189.67999267578125,184.02000427246094,184.19000244140625,188.38999938964844,40241900.0,187.20516967773438
2019-08-14,185.9499969482422,182.4199981689453,185.36000061035156,182.75999450683594,51000500.0,181.61058044433594
2019-08-15,183.58999633789062,181.16000366210938,183.0,182.5500030517578,36685000.0,181.40191650390625
2019-08-16,185.9499969482422,184.10000610351562,184.2100067138672,185.47999572753906,32781400.0,184.3134765625
2019-08-19,188.8300018310547,187.5,188.16000366210938,188.42999267578125,22494100.0,187.2449188232422
2019-08-20,188.63999938964844,186.9199981689453,187.9600067138672,186.97000122070312,19902900.0,185.7941131591797
2019-08-21,189.22999572753906,187.9600067138672,188.61000061035156,188.6300048828125,20418500.0,187.4436798095703
2019-08-22,189.4600067138672,186.5399932861328,188.97999572753906,188.02000427246094,24243700.0,186.83750915527344
2019-08-23,188.4499969482422,181.55999755859375,186.74000549316406,182.07000732421875,55372400.0,180.92494201660156
2019-08-26,184.8699951171875,183.0800018310547,184.13999938964844,184.82000732421875,27598900.0,183.65762329101562
2019-08-27,186.4199981689453,183.7100067138672,186.11000061035156,184.42999267578125,28012800.0,183.27008056640625
2019-08-28,185.39999389648438,182.91000366210938,183.8300018310547,185.08999633789062,21792400.0,183.92593383789062
2019-08-29,188.4600067138672,186.67999267578125,187.38999938964844,187.9199981689453,25358900.0,186.73812866210938
2019-08-30,188.97000122070312,186.41000366210938,188.92999267578125,187.47000122070312,26319800.0,186.2909698486328
2019-09-03,187.17999267578125,185.02999877929688,186.22000122070312,185.64999389648438,27964200.0,184.48240661621094
2019-09-04,188.49000549316406,186.89999389648438,187.44000244140625,188.3300018310547,21592100.0,187.1455535888672
2019-09-05,192.3300018310547,190.33999633789062,190.41000366210938,191.77999877929688,33932600.0,190.5738525390625
2019-09-06,192.1699981689453,191.1699981689453,192.10000610351562,191.58999633789062,19487800.0,190.3850555419922
2019-09-09,192.27000427246094,190.22000122070312,192.19000244140625,191.19000244140625,24407600.0,189.98756408691406
2019-09-10,190.74000549316406,188.91000366210938,190.16000366210938,190.63999938964844,23744700.0,189.4410400390625
2019-09-11,192.52999877929688,190.55999755859375,191.0,192.42999267578125,25063600.0,191.2197723388672
2019-09-12,194.7100067138672,192.97000122070312,193.61000061035156,193.22999572753906,28689900.0,192.0147247314453
2019-09-13,193.39999389648438,192.2899932861328,192.9499969482422,192.5399932861328,27669800.0,191.32907104492188
2019-09-16,192.0800018310547,191.11000061035156,191.3000030517578,191.67999267578125,20319000.0,190.47447204589844
2019-09-17,192.60000610351562,191.2899932861328,191.6999969482422,192.60000610351562,20953400.0,191.3887176513672
2019-09-18,192.60000610351562,190.11000061035156,192.1999969482422,192.52000427246094,29781300.0,191.30921936035156
2019-09-19,194.0399932861328,192.47000122070312,192.86000061035156,192.83999633789062,26039400.0,191.62718200683594
2019-09-20,193.30999755859375,190.16000366210938,193.11000061035156,190.8000030517578,29086100.0,189.6000213623047
2019-09-23,191.07000732421875,189.72000122070312,190.36000061035156,190.5,22485900.0,189.68365478515625
2019-09-24,191.7899932861328,187.14999389648438,191.3699951171875,187.97000122070312,40820700.0,187.1645050048828
2019-09-25,190.5800018310547,186.2100067138672,187.7899932861328,190.0800018310547,34704900.0,189.2654571533203
2019-09-26,190.0,187.97999572753906,189.8300018310547,189.3800048828125,26826000.0,188.56845092773438
2019-09-27,189.8300018310547,185.75,189.72999572753906,187.02999877929688,40773500.0,186.228515625
2019-09-30,189.11000061035156,187.39999389648438,187.7899932861328,188.80999755859375,26307700.0,188.0009002685547
2019-10-01,190.58999633789062,186.9600067138672,189.5,187.27000427246094,32367600.0,186.46749877929688
2019-10-02,186.02999877929688,183.02000427246094,186.0,184.0500030517578,48544300.0,183.2613067626953
2019-10-03,186.2100067138672,181.82000732421875,184.02999877929688,186.07000732421875,39392500.0,185.27264404296875
2019-10-04,189.0800018310547,186.8800048828125,187.0800018310547,188.80999755859375,31887600.0,188.0009002685547
2019-10-07,189.74000549316406,187.91000366210938,188.27000427246094,188.24000549316406,21216000.0,187.433349609375
2019-10-08,187.86000061035156,185.27000427246094,187.05999755859375,185.4199981689453,32379300.0,184.62542724609375
2019-10-09,188.0800018310547,186.42999267578125,186.99000549316406,187.22999572753906,20147400.0,186.4276580810547
2019-10-10,189.42999267578125,187.1199951171875,187.27999877929688,188.67999267578125,25177700.0,187.87144470214844
2019-10-11,192.6300048828125,190.72000122070312,190.8300018310547,191.11000061035156,40976700.0,190.29104614257812
2019-10-14,191.6999969482422,190.64999389648438,190.83999633789062,191.08999633789062,14975000.0,190.27113342285156
2019-10-15,193.97000122070312,191.55999755859375,191.67999267578125,193.52000427246094,23234200.0,192.6907196044922
2019-10-16,193.52999877929688,192.42999267578125,192.86000061035156,193.0399932861328,20457100.0,192.2127685546875
2019-10-17,194.5,192.80999755859375,194.1999969482422,193.5500030517578,19045200.0,192.72059631347656
2019-10-18,193.6699981689453,190.7100067138672,193.1999969482422,191.69000244140625,27700800.0,190.86856079101562
2019-10-21,193.52000427246094,192.13999938964844,192.7100067138672,193.38999938964844,15801200.0,192.561279296875
2019-10-22,194.4199981689453,191.7899932861328,194.14999389648438,191.85000610351562,22392300.0,191.0278778076172
2019-10-23,192.25999450683594,191.14999389648438,191.4600067138672,192.22000122070312,14828400.0,191.39630126953125
2019-10-24,194.2100067138672,192.74000549316406,193.58999633789062,194.08999633789062,18998500.0,193.2582550048828
2019-10-25,195.74000549316406,193.0500030517578,193.08999633789062,195.63999938964844,21507100.0,194.8016357421875
2019-10-28,197.8300018310547,196.5500030517578,196.57000732421875,197.57000732421875,18842300.0,196.72337341308594
2019-10-29,197.5399932861328,196.00999450683594,197.24000549316406,196.0399932861328,18569700.0,195.1999053955078
2019-10-30,197.32000732421875,195.2899932861328,196.4199981689453,196.99000549316406,21764300.0,196.14584350585938
2019-10-31,197.64999389648438,195.94000244140625,197.55999755859375,197.0800018310547,26801800.0,196.2354736328125
2019-11-01,198.8800048828125,197.6300048828125,197.92999267578125,198.8699951171875,22131900.0,198.01779174804688
2019-11-04,200.52999877929688,198.8699951171875,200.19000244140625,200.10000610351562,19015900.0,199.24252319335938
2019-11-05,200.5500030517578,199.5500030517578,200.35000610351562,200.2100067138672,15048900.0,199.35205078125
2019-11-06,200.0,198.7899932861328,199.97999572753906,199.75999450683594,19725500.0,198.9039764404297
2019-11-07,201.72000122070312,199.85000610351562,200.75999450683594,200.42999267578125,17832400.0,199.57110595703125
2019-11-08,201.25,199.5399932861328,200.07000732421875,201.22999572753906,15258800.0,200.36767578125
2019-11-11,201.0399932861328,199.94000244140625,200.2100067138672,200.9600067138672,10147600.0,200.0988311767578
2019-11-12,202.2100067138672,200.82000732421875,201.1300048828125,201.5399932861328,14778300.0,200.67633056640625
2019-11-13,201.77999877929688,200.7100067138672,200.83999633789062,201.58999633789062,15774600.0,200.72613525390625
2019-11-14,201.55999755859375,200.22000122070312,200.8300018310547,201.42999267578125,16945400.0,200.5668182373047
2019-11-15,202.91000366210938,202.0,202.64999389648438,202.91000366210938,18427900.0,202.0404815673828
2019-11-18,203.38999938964844,201.77000427246094,202.58999633789062,203.07000732421875,18365900.0,202.19979858398438
2019-11-19,203.83999633789062,202.58999633789062,203.83999633789062,203.3699951171875,16923300.0,202.49850463867188
2019-11-20,203.4499969482422,200.6199951171875,202.83999633789062,202.14999389648438,36629000.0,201.2837371826172
2019-11-21,202.07000732421875,201.07000732421875,201.92999267578125,201.6999969482422,17883600.0,200.83566284179688
2019-11-22,202.32000732421875,200.74000549316406,202.1999969482422,201.8300018310547,17189600.0,200.96510314941406
2019-11-25,204.25999450683594,202.6699981689453,202.6999969482422,204.22000122070312,17752800.0,203.34486389160156
2019-11-26,204.8699951171875,204.0500030517578,204.35000610351562,204.61000061035156,14780600.0,203.7332000732422
2019-11-27,206.0500030517578,204.88999938964844,205.13999938964844,206.0399932861328,16963100.0,205.1570587158203
2019-11-29,205.8300018310547,205.0,205.52000427246094,205.10000610351562,9854600.0,204.22108459472656
2019-12-02,205.17999267578125,201.77999877929688,205.11000061035156,203.0,28007000.0,202.1300811767578
2019-12-03,201.49000549316406,199.22999572753906,200.2100067138672,201.41000366210938,31104100.0,200.5469207763672
2019-12-04,202.91000366210938,202.13999938964844,202.44000244140625,202.42999267578125,15300100.0,201.56253051757812
2019-12-05,203.14999389648438,201.83999633789062,203.14999389648438,202.8300018310547,14962300.0,201.9608154296875
2019-12-06,205.14999389648438,204.14999389648438,204.30999755859375,205.0,16555300.0,204.12152099609375
2019-12-09,205.58999633789062,203.97999572753906,204.6300048828125,204.07000732421875,13984100.0,203.1955108642578
2019-12-10,204.8800048828125,203.44000244140625,204.1699981689453,203.89999389648438,21799800.0,203.02622985839844
2019-12-11,205.19000244140625,204.0399932861328,204.36000061035156,204.97999572753906,18780800.0,204.10159301757812
2019-12-12,207.32000732421875,204.49000549316406,204.77000427246094,206.50999450683594,32612000.0,205.6250457763672
2019-12-13,207.91000366210938,205.9600067138672,206.39999389648438,207.19000244140625,32519400.0,206.30213928222656
2019-12-16,209.52999877929688,208.47999572753906,208.5500030517578,209.27000427246094,21296600.0,208.37322998046875
2019-12-17,209.7100067138672,209.0399932861328,209.5399932861328,209.38999938964844,15996100.0,208.49270629882812
2019-12-18,210.1300048828125,209.3300018310547,209.57000732421875,209.5500030517578,15443300.0,208.65203857421875
2019-12-19,210.92999267578125,209.6199951171875,209.63999938964844,210.86000061035156,17865900.0,209.95640563964844
2019-12-20,212.52000427246094,211.27000427246094,211.86000061035156,211.7100067138672,27672600.0,210.80276489257812
2019-12-23,212.14999389648438,211.6300048828125,212.0,211.80999755859375,23774700.0,211.3595733642578
2019-12-24,212.08999633789062,211.44000244140625,212.0,211.9199981689453,7089000.0,211.46934509277344
2019-12-26,213.80999755859375,212.22999572753906,212.25999450683594,213.7899932861328,17067500.0,213.3353729248047
2019-12-27,214.55999755859375,213.0399932861328,214.5399932861328,213.61000061035156,18134100.0,213.15576171875
2019-12-30,213.6300048828125,211.16000366210938,213.5,212.2100067138672,21815500.0,211.7587432861328
2019-12-31,212.75999450683594,211.1999969482422,211.6199951171875,212.61000061035156,18170900.0,212.1578826904297
2020-01-02,216.16000366210938,213.97999572753906,214.39999389648438,216.16000366210938,30969400.0,215.70033264160156
2020-01-03,215.47000122070312,213.27999877929688,213.3000030517578,214.17999267578125,27518900.0,213.7245330810547
2020-01-06,215.58999633789062,212.24000549316406,212.49000549316406,215.55999755859375,21655300.0,215.1016082763672
2020-01-07,216.13999938964844,214.85000610351562,215.63999938964844,215.52999877929688,22139300.0,215.07167053222656
2020-01-08,218.13999938964844,215.16000366210938,215.5,217.14999389648438,26397300.0,216.68821716308594
2020-01-09,219.41000366210938,217.7100067138672,218.94000244140625,218.99000549316406,23547000.0,218.52432250976562
2020-01-10,219.8699951171875,218.0399932861328,219.85000610351562,218.42999267578125,21898500.0,217.9654998779297
2020-01-13,220.97999572753906,218.97999572753906,219.3300018310547,220.9499969482422,22756900.0,220.4801483154297
2020-01-14,221.2100067138672,219.74000549316406,220.83999633789062,220.0800018310547,24418100.0,219.61199951171875
2020-01-15,221.1999969482422,219.4499969482422,220.1999969482422,220.1699981689453,25742100.0,219.70179748535156
2020-01-16,222.32000732421875,220.8000030517578,221.27000427246094,222.27999877929688,18805000.0,221.80731201171875
2020-01-17,223.55999755859375,222.1199951171875,223.27999877929688,223.3800048828125,24325200.0,222.9049835205078
2020-01-21,223.83999633789062,222.66000366210938,222.75999450683594,223.27999877929688,21146300.0,222.80519104003906
2020-01-22,225.14999389648438,223.58999633789062,224.41000366210938,223.8699951171875,20736400.0,223.39393615722656
2020-01-23,224.69000244140625,222.6999969482422,223.74000549316406,224.58999633789062,26496100.0,224.11239624023438
2020-01-24,225.8800048828125,221.6699981689453,225.63999938964844,222.6999969482422,37436500.0,222.22642517089844
2020-01-27,219.27999877929688,217.17999267578125,217.6699981689453,218.10000610351562,42264400.0,217.63621520996094
2020-01-28,221.9600067138672,219.05999755859375,219.63999938964844,221.4499969482422,26731900.0,220.9790802001953
2020-01-29,222.92999267578125,220.8300018310547,222.67999267578125,221.80999755859375,28924500.0,221.33831787109375
2020-01-30,222.6999969482422,219.69000244140625,220.3800048828125,222.60000610351562,39406800.0,222.12664794921875
2020-01-31,223.55999755859375,218.2899932861328,223.52999877929688,219.07000732421875,52015800.0,218.60415649414062
2020-02-03,222.88999938964844,219.99000549316406,220.13999938964844,222.3800048828125,25468300.0,221.9071044921875
2020-02-04,227.86000061035156,224.64999389648438,225.4199981689453,227.47000122070312,30691200.0,226.9862823486328
2020-02-05,230.25,226.85000610351562,230.2100067138672,228.22000122070312,38534800.0,227.7346954345703
2020-02-06,230.25,227.97999572753906,228.7899932861328,230.19000244140625,22467100.0,229.70050048828125
2020-02-07,230.44000244140625,228.5399932861328,229.16000366210938,229.1999969482422,25884900.0,228.7126007080078
2020-02-10,231.97999572753906,228.3800048828125,228.44000244140625,231.97000122070312,21478900.0,231.47671508789062
2020-02-11,234.02000427246094,231.39999389648438,233.25,232.00999450683594,30198000.0,231.51661682128906
2020-02-12,234.3800048828125,232.8000030517578,233.3800048828125,234.27000427246094,24471300.0,233.77182006835938
2020-02-13,234.92999267578125,232.36000061035156,232.63999938964844,233.97000122070312,22773200.0,233.4724578857422
2020-02-14,234.86000061035156,233.5500030517578,234.33999633789062,234.63999938964844,23438500.0,234.1410369873047
2020-02-18,235.1699981689453,233.25,233.5,234.72999572753906,24394500.0,234.2308349609375
2020-02-19,237.47000122070312,235.85000610351562,236.1300048828125,236.97999572753906,22230500.0,236.47605895996094
2020-02-20,236.9499969482422,231.8800048828125,236.4600067138672,234.77999877929688,42604000.0,234.28073120117188
2020-02-21,234.00999450683594,229.32000732421875,233.61000061035156,230.27000427246094,66017200.0,229.78033447265625
2020-02-24,224.25,220.25999450683594,221.67999267578125,221.38999938964844,84522600.0,220.91920471191406
2020-02-25,223.99000549316406,214.74000549316406,223.25,215.3699951171875,97743000.0,214.91200256347656
2020-02-26,220.27999877929688,214.89999389648438,216.7100067138672,216.47999572753906,79537700.0,216.0196533203125
2020-02-27,216.4199981689453,205.5,210.89999389648438,205.63999938964844,120671700.0,205.20269775390625
2020-02-28,207.1699981689453,198.1699981689453,198.63999938964844,205.8000030517578,149247100.0,205.36236572265625
2020-03-02,216.57000732421875,205.94000244140625,208.8800048828125,216.4199981689453,112933900.0,215.95977783203125
2020-03-03,219.61000061035156,207.6199951171875,217.11000061035156,209.47999572753906,131953500.0,209.03453063964844
2020-03-04,218.3300018310547,211.3699951171875,213.32000732421875,218.22000122070312,73086200.0,217.75595092773438
2020-03-05,216.36000061035156,210.10000610351562,212.69000244140625,211.58999633789062,78705500.0,211.14004516601562
2020-03-06,209.14999389648438,202.91000366210938,204.6699981689453,208.02000427246094,89828400.0,207.57765197753906
2020-03-09,201.16000366210938,192.11000061035156,193.47999572753906,193.57000732421875,116424000.0,193.1583709716797
2020-03-10,204.3000030517578,193.67999267578125,201.11000061035156,204.11000061035156,100599200.0,203.67596435546875
2020-03-11,200.75,192.72999572753906,199.35000610351562,195.22000122070312,89168800.0,194.80487060546875
2020-03-12,190.77999877929688,176.94000244140625,182.08999633789062,177.32000732421875,137820700.0,176.94293212890625
2020-03-13,194.47999572753906,178.1300048828125,187.07000732421875,192.33999633789062,134882000.0,191.9309844970703
2020-03-16,184.67999267578125,169.16000366210938,174.14999389648438,169.3000030517578,92054400.0,168.9399871826172
2020-03-17,184.38999938964844,169.77999877929688,175.47000122070312,182.13999938964844,121257100.0,181.75267028808594
2020-03-18,179.22000122070312,166.8000030517578,171.61000061035156,176.60000610351562,114156300.0,176.22445678710938
2020-03-19,183.49000549316406,171.6300048828125,175.69000244140625,177.66000366210938,120896500.0,177.28221130371094
2020-03-20,182.8699951171875,170.10000610351562,181.74000549316406,170.6999969482422,118983900.0,170.33700561523438
2020-03-23,174.2100067138672,164.92999267578125,170.9199981689453,170.4600067138672,124639800.0,170.4600067138672
2020-03-24,183.8300018310547,177.9499969482422,179.91000366210938,183.66000366210938,94881800.0,183.66000366210938
2020-03-25,189.50999450683594,179.97999572753906,184.4199981689453,182.3000030517578,88754900.0,182.3000030517578
2020-03-26,192.72000122070312,183.61000061035156,183.8699951171875,191.89999389648438,79887600.0,191.89999389648438
2020-03-27,190.50999450683594,184.66000366210938,186.92999267578125,185.3000030517578,58845000.0,185.3000030517578
2020-03-30,192.49000549316406,186.33999633789062,187.10000610351562,192.0399932861328,49356900.0,192.0399932861328
2020-03-31,195.25,189.1999969482422,191.72000122070312,190.39999389648438,62659300.0,190.39999389648438
2020-04-01,187.66000366210938,180.86000061035156,184.77000427246094,182.30999755859375,53715400.0,182.30999755859375
2020-04-02,190.10000610351562,180.97000122070312,181.24000549316406,186.00999450683594,56465300.0,186.00999450683594
2020-04-03,187.07000732421875,181.2899932861328,185.5500030517578,183.3699951171875,47487600.0,183.3699951171875
2020-04-06,197.64999389648438,189.19000244140625,190.47999572753906,196.47999572753906,64763500.0,196.47999572753906
2020-04-07,202.66000366210938,196.0,202.3699951171875,196.39999389648438,69904500.0,196.39999389648438
2020-04-08,201.1699981689453,196.1699981689453,198.14999389648438,200.57000732421875,45940400.0,200.57000732421875
2020-04-09,203.22000122070312,199.02999877929688,202.35000610351562,200.86000061035156,68323900.0,200.86000061035156
2020-04-13,203.4199981689453,198.75,200.0,203.02999877929688,42853900.0,203.02999877929688
2020-04-14,212.5,206.4199981689453,207.22999572753906,211.86000061035156,63959600.0,211.86000061035156
2020-04-15,211.8300018310547,207.1199951171875,208.47999572753906,209.42999267578125,47036000.0,209.42999267578125
2020-04-16,214.3699951171875,209.69000244140625,211.69000244140625,213.25,64657400.0,213.25
2020-04-17,216.50999450683594,212.0800018310547,216.1699981689453,215.2899932861328,62863200.0,215.2899932861328
2020-04-20,215.8800048828125,212.57000732421875,213.36000061035156,212.74000549316406,38249100.0,212.74000549316406
2020-04-21,211.16000366210938,203.6300048828125,210.60000610351562,204.88999938964844,72932800.0,204.88999938964844
2020-04-22,212.35000610351562,208.3300018310547,209.10000610351562,210.97000122070312,40188800.0,210.97000122070312
2020-04-23,214.44000244140625,210.10000610351562,211.7899932861328,210.52000427246094,43278500.0,210.52000427246094
2020-04-24,214.3000030517578,209.5,210.97000122070312,213.83999633789062,34303400.0,213.83999633789062
2020-04-27,216.6300048828125,214.5,216.19000244140625,215.55999755859375,36451700.0,215.55999755859375
2020-04-28,217.32000732421875,211.2100067138672,217.32000732421875,211.5,46862800.0,211.5
2020-04-29,219.97000122070312,215.13999938964844,216.19000244140625,219.0,48716400.0,219.0
2020-04-30,220.0399932861328,217.35000610351562,220.00999450683594,218.91000366210938,42955500.0,218.91000366210938
2020-05-01,216.6699981689453,211.67999267578125,214.5,212.74000549316406,48795000.0,212.74000549316406
2020-05-04,215.4499969482422,211.1199951171875,211.4600067138672,215.22000122070312,32841000.0,215.22000122070312
2020-05-05,220.13999938964844,216.85000610351562,217.44000244140625,217.66000366210938,37783100.0,217.66000366210938
2020-05-06,221.0399932861328,218.11000061035156,219.39999389648438,219.0,36455200.0,219.0
2020-05-07,222.72999572753906,220.4199981689453,221.82000732421875,221.82000732421875,38624800.0,221.82000732421875
2020-05-08,225.0,222.47999572753906,223.6199951171875,224.86000061035156,31964400.0,224.86000061035156
2020-05-11,227.92999267578125,223.25,223.49000549316406,226.8699951171875,35714100.0,226.8699951171875
2020-05-12,228.10000610351562,222.08999633789062,227.49000549316406,222.1199951171875,41054100.0,222.1199951171875
2020-05-13,224.61000061035156,216.7100067138672,222.66000366210938,219.33999633789062,65521200.0,219.33999633789062
2020-05-14,221.8699951171875,215.99000549316406,217.97000122070312,221.8300018310547,51549300.0,221.8300018310547
2020-05-15,223.3300018310547,218.3300018310547,218.77999877929688,223.27000427246094,55747200.0,223.27000427246094
2020-05-18,228.67999267578125,225.47000122070312,226.3300018310547,227.42999267578125,42597600.0,227.42999267578125
2020-05-19,229.85000610351562,226.7100067138672,227.6999969482422,226.86000061035156,36237300.0,226.86000061035156
2020-05-20,231.75999450683594,229.47999572753906,229.5,231.38999938964844,37417000.0,231.38999938964844
2020-05-21,232.13999938964844,228.33999633789062,231.44000244140625,228.8699951171875,43642900.0,228.8699951171875
2020-05-22,229.8699951171875,227.5,228.4499969482422,229.66000366210938,28762400.0,229.66000366210938
2020-05-26,233.57000732421875,228.7899932861328,233.36000061035156,229.0399932861328,33055300.0,229.0399932861328
2020-05-27,230.41000366210938,223.94000244140625,228.69000244140625,230.2899932861328,55665600.0,230.2899932861328
2020-05-28,233.47000122070312,229.0500030517578,229.11000061035156,229.99000549316406,42784300.0,229.99000549316406
2020-05-29,233.60000610351562,228.75999450683594,230.3800048828125,233.36000061035156,50878600.0,233.36000061035156
2020-06-01,234.4499969482422,232.0,232.4600067138672,234.05999755859375,25776000.0,234.05999755859375
2020-06-02,235.69000244140625,232.00999450683594,234.5,235.6300048828125,33383400.0,235.6300048828125
2020-06-03,237.47000122070312,235.35000610351562,236.25999450683594,236.69000244140625,37228700.0,236.69000244140625
2020-06-04,237.7899932861328,233.67999267578125,236.3300018310547,235.02999877929688,38716100.0,235.02999877929688
2020-06-05,240.3000030517578,235.6300048828125,236.22000122070312,239.69000244140625,47365600.0,239.69000244140625
2020-06-08,241.67999267578125,237.91000366210938,239.5399932861328,241.5500030517578,32937300.0,241.5500030517578
2020-06-09,244.17999267578125,240.47000122070312,240.66000366210938,243.3000030517578,35046300.0,243.3000030517578
2020-06-10,247.82000732421875,244.50999450683594,245.0500030517578,246.22000122070312,58084400.0,246.22000122070312
2020-06-11,243.58999633789062,233.9600067138672,242.16000366210938,234.02000427246094,72919400.0,234.02000427246094
2020-06-12,240.39999389648438,231.74000549316406,239.13999938964844,235.8800048828125,71903600.0,235.8800048828125
2020-06-15,239.4499969482422,231.47000122070312,232.44000244140625,238.75,45307400.0,238.75
2020-06-16,244.38999938964844,239.10000610351562,243.77999877929688,242.85000610351562,48890100.0,242.85000610351562
2020-06-17,245.5,242.72999572753906,244.39999389648438,243.6199951171875,34560100.0,243.6199951171875
2020-06-18,244.52999877929688,242.49000549316406,243.32000732421875,244.27999877929688,30470200.0,244.27999877929688
